{"type": "FeatureCollection", "features": [{"type": "Feature", "geometry": {"type": "Point", "coordinates": [72.5050806046919, 23.00685329064212]}, "properties": {"lst": 36.1, "ndvi": 0.29, "ndbi": -0.032, "risk": "High", "heat_zone": 2, "color": "#e67e22", "city": "Ahmedabad"}}, {"type": "Feature", "geometry": {"type": "Point", "coordinates": [72.62155585268643, 23.072670847732372]}, "properties": {"lst": 40.7, "ndvi": 0.148, "ndbi": -0.002, "risk": "Critical", "heat_zone": 3, "color": "#e74c3c", "city": "Ahmedabad"}}, {"type": "Feature", "geometry": {"type": "Point", "coordinates": [72.56477778615172, 23.008815628046367]}, "properties": {"lst": 36.06, "ndvi": 0.169, "ndbi": -0.014, "risk": "Moderate", "heat_zone": 1, "color": "#f1c40f", "city": "Ahmedabad"}}, {"type": "Feature", "geometry": {"type": "Point", "coordinates": [72.51809692035212, 23.03533240556045]}, "properties": {"lst": 35.86, "ndvi": 0.14, "ndbi": -0.016, "risk": "Moderate", "heat_zone": 1, "color": "#f1c40f", "city": "Ahmedabad"}}, {"type": "Feature", "geometry": {"type": "Point", "coordinates": [72.5643623166564, 23.063176204627283]}, "properties": {"lst": 38.69, "ndvi": 0.163, "ndbi": 0.011, "risk": "Critical", "heat_zone": 3, "color": "#e74c3c", "city": "Ahmedabad"}}, {"type": "Feature", "geometry": {"type": "Point", "coordinates": [72.61533280014481, 22.966625148568067]}, "properties": {"lst": 36.2, "ndvi": 0.142, "ndbi": 0.027, "risk": "Moderate", "heat_zone": 1, "color": "#f1c40f", "city": "Ahmedabad"}}, {"type": "Feature", "geometry": {"type": "Point", "coordinates": [72.62979763483028, 23.08688639214935]}, "properties": {"lst": 38.89, "ndvi": 0.216, "ndbi": 0.008, "risk": "Critical", "heat_zone": 3, "color": "#e74c3c", "city": "Ahmedabad"}}, {"type": "Feature", "geometry": {"type": "Point", "coordinates": [72.61235943001869, 23.071431100973868]}, "properties": {"lst": 34.86, "ndvi": 0.518, "ndbi": -0.165, "risk": "Low", "heat_zone": 0, "color": "#2ecc71", "city": "Ahmedabad"}}, {"type": "Feature", "geometry": {"type": "Point", "coordinates": [72.68674885406213, 23.080724152596407]}, "properties": {"lst": 37.69, "ndvi": 0.23, "ndbi": -0.023, "risk": "Moderate", "heat_zone": 1, "color": "#f1c40f", "city": "Ahmedabad"}}, {"type": "Feature", "geometry": {"type": "Point", "coordinates": [72.6224133225375, 23.0746239170791]}, "properties": {"lst": 40.2, "ndvi": 0.15, "ndbi": 0.047, "risk": "Critical", "heat_zone": 3, "color": "#e74c3c", "city": "Ahmedabad"}}, {"type": "Feature", "geometry": {"type": "Point", "coordinates": [72.58864356785806, 23.06954874358301]}, "properties": {"lst": 39.14, "ndvi": 0.135, "ndbi": 0.012, "risk": "Critical", "heat_zone": 3, "color": "#e74c3c", "city": "Ahmedabad"}}, {"type": "Feature", "geometry": {"type": "Point", "coordinates": [72.63618742512006, 23.064536177896237]}, "properties": {"lst": 37.92, "ndvi": 0.178, "ndbi": 0.049, "risk": "Critical", "heat_zone": 3, "color": "#e74c3c", "city": "Ahmedabad"}}, {"type": "Feature", "geometry": {"type": "Point", "coordinates": [72.54063823686616, 23.036075303153627]}, "properties": {"lst": 33.46, "ndvi": 0.44, "ndbi": -0.163, "risk": "Low", "heat_zone": 0, "color": "#2ecc71", "city": "Ahmedabad"}}, {"type": "Feature", "geometry": {"type": "Point", "coordinates": [72.66696634465134, 22.96645595259496]}, "properties": {"lst": 38.18, "ndvi": 0.35, "ndbi": -0.021, "risk": "High", "heat_zone": 2, "color": "#e67e22", "city": "Ahmedabad"}}, {"type": "Feature", "geometry": {"type": "Point", "coordinates": [72.53815142469979, 23.02833959040271]}, "properties": {"lst": 34.2, "ndvi": 0.248, "ndbi": -0.047, "risk": "Moderate", "heat_zone": 1, "color": "#f1c40f", "city": "Ahmedabad"}}, {"type": "Feature", "geometry": {"type": "Point", "coordinates": [72.57603186202711, 23.06664293665466]}, "properties": {"lst": 39.83, "ndvi": 0.129, "ndbi": 0.067, "risk": "Critical", "heat_zone": 3, "color": "#e74c3c", "city": "Ahmedabad"}}, {"type": "Feature", "geometry": {"type": "Point", "coordinates": [72.68911944283474, 23.00430545923205]}, "properties": {"lst": 36.83, "ndvi": 0.433, "ndbi": -0.061, "risk": "High", "heat_zone": 2, "color": "#e67e22", "city": "Ahmedabad"}}, {"type": "Feature", "geometry": {"type": "Point", "coordinates": [72.55558656891232, 23.095827646170942]}, "properties": {"lst": 36.45, "ndvi": 0.422, "ndbi": -0.093, "risk": "High", "heat_zone": 2, "color": "#e67e22", "city": "Ahmedabad"}}, {"type": "Feature", "geometry": {"type": "Point", "coordinates": [72.68965694475719, 23.097126682831203]}, "properties": {"lst": 37.18, "ndvi": 0.465, "ndbi": -0.067, "risk": "High", "heat_zone": 2, "color": "#e67e22", "city": "Ahmedabad"}}, {"type": "Feature", "geometry": {"type": "Point", "coordinates": [72.58473609013284, 22.99975857263252]}, "properties": {"lst": 36.5, "ndvi": 0.105, "ndbi": 0.022, "risk": "Moderate", "heat_zone": 1, "color": "#f1c40f", "city": "Ahmedabad"}}, {"type": "Feature", "geometry": {"type": "Point", "coordinates": [72.63791501337955, 22.97752657618597]}, "properties": {"lst": 40.06, "ndvi": 0.346, "ndbi": 0.018, "risk": "High", "heat_zone": 2, "color": "#e67e22", "city": "Ahmedabad"}}, {"type": "Feature", "geometry": {"type": "Point", "coordinates": [72.67949180539358, 23.11934445334113]}, "properties": {"lst": 38.93, "ndvi": 0.415, "ndbi": -0.039, "risk": "High", "heat_zone": 2, "color": "#e67e22", "city": "Ahmedabad"}}, {"type": "Feature", "geometry": {"type": "Point", "coordinates": [72.66712227072041, 22.953073456473447]}, "properties": {"lst": 35.96, "ndvi": 0.402, "ndbi": -0.008, "risk": "High", "heat_zone": 2, "color": "#e67e22", "city": "Ahmedabad"}}, {"type": "Feature", "geometry": {"type": "Point", "coordinates": [72.696724033199, 23.09448717644036]}, "properties": {"lst": 38.84, "ndvi": 0.31, "ndbi": 0.071, "risk": "Critical", "heat_zone": 3, "color": "#e74c3c", "city": "Ahmedabad"}}, {"type": "Feature", "geometry": {"type": "Point", "coordinates": [72.52372214786587, 23.14185780881684]}, "properties": {"lst": 36.92, "ndvi": 0.388, "ndbi": 0.039, "risk": "High", "heat_zone": 2, "color": "#e67e22", "city": "Ahmedabad"}}, {"type": "Feature", "geometry": {"type": "Point", "coordinates": [72.68278588912338, 23.05469440536519]}, "properties": {"lst": 37.07, "ndvi": 0.308, "ndbi": 0.003, "risk": "High", "heat_zone": 2, "color": "#e67e22", "city": "Ahmedabad"}}, {"type": "Feature", "geometry": {"type": "Point", "coordinates": [72.64922080475047, 23.04734984980063]}, "properties": {"lst": 36.54, "ndvi": 0.156, "ndbi": 0.012, "risk": "Moderate", "heat_zone": 1, "color": "#f1c40f", "city": "Ahmedabad"}}, {"type": "Feature", "geometry": {"type": "Point", "coordinates": [72.51078499454094, 23.061366386365705]}, "properties": {"lst": 37.1, "ndvi": 0.319, "ndbi": -0.07, "risk": "High", "heat_zone": 2, "color": "#e67e22", "city": "Ahmedabad"}}, {"type": "Feature", "geometry": {"type": "Point", "coordinates": [72.69012373738741, 23.07727017121908]}, "properties": {"lst": 39.64, "ndvi": 0.282, "ndbi": 0.053, "risk": "Critical", "heat_zone": 3, "color": "#e74c3c", "city": "Ahmedabad"}}, {"type": "Feature", "geometry": {"type": "Point", "coordinates": [72.69618872743945, 23.098955628085044]}, "properties": {"lst": 36.48, "ndvi": 0.407, "ndbi": -0.02, "risk": "High", "heat_zone": 2, "color": "#e67e22", "city": "Ahmedabad"}}, {"type": "Feature", "geometry": {"type": "Point", "coordinates": [72.59842265976741, 23.00831393052432]}, "properties": {"lst": 36.24, "ndvi": 0.391, "ndbi": -0.126, "risk": "Low", "heat_zone": 0, "color": "#2ecc71", "city": "Ahmedabad"}}, {"type": "Feature", "geometry": {"type": "Point", "coordinates": [72.65676312215089, 23.046707517654536]}, "properties": {"lst": 37.63, "ndvi": 0.091, "ndbi": 0.009, "risk": "Moderate", "heat_zone": 1, "color": "#f1c40f", "city": "Ahmedabad"}}, {"type": "Feature", "geometry": {"type": "Point", "coordinates": [72.52820127025026, 23.012120134743054]}, "properties": {"lst": 34.93, "ndvi": 0.212, "ndbi": -0.048, "risk": "Moderate", "heat_zone": 1, "color": "#f1c40f", "city": "Ahmedabad"}}, {"type": "Feature", "geometry": {"type": "Point", "coordinates": [72.67414120214708, 23.090854037396245]}, "properties": {"lst": 41.82, "ndvi": 0.114, "ndbi": 0.095, "risk": "Critical", "heat_zone": 3, "color": "#e74c3c", "city": "Ahmedabad"}}, {"type": "Feature", "geometry": {"type": "Point", "coordinates": [72.67613062115907, 23.06044788149174]}, "properties": {"lst": 38.94, "ndvi": 0.19, "ndbi": 0.052, "risk": "Critical", "heat_zone": 3, "color": "#e74c3c", "city": "Ahmedabad"}}, {"type": "Feature", "geometry": {"type": "Point", "coordinates": [72.53305115291067, 23.09409537494692]}, "properties": {"lst": 38.0, "ndvi": 0.276, "ndbi": 0.03, "risk": "Critical", "heat_zone": 3, "color": "#e74c3c", "city": "Ahmedabad"}}, {"type": "Feature", "geometry": {"type": "Point", "coordinates": [72.5296833967736, 23.08630360346724]}, "properties": {"lst": 37.59, "ndvi": 0.447, "ndbi": -0.121, "risk": "Low", "heat_zone": 0, "color": "#2ecc71", "city": "Ahmedabad"}}, {"type": "Feature", "geometry": {"type": "Point", "coordinates": [72.68443916761463, 22.998185560241968]}, "properties": {"lst": 39.22, "ndvi": 0.439, "ndbi": -0.077, "risk": "High", "heat_zone": 2, "color": "#e67e22", "city": "Ahmedabad"}}, {"type": "Feature", "geometry": {"type": "Point", "coordinates": [72.65673491464685, 23.12978354480491]}, "properties": {"lst": 38.95, "ndvi": 0.421, "ndbi": -0.007, "risk": "High", "heat_zone": 2, "color": "#e67e22", "city": "Ahmedabad"}}, {"type": "Feature", "geometry": {"type": "Point", "coordinates": [72.6462383384603, 23.127693821643245]}, "properties": {"lst": 32.86, "ndvi": 0.11, "ndbi": -0.078, "risk": "Moderate", "heat_zone": 1, "color": "#f1c40f", "city": "Ahmedabad"}}, {"type": "Feature", "geometry": {"type": "Point", "coordinates": [72.66973287690199, 23.094252840527087]}, "properties": {"lst": 40.38, "ndvi": 0.225, "ndbi": 0.049, "risk": "Critical", "heat_zone": 3, "color": "#e74c3c", "city": "Ahmedabad"}}, {"type": "Feature", "geometry": {"type": "Point", "coordinates": [72.63584546103377, 22.95100546536146]}, "properties": {"lst": 41.63, "ndvi": 0.297, "ndbi": 0.084, "risk": "Critical", "heat_zone": 3, "color": "#e74c3c", "city": "Ahmedabad"}}, {"type": "Feature", "geometry": {"type": "Point", "coordinates": [72.51051548061221, 22.98283030044204]}, "properties": {"lst": 39.1, "ndvi": 0.186, "ndbi": 0.041, "risk": "Critical", "heat_zone": 3, "color": "#e74c3c", "city": "Ahmedabad"}}, {"type": "Feature", "geometry": {"type": "Point", "coordinates": [72.58404232772574, 23.0483520256662]}, "properties": {"lst": 37.84, "ndvi": 0.146, "ndbi": 0.024, "risk": "Moderate", "heat_zone": 1, "color": "#f1c40f", "city": "Ahmedabad"}}, {"type": "Feature", "geometry": {"type": "Point", "coordinates": [72.54471015188119, 22.9581601440598]}, "properties": {"lst": 39.64, "ndvi": 0.285, "ndbi": 0.047, "risk": "Critical", "heat_zone": 3, "color": "#e74c3c", "city": "Ahmedabad"}}, {"type": "Feature", "geometry": {"type": "Point", "coordinates": [72.54866561490287, 23.02301410230065]}, "properties": {"lst": 34.89, "ndvi": 0.25, "ndbi": -0.059, "risk": "Moderate", "heat_zone": 1, "color": "#f1c40f", "city": "Ahmedabad"}}, {"type": "Feature", "geometry": {"type": "Point", "coordinates": [72.66451684985128, 23.03304120792414]}, "properties": {"lst": 41.59, "ndvi": 0.131, "ndbi": 0.063, "risk": "Critical", "heat_zone": 3, "color": "#e74c3c", "city": "Ahmedabad"}}, {"type": "Feature", "geometry": {"type": "Point", "coordinates": [72.60774118490603, 23.06557184657599]}, "properties": {"lst": 34.68, "ndvi": 0.554, "ndbi": -0.239, "risk": "Low", "heat_zone": 0, "color": "#2ecc71", "city": "Ahmedabad"}}, {"type": "Feature", "geometry": {"type": "Point", "coordinates": [72.59337471685785, 23.00393258651009]}, "properties": {"lst": 35.42, "ndvi": 0.217, "ndbi": -0.049, "risk": "Moderate", "heat_zone": 1, "color": "#f1c40f", "city": "Ahmedabad"}}, {"type": "Feature", "geometry": {"type": "Point", "coordinates": [72.5700479213988, 23.109990163989742]}, "properties": {"lst": 36.58, "ndvi": 0.122, "ndbi": 0.025, "risk": "Moderate", "heat_zone": 1, "color": "#f1c40f", "city": "Ahmedabad"}}, {"type": "Feature", "geometry": {"type": "Point", "coordinates": [72.54814359183779, 23.03343420101373]}, "properties": {"lst": 36.51, "ndvi": 0.348, "ndbi": -0.155, "risk": "Low", "heat_zone": 0, "color": "#2ecc71", "city": "Ahmedabad"}}, {"type": "Feature", "geometry": {"type": "Point", "coordinates": [72.68090814267666, 23.04218887702641]}, "properties": {"lst": 41.1, "ndvi": 0.167, "ndbi": 0.003, "risk": "Critical", "heat_zone": 3, "color": "#e74c3c", "city": "Ahmedabad"}}, {"type": "Feature", "geometry": {"type": "Point", "coordinates": [72.6608095858732, 23.09007239850424]}, "properties": {"lst": 37.44, "ndvi": 0.458, "ndbi": -0.119, "risk": "Low", "heat_zone": 0, "color": "#2ecc71", "city": "Ahmedabad"}}, {"type": "Feature", "geometry": {"type": "Point", "coordinates": [72.69113619707036, 23.13149229895176]}, "properties": {"lst": 38.98, "ndvi": 0.291, "ndbi": 0.07, "risk": "Critical", "heat_zone": 3, "color": "#e74c3c", "city": "Ahmedabad"}}, {"type": "Feature", "geometry": {"type": "Point", "coordinates": [72.58030678776457, 23.102969780173108]}, "properties": {"lst": 39.19, "ndvi": 0.244, "ndbi": 0.03, "risk": "Critical", "heat_zone": 3, "color": "#e74c3c", "city": "Ahmedabad"}}, {"type": "Feature", "geometry": {"type": "Point", "coordinates": [72.67656304451573, 23.045944241273045]}, "properties": {"lst": 38.41, "ndvi": 0.161, "ndbi": 0.029, "risk": "Critical", "heat_zone": 3, "color": "#e74c3c", "city": "Ahmedabad"}}, {"type": "Feature", "geometry": {"type": "Point", "coordinates": [72.64082640712415, 23.139504913102307]}, "properties": {"lst": 37.56, "ndvi": 0.56, "ndbi": -0.169, "risk": "Low", "heat_zone": 0, "color": "#2ecc71", "city": "Ahmedabad"}}, {"type": "Feature", "geometry": {"type": "Point", "coordinates": [72.53399992584225, 23.03258539792745]}, "properties": {"lst": 34.58, "ndvi": 0.393, "ndbi": -0.121, "risk": "Low", "heat_zone": 0, "color": "#2ecc71", "city": "Ahmedabad"}}, {"type": "Feature", "geometry": {"type": "Point", "coordinates": [72.64846241442204, 23.09675467850259]}, "properties": {"lst": 33.72, "ndvi": 0.627, "ndbi": -0.208, "risk": "Low", "heat_zone": 0, "color": "#2ecc71", "city": "Ahmedabad"}}, {"type": "Feature", "geometry": {"type": "Point", "coordinates": [72.58418405943095, 23.105792428567387]}, "properties": {"lst": 36.05, "ndvi": 0.132, "ndbi": 0.019, "risk": "Moderate", "heat_zone": 1, "color": "#f1c40f", "city": "Ahmedabad"}}, {"type": "Feature", "geometry": {"type": "Point", "coordinates": [72.63575692890815, 23.07575963095052]}, "properties": {"lst": 39.5, "ndvi": 0.228, "ndbi": 0.024, "risk": "Critical", "heat_zone": 3, "color": "#e74c3c", "city": "Ahmedabad"}}, {"type": "Feature", "geometry": {"type": "Point", "coordinates": [72.52138808224223, 22.957334473617003]}, "properties": {"lst": 38.39, "ndvi": 0.256, "ndbi": 0.077, "risk": "Critical", "heat_zone": 3, "color": "#e74c3c", "city": "Ahmedabad"}}, {"type": "Feature", "geometry": {"type": "Point", "coordinates": [72.65994593950823, 23.101451048560936]}, "properties": {"lst": 38.82, "ndvi": 0.217, "ndbi": 0.062, "risk": "Critical", "heat_zone": 3, "color": "#e74c3c", "city": "Ahmedabad"}}, {"type": "Feature", "geometry": {"type": "Point", "coordinates": [72.64635571392206, 23.074429357603613]}, "properties": {"lst": 38.23, "ndvi": 0.295, "ndbi": -0.023, "risk": "High", "heat_zone": 2, "color": "#e67e22", "city": "Ahmedabad"}}, {"type": "Feature", "geometry": {"type": "Point", "coordinates": [72.53277358834863, 22.976549506859836]}, "properties": {"lst": 32.5, "ndvi": 0.524, "ndbi": -0.18, "risk": "Low", "heat_zone": 0, "color": "#2ecc71", "city": "Ahmedabad"}}, {"type": "Feature", "geometry": {"type": "Point", "coordinates": [72.59649950929482, 22.99710495138647]}, "properties": {"lst": 35.52, "ndvi": 0.092, "ndbi": 0.02, "risk": "Moderate", "heat_zone": 1, "color": "#f1c40f", "city": "Ahmedabad"}}, {"type": "Feature", "geometry": {"type": "Point", "coordinates": [72.54656481887041, 23.013616558611552]}, "properties": {"lst": 35.48, "ndvi": 0.141, "ndbi": 0.011, "risk": "Moderate", "heat_zone": 1, "color": "#f1c40f", "city": "Ahmedabad"}}, {"type": "Feature", "geometry": {"type": "Point", "coordinates": [72.5569967839084, 22.98730248399599]}, "properties": {"lst": 35.37, "ndvi": 0.514, "ndbi": -0.136, "risk": "Low", "heat_zone": 0, "color": "#2ecc71", "city": "Ahmedabad"}}, {"type": "Feature", "geometry": {"type": "Point", "coordinates": [72.58346557899544, 23.02375555953164]}, "properties": {"lst": 37.15, "ndvi": 0.093, "ndbi": 0.085, "risk": "Moderate", "heat_zone": 1, "color": "#f1c40f", "city": "Ahmedabad"}}, {"type": "Feature", "geometry": {"type": "Point", "coordinates": [72.69854702380955, 22.98849004260977]}, "properties": {"lst": 38.31, "ndvi": 0.325, "ndbi": -0.002, "risk": "High", "heat_zone": 2, "color": "#e67e22", "city": "Ahmedabad"}}, {"type": "Feature", "geometry": {"type": "Point", "coordinates": [72.60341967774457, 23.051973794193056]}, "properties": {"lst": 37.88, "ndvi": 0.217, "ndbi": 0.009, "risk": "Moderate", "heat_zone": 1, "color": "#f1c40f", "city": "Ahmedabad"}}, {"type": "Feature", "geometry": {"type": "Point", "coordinates": [72.65365588590505, 23.004908073020125]}, "properties": {"lst": 38.75, "ndvi": 0.112, "ndbi": 0.025, "risk": "Critical", "heat_zone": 3, "color": "#e74c3c", "city": "Ahmedabad"}}, {"type": "Feature", "geometry": {"type": "Point", "coordinates": [72.6667034583749, 23.12801203390832]}, "properties": {"lst": 35.83, "ndvi": 0.312, "ndbi": -0.016, "risk": "High", "heat_zone": 2, "color": "#e67e22", "city": "Ahmedabad"}}, {"type": "Feature", "geometry": {"type": "Point", "coordinates": [72.64850673705877, 22.97771255240052]}, "properties": {"lst": 39.66, "ndvi": 0.22, "ndbi": 0.056, "risk": "Critical", "heat_zone": 3, "color": "#e74c3c", "city": "Ahmedabad"}}, {"type": "Feature", "geometry": {"type": "Point", "coordinates": [72.68330375376348, 23.02619386095536]}, "properties": {"lst": 40.68, "ndvi": 0.151, "ndbi": 0.023, "risk": "Critical", "heat_zone": 3, "color": "#e74c3c", "city": "Ahmedabad"}}, {"type": "Feature", "geometry": {"type": "Point", "coordinates": [72.52019478307503, 23.010061568139548]}, "properties": {"lst": 36.03, "ndvi": 0.227, "ndbi": -0.025, "risk": "Moderate", "heat_zone": 1, "color": "#f1c40f", "city": "Ahmedabad"}}, {"type": "Feature", "geometry": {"type": "Point", "coordinates": [72.6452430453726, 23.10787268384668]}, "properties": {"lst": 38.34, "ndvi": 0.618, "ndbi": -0.197, "risk": "Low", "heat_zone": 0, "color": "#2ecc71", "city": "Ahmedabad"}}, {"type": "Feature", "geometry": {"type": "Point", "coordinates": [72.50566166691485, 23.137224390539583]}, "properties": {"lst": 38.27, "ndvi": 0.32, "ndbi": 0.082, "risk": "Critical", "heat_zone": 3, "color": "#e74c3c", "city": "Ahmedabad"}}, {"type": "Feature", "geometry": {"type": "Point", "coordinates": [72.68714983375045, 22.99639040582682]}, "properties": {"lst": 37.26, "ndvi": 0.45, "ndbi": -0.083, "risk": "High", "heat_zone": 2, "color": "#e67e22", "city": "Ahmedabad"}}, {"type": "Feature", "geometry": {"type": "Point", "coordinates": [72.57034258952159, 23.061809579199977]}, "properties": {"lst": 35.98, "ndvi": 0.161, "ndbi": -0.028, "risk": "Moderate", "heat_zone": 1, "color": "#f1c40f", "city": "Ahmedabad"}}, {"type": "Feature", "geometry": {"type": "Point", "coordinates": [72.69660147250286, 22.966601770052463]}, "properties": {"lst": 38.22, "ndvi": 0.349, "ndbi": 0.079, "risk": "High", "heat_zone": 2, "color": "#e67e22", "city": "Ahmedabad"}}, {"type": "Feature", "geometry": {"type": "Point", "coordinates": [72.6311450936218, 23.12738241030924]}, "properties": {"lst": 37.04, "ndvi": 0.63, "ndbi": -0.255, "risk": "Low", "heat_zone": 0, "color": "#2ecc71", "city": "Ahmedabad"}}, {"type": "Feature", "geometry": {"type": "Point", "coordinates": [72.64711283790334, 22.97081264298589]}, "properties": {"lst": 43.44, "ndvi": 0.215, "ndbi": 0.021, "risk": "Critical", "heat_zone": 3, "color": "#e74c3c", "city": "Ahmedabad"}}, {"type": "Feature", "geometry": {"type": "Point", "coordinates": [72.61013796559564, 23.032432826800672]}, "properties": {"lst": 36.88, "ndvi": 0.185, "ndbi": -0.018, "risk": "Moderate", "heat_zone": 1, "color": "#f1c40f", "city": "Ahmedabad"}}, {"type": "Feature", "geometry": {"type": "Point", "coordinates": [72.55670215219604, 23.118194991551583]}, "properties": {"lst": 37.04, "ndvi": 0.146, "ndbi": -0.011, "risk": "Moderate", "heat_zone": 1, "color": "#f1c40f", "city": "Ahmedabad"}}, {"type": "Feature", "geometry": {"type": "Point", "coordinates": [72.63670686100593, 22.985500574317324]}, "properties": {"lst": 40.7, "ndvi": 0.148, "ndbi": 0.043, "risk": "Critical", "heat_zone": 3, "color": "#e74c3c", "city": "Ahmedabad"}}, {"type": "Feature", "geometry": {"type": "Point", "coordinates": [72.53676128427853, 23.116222367357768]}, "properties": {"lst": 39.64, "ndvi": 0.23, "ndbi": -0.015, "risk": "Critical", "heat_zone": 3, "color": "#e74c3c", "city": "Ahmedabad"}}, {"type": "Feature", "geometry": {"type": "Point", "coordinates": [72.52781193482376, 23.121801305756875]}, "properties": {"lst": 36.87, "ndvi": 0.43, "ndbi": -0.072, "risk": "High", "heat_zone": 2, "color": "#e67e22", "city": "Ahmedabad"}}, {"type": "Feature", "geometry": {"type": "Point", "coordinates": [72.5410199075329, 23.000721960304737]}, "properties": {"lst": 37.21, "ndvi": 0.131, "ndbi": -0.0, "risk": "Moderate", "heat_zone": 1, "color": "#f1c40f", "city": "Ahmedabad"}}, {"type": "Feature", "geometry": {"type": "Point", "coordinates": [72.68028476332628, 23.144827948174783]}, "properties": {"lst": 36.35, "ndvi": 0.37, "ndbi": 0.011, "risk": "High", "heat_zone": 2, "color": "#e67e22", "city": "Ahmedabad"}}, {"type": "Feature", "geometry": {"type": "Point", "coordinates": [72.55702482451252, 23.071439972210783]}, "properties": {"lst": 36.77, "ndvi": 0.134, "ndbi": -0.019, "risk": "Moderate", "heat_zone": 1, "color": "#f1c40f", "city": "Ahmedabad"}}, {"type": "Feature", "geometry": {"type": "Point", "coordinates": [72.64837051688461, 23.00340813512908]}, "properties": {"lst": 37.82, "ndvi": 0.178, "ndbi": 0.081, "risk": "Critical", "heat_zone": 3, "color": "#e74c3c", "city": "Ahmedabad"}}, {"type": "Feature", "geometry": {"type": "Point", "coordinates": [72.62645238173758, 22.961431811075418]}, "properties": {"lst": 38.46, "ndvi": 0.159, "ndbi": 0.039, "risk": "Critical", "heat_zone": 3, "color": "#e74c3c", "city": "Ahmedabad"}}, {"type": "Feature", "geometry": {"type": "Point", "coordinates": [72.69185198994634, 23.017699822552924]}, "properties": {"lst": 37.09, "ndvi": 0.362, "ndbi": -0.04, "risk": "High", "heat_zone": 2, "color": "#e67e22", "city": "Ahmedabad"}}, {"type": "Feature", "geometry": {"type": "Point", "coordinates": [72.50683120511573, 23.120610231806392]}, "properties": {"lst": 41.68, "ndvi": 0.162, "ndbi": 0.056, "risk": "Critical", "heat_zone": 3, "color": "#e74c3c", "city": "Ahmedabad"}}, {"type": "Feature", "geometry": {"type": "Point", "coordinates": [72.62311661840873, 22.984899389596475]}, "properties": {"lst": 35.79, "ndvi": 0.193, "ndbi": -0.029, "risk": "Moderate", "heat_zone": 1, "color": "#f1c40f", "city": "Ahmedabad"}}, {"type": "Feature", "geometry": {"type": "Point", "coordinates": [72.53717178893419, 23.14004002633083]}, "properties": {"lst": 36.8, "ndvi": 0.399, "ndbi": -0.067, "risk": "High", "heat_zone": 2, "color": "#e67e22", "city": "Ahmedabad"}}, {"type": "Feature", "geometry": {"type": "Point", "coordinates": [72.6890473344728, 23.049535016311594]}, "properties": {"lst": 39.16, "ndvi": 0.312, "ndbi": 0.046, "risk": "Critical", "heat_zone": 3, "color": "#e74c3c", "city": "Ahmedabad"}}, {"type": "Feature", "geometry": {"type": "Point", "coordinates": [72.5887880881801, 23.000884624190736]}, "properties": {"lst": 36.91, "ndvi": 0.131, "ndbi": 0.006, "risk": "Moderate", "heat_zone": 1, "color": "#f1c40f", "city": "Ahmedabad"}}, {"type": "Feature", "geometry": {"type": "Point", "coordinates": [72.56414703007948, 23.035243444576764]}, "properties": {"lst": 37.21, "ndvi": 0.14, "ndbi": -0.028, "risk": "Moderate", "heat_zone": 1, "color": "#f1c40f", "city": "Ahmedabad"}}, {"type": "Feature", "geometry": {"type": "Point", "coordinates": [72.6568999179582, 23.0602062219088]}, "properties": {"lst": 37.76, "ndvi": 0.228, "ndbi": -0.03, "risk": "Moderate", "heat_zone": 1, "color": "#f1c40f", "city": "Ahmedabad"}}, {"type": "Feature", "geometry": {"type": "Point", "coordinates": [72.64416233993092, 23.048355083881432]}, "properties": {"lst": 37.4, "ndvi": 0.276, "ndbi": -0.057, "risk": "High", "heat_zone": 2, "color": "#e67e22", "city": "Ahmedabad"}}, {"type": "Feature", "geometry": {"type": "Point", "coordinates": [72.58985505882156, 23.127712627211316]}, "properties": {"lst": 37.93, "ndvi": 0.282, "ndbi": 0.07, "risk": "Critical", "heat_zone": 3, "color": "#e74c3c", "city": "Ahmedabad"}}, {"type": "Feature", "geometry": {"type": "Point", "coordinates": [72.68750053803583, 23.033286665101887]}, "properties": {"lst": 42.61, "ndvi": 0.169, "ndbi": 0.028, "risk": "Critical", "heat_zone": 3, "color": "#e74c3c", "city": "Ahmedabad"}}, {"type": "Feature", "geometry": {"type": "Point", "coordinates": [72.57457832202859, 23.07724190924353]}, "properties": {"lst": 36.11, "ndvi": 0.128, "ndbi": 0.014, "risk": "Moderate", "heat_zone": 1, "color": "#f1c40f", "city": "Ahmedabad"}}, {"type": "Feature", "geometry": {"type": "Point", "coordinates": [72.53699663321527, 23.08798588839326]}, "properties": {"lst": 39.14, "ndvi": 0.267, "ndbi": -0.01, "risk": "Critical", "heat_zone": 3, "color": "#e74c3c", "city": "Ahmedabad"}}, {"type": "Feature", "geometry": {"type": "Point", "coordinates": [72.52173053619914, 22.991508971205803]}, "properties": {"lst": 38.31, "ndvi": 0.201, "ndbi": 0.024, "risk": "Critical", "heat_zone": 3, "color": "#e74c3c", "city": "Ahmedabad"}}, {"type": "Feature", "geometry": {"type": "Point", "coordinates": [72.5830571627509, 23.12352361091501]}, "properties": {"lst": 37.94, "ndvi": 0.298, "ndbi": -0.088, "risk": "High", "heat_zone": 2, "color": "#e67e22", "city": "Ahmedabad"}}, {"type": "Feature", "geometry": {"type": "Point", "coordinates": [72.53602225369968, 23.05663361428911]}, "properties": {"lst": 37.38, "ndvi": 0.109, "ndbi": 0.001, "risk": "Moderate", "heat_zone": 1, "color": "#f1c40f", "city": "Ahmedabad"}}, {"type": "Feature", "geometry": {"type": "Point", "coordinates": [72.67298132258604, 23.11247395227535]}, "properties": {"lst": 39.05, "ndvi": 0.343, "ndbi": 0.015, "risk": "High", "heat_zone": 2, "color": "#e67e22", "city": "Ahmedabad"}}, {"type": "Feature", "geometry": {"type": "Point", "coordinates": [72.51587830574421, 23.146884234358364]}, "properties": {"lst": 36.96, "ndvi": 0.265, "ndbi": 0.111, "risk": "Critical", "heat_zone": 3, "color": "#e74c3c", "city": "Ahmedabad"}}, {"type": "Feature", "geometry": {"type": "Point", "coordinates": [72.60893750196789, 22.990376666432223]}, "properties": {"lst": 38.28, "ndvi": 0.176, "ndbi": 0.036, "risk": "Critical", "heat_zone": 3, "color": "#e74c3c", "city": "Ahmedabad"}}, {"type": "Feature", "geometry": {"type": "Point", "coordinates": [72.57889814958308, 23.13862360570444]}, "properties": {"lst": 40.72, "ndvi": 0.176, "ndbi": 0.092, "risk": "Critical", "heat_zone": 3, "color": "#e74c3c", "city": "Ahmedabad"}}, {"type": "Feature", "geometry": {"type": "Point", "coordinates": [72.65033036794867, 23.085445631492014]}, "properties": {"lst": 37.71, "ndvi": 0.358, "ndbi": -0.099, "risk": "High", "heat_zone": 2, "color": "#e67e22", "city": "Ahmedabad"}}, {"type": "Feature", "geometry": {"type": "Point", "coordinates": [72.65016498656078, 22.99467803260197]}, "properties": {"lst": 37.36, "ndvi": 0.146, "ndbi": 0.019, "risk": "Moderate", "heat_zone": 1, "color": "#f1c40f", "city": "Ahmedabad"}}, {"type": "Feature", "geometry": {"type": "Point", "coordinates": [72.5111592609533, 23.040117475129616]}, "properties": {"lst": 36.54, "ndvi": 0.46, "ndbi": -0.137, "risk": "Low", "heat_zone": 0, "color": "#2ecc71", "city": "Ahmedabad"}}, {"type": "Feature", "geometry": {"type": "Point", "coordinates": [72.5719803854137, 22.99267834238441]}, "properties": {"lst": 43.14, "ndvi": 0.179, "ndbi": 0.083, "risk": "Critical", "heat_zone": 3, "color": "#e74c3c", "city": "Ahmedabad"}}, {"type": "Feature", "geometry": {"type": "Point", "coordinates": [72.50470657770377, 22.958713460545702]}, "properties": {"lst": 34.18, "ndvi": 0.492, "ndbi": -0.108, "risk": "Low", "heat_zone": 0, "color": "#2ecc71", "city": "Ahmedabad"}}, {"type": "Feature", "geometry": {"type": "Point", "coordinates": [72.65949798424555, 22.955920364953805]}, "properties": {"lst": 36.44, "ndvi": 0.162, "ndbi": -0.031, "risk": "Moderate", "heat_zone": 1, "color": "#f1c40f", "city": "Ahmedabad"}}, {"type": "Feature", "geometry": {"type": "Point", "coordinates": [72.59424800839226, 23.12401733774476]}, "properties": {"lst": 39.94, "ndvi": 0.365, "ndbi": 0.023, "risk": "High", "heat_zone": 2, "color": "#e67e22", "city": "Ahmedabad"}}, {"type": "Feature", "geometry": {"type": "Point", "coordinates": [72.54844420058633, 23.12533138332649]}, "properties": {"lst": 38.07, "ndvi": 0.332, "ndbi": 0.022, "risk": "High", "heat_zone": 2, "color": "#e67e22", "city": "Ahmedabad"}}, {"type": "Feature", "geometry": {"type": "Point", "coordinates": [72.69825713468063, 23.049332205550524]}, "properties": {"lst": 39.07, "ndvi": 0.408, "ndbi": -0.013, "risk": "High", "heat_zone": 2, "color": "#e67e22", "city": "Ahmedabad"}}, {"type": "Feature", "geometry": {"type": "Point", "coordinates": [72.65345193586158, 23.132438676796003]}, "properties": {"lst": 40.17, "ndvi": 0.464, "ndbi": -0.068, "risk": "High", "heat_zone": 2, "color": "#e67e22", "city": "Ahmedabad"}}, {"type": "Feature", "geometry": {"type": "Point", "coordinates": [72.64400865297297, 23.06825609606318]}, "properties": {"lst": 37.7, "ndvi": 0.115, "ndbi": 0.054, "risk": "Moderate", "heat_zone": 1, "color": "#f1c40f", "city": "Ahmedabad"}}, {"type": "Feature", "geometry": {"type": "Point", "coordinates": [72.53590476238837, 23.075437740139275]}, "properties": {"lst": 37.41, "ndvi": 0.128, "ndbi": 0.029, "risk": "Moderate", "heat_zone": 1, "color": "#f1c40f", "city": "Ahmedabad"}}, {"type": "Feature", "geometry": {"type": "Point", "coordinates": [72.51372011979456, 23.065760636454083]}, "properties": {"lst": 37.88, "ndvi": 0.258, "ndbi": -0.018, "risk": "Moderate", "heat_zone": 1, "color": "#f1c40f", "city": "Ahmedabad"}}, {"type": "Feature", "geometry": {"type": "Point", "coordinates": [72.60317818216208, 23.06368170049049]}, "properties": {"lst": 40.03, "ndvi": 0.318, "ndbi": 0.08, "risk": "Critical", "heat_zone": 3, "color": "#e74c3c", "city": "Ahmedabad"}}, {"type": "Feature", "geometry": {"type": "Point", "coordinates": [72.5179964079505, 23.132833712188145]}, "properties": {"lst": 37.55, "ndvi": 0.298, "ndbi": -0.006, "risk": "High", "heat_zone": 2, "color": "#e67e22", "city": "Ahmedabad"}}, {"type": "Feature", "geometry": {"type": "Point", "coordinates": [72.69113744232152, 22.99274474637428]}, "properties": {"lst": 38.01, "ndvi": 0.329, "ndbi": 0.049, "risk": "High", "heat_zone": 2, "color": "#e67e22", "city": "Ahmedabad"}}, {"type": "Feature", "geometry": {"type": "Point", "coordinates": [72.66774744727456, 23.135752783028146]}, "properties": {"lst": 35.35, "ndvi": 0.468, "ndbi": -0.053, "risk": "Low", "heat_zone": 0, "color": "#2ecc71", "city": "Ahmedabad"}}, {"type": "Feature", "geometry": {"type": "Point", "coordinates": [72.5139836456081, 23.073703045946896]}, "properties": {"lst": 37.78, "ndvi": 0.11, "ndbi": 0.003, "risk": "Moderate", "heat_zone": 1, "color": "#f1c40f", "city": "Ahmedabad"}}, {"type": "Feature", "geometry": {"type": "Point", "coordinates": [72.68510964564443, 23.05229422541731]}, "properties": {"lst": 37.43, "ndvi": 0.239, "ndbi": -0.003, "risk": "Moderate", "heat_zone": 1, "color": "#f1c40f", "city": "Ahmedabad"}}, {"type": "Feature", "geometry": {"type": "Point", "coordinates": [72.50412837252352, 22.951084774322155]}, "properties": {"lst": 38.68, "ndvi": 0.146, "ndbi": 0.019, "risk": "Critical", "heat_zone": 3, "color": "#e74c3c", "city": "Ahmedabad"}}, {"type": "Feature", "geometry": {"type": "Point", "coordinates": [72.58700651024716, 23.01484839510692]}, "properties": {"lst": 36.7, "ndvi": 0.106, "ndbi": 0.04, "risk": "Moderate", "heat_zone": 1, "color": "#f1c40f", "city": "Ahmedabad"}}, {"type": "Feature", "geometry": {"type": "Point", "coordinates": [72.640707976392, 23.036179912568485]}, "properties": {"lst": 37.69, "ndvi": 0.147, "ndbi": 0.04, "risk": "Moderate", "heat_zone": 1, "color": "#f1c40f", "city": "Ahmedabad"}}, {"type": "Feature", "geometry": {"type": "Point", "coordinates": [72.64082002999763, 23.037792083279506]}, "properties": {"lst": 37.77, "ndvi": 0.112, "ndbi": 0.022, "risk": "Moderate", "heat_zone": 1, "color": "#f1c40f", "city": "Ahmedabad"}}, {"type": "Feature", "geometry": {"type": "Point", "coordinates": [72.61407729687465, 23.011009238106517]}, "properties": {"lst": 40.48, "ndvi": 0.198, "ndbi": 0.017, "risk": "Critical", "heat_zone": 3, "color": "#e74c3c", "city": "Ahmedabad"}}, {"type": "Feature", "geometry": {"type": "Point", "coordinates": [72.62938783688023, 22.974063222143617]}, "properties": {"lst": 39.95, "ndvi": 0.15, "ndbi": 0.03, "risk": "Critical", "heat_zone": 3, "color": "#e74c3c", "city": "Ahmedabad"}}, {"type": "Feature", "geometry": {"type": "Point", "coordinates": [72.60592175088625, 23.09776260621573]}, "properties": {"lst": 35.11, "ndvi": 0.086, "ndbi": -0.122, "risk": "Moderate", "heat_zone": 1, "color": "#f1c40f", "city": "Ahmedabad"}}, {"type": "Feature", "geometry": {"type": "Point", "coordinates": [72.66979960543189, 23.085637742819937]}, "properties": {"lst": 39.99, "ndvi": 0.367, "ndbi": 0.096, "risk": "Critical", "heat_zone": 3, "color": "#e74c3c", "city": "Ahmedabad"}}, {"type": "Feature", "geometry": {"type": "Point", "coordinates": [72.52951027906443, 23.11566455785277]}, "properties": {"lst": 37.14, "ndvi": 0.352, "ndbi": 0.014, "risk": "High", "heat_zone": 2, "color": "#e67e22", "city": "Ahmedabad"}}, {"type": "Feature", "geometry": {"type": "Point", "coordinates": [72.53011712608469, 23.02786677066067]}, "properties": {"lst": 35.8, "ndvi": 0.23, "ndbi": -0.049, "risk": "Moderate", "heat_zone": 1, "color": "#f1c40f", "city": "Ahmedabad"}}, {"type": "Feature", "geometry": {"type": "Point", "coordinates": [72.61259910387236, 22.98324737251516]}, "properties": {"lst": 36.41, "ndvi": 0.219, "ndbi": -0.015, "risk": "Moderate", "heat_zone": 1, "color": "#f1c40f", "city": "Ahmedabad"}}, {"type": "Feature", "geometry": {"type": "Point", "coordinates": [72.56159313202603, 23.034958974855577]}, "properties": {"lst": 35.79, "ndvi": 0.238, "ndbi": -0.03, "risk": "Moderate", "heat_zone": 1, "color": "#f1c40f", "city": "Ahmedabad"}}, {"type": "Feature", "geometry": {"type": "Point", "coordinates": [72.6333137342332, 23.133034734958976]}, "properties": {"lst": 38.15, "ndvi": 0.358, "ndbi": -0.042, "risk": "High", "heat_zone": 2, "color": "#e67e22", "city": "Ahmedabad"}}, {"type": "Feature", "geometry": {"type": "Point", "coordinates": [72.58803451402159, 23.00769951461378]}, "properties": {"lst": 40.16, "ndvi": 0.162, "ndbi": 0.043, "risk": "Critical", "heat_zone": 3, "color": "#e74c3c", "city": "Ahmedabad"}}, {"type": "Feature", "geometry": {"type": "Point", "coordinates": [72.52911437305026, 23.116028110660626]}, "properties": {"lst": 38.28, "ndvi": 0.345, "ndbi": 0.02, "risk": "High", "heat_zone": 2, "color": "#e67e22", "city": "Ahmedabad"}}, {"type": "Feature", "geometry": {"type": "Point", "coordinates": [72.54982240719461, 22.98252731909531]}, "properties": {"lst": 34.19, "ndvi": 0.457, "ndbi": -0.059, "risk": "Low", "heat_zone": 0, "color": "#2ecc71", "city": "Ahmedabad"}}, {"type": "Feature", "geometry": {"type": "Point", "coordinates": [72.53685835119381, 23.01427675070841]}, "properties": {"lst": 37.49, "ndvi": 0.229, "ndbi": 0.01, "risk": "Moderate", "heat_zone": 1, "color": "#f1c40f", "city": "Ahmedabad"}}, {"type": "Feature", "geometry": {"type": "Point", "coordinates": [72.55439493713881, 23.079854047003607]}, "properties": {"lst": 37.79, "ndvi": 0.157, "ndbi": -0.007, "risk": "Moderate", "heat_zone": 1, "color": "#f1c40f", "city": "Ahmedabad"}}, {"type": "Feature", "geometry": {"type": "Point", "coordinates": [72.64452865543727, 22.979925875934168]}, "properties": {"lst": 37.03, "ndvi": 0.227, "ndbi": 0.022, "risk": "Moderate", "heat_zone": 1, "color": "#f1c40f", "city": "Ahmedabad"}}, {"type": "Feature", "geometry": {"type": "Point", "coordinates": [72.65217265580822, 23.145950968639884]}, "properties": {"lst": 34.97, "ndvi": 0.459, "ndbi": -0.012, "risk": "High", "heat_zone": 2, "color": "#e67e22", "city": "Ahmedabad"}}, {"type": "Feature", "geometry": {"type": "Point", "coordinates": [72.62529285325118, 22.97711951447085]}, "properties": {"lst": 39.0, "ndvi": 0.179, "ndbi": 0.029, "risk": "Critical", "heat_zone": 3, "color": "#e74c3c", "city": "Ahmedabad"}}, {"type": "Feature", "geometry": {"type": "Point", "coordinates": [72.59617940941298, 23.087657173913268]}, "properties": {"lst": 38.9, "ndvi": 0.486, "ndbi": -0.158, "risk": "Low", "heat_zone": 0, "color": "#2ecc71", "city": "Ahmedabad"}}, {"type": "Feature", "geometry": {"type": "Point", "coordinates": [72.6660865431725, 23.011895906788556]}, "properties": {"lst": 40.01, "ndvi": 0.27, "ndbi": 0.098, "risk": "Critical", "heat_zone": 3, "color": "#e74c3c", "city": "Ahmedabad"}}, {"type": "Feature", "geometry": {"type": "Point", "coordinates": [72.5558635894724, 23.091581774802663]}, "properties": {"lst": 37.98, "ndvi": 0.119, "ndbi": 0.022, "risk": "Moderate", "heat_zone": 1, "color": "#f1c40f", "city": "Ahmedabad"}}, {"type": "Feature", "geometry": {"type": "Point", "coordinates": [72.66730672737816, 23.00002636161808]}, "properties": {"lst": 38.29, "ndvi": 0.232, "ndbi": -0.002, "risk": "Critical", "heat_zone": 3, "color": "#e74c3c", "city": "Ahmedabad"}}, {"type": "Feature", "geometry": {"type": "Point", "coordinates": [72.57138811442299, 23.11129667675799]}, "properties": {"lst": 36.82, "ndvi": 0.11, "ndbi": 0.018, "risk": "Moderate", "heat_zone": 1, "color": "#f1c40f", "city": "Ahmedabad"}}, {"type": "Feature", "geometry": {"type": "Point", "coordinates": [72.62785829898117, 23.10174944936645]}, "properties": {"lst": 34.54, "ndvi": 0.612, "ndbi": -0.209, "risk": "Low", "heat_zone": 0, "color": "#2ecc71", "city": "Ahmedabad"}}, {"type": "Feature", "geometry": {"type": "Point", "coordinates": [72.62364361400464, 22.997659088068005]}, "properties": {"lst": 37.03, "ndvi": 0.138, "ndbi": 0.013, "risk": "Moderate", "heat_zone": 1, "color": "#f1c40f", "city": "Ahmedabad"}}, {"type": "Feature", "geometry": {"type": "Point", "coordinates": [72.58163592296896, 23.040049272454716]}, "properties": {"lst": 37.26, "ndvi": 0.169, "ndbi": -0.008, "risk": "Moderate", "heat_zone": 1, "color": "#f1c40f", "city": "Ahmedabad"}}, {"type": "Feature", "geometry": {"type": "Point", "coordinates": [72.53310617661809, 23.07850275812123]}, "properties": {"lst": 36.28, "ndvi": 0.112, "ndbi": -0.016, "risk": "Moderate", "heat_zone": 1, "color": "#f1c40f", "city": "Ahmedabad"}}, {"type": "Feature", "geometry": {"type": "Point", "coordinates": [72.66949966115897, 23.0541562880469]}, "properties": {"lst": 35.99, "ndvi": 0.209, "ndbi": -0.031, "risk": "Moderate", "heat_zone": 1, "color": "#f1c40f", "city": "Ahmedabad"}}, {"type": "Feature", "geometry": {"type": "Point", "coordinates": [72.6991504256417, 23.0114948764736]}, "properties": {"lst": 37.01, "ndvi": 0.43, "ndbi": -0.028, "risk": "High", "heat_zone": 2, "color": "#e67e22", "city": "Ahmedabad"}}, {"type": "Feature", "geometry": {"type": "Point", "coordinates": [72.67705090099167, 23.06118348271718]}, "properties": {"lst": 38.48, "ndvi": 0.145, "ndbi": 0.039, "risk": "Critical", "heat_zone": 3, "color": "#e74c3c", "city": "Ahmedabad"}}, {"type": "Feature", "geometry": {"type": "Point", "coordinates": [72.51856603998588, 23.0830356523118]}, "properties": {"lst": 37.64, "ndvi": 0.303, "ndbi": 0.015, "risk": "High", "heat_zone": 2, "color": "#e67e22", "city": "Ahmedabad"}}, {"type": "Feature", "geometry": {"type": "Point", "coordinates": [72.53228198661473, 23.119413311184573]}, "properties": {"lst": 38.79, "ndvi": 0.509, "ndbi": -0.125, "risk": "Low", "heat_zone": 0, "color": "#2ecc71", "city": "Ahmedabad"}}, {"type": "Feature", "geometry": {"type": "Point", "coordinates": [72.57652602030417, 23.041579016238806]}, "properties": {"lst": 37.51, "ndvi": 0.111, "ndbi": 0.032, "risk": "Moderate", "heat_zone": 1, "color": "#f1c40f", "city": "Ahmedabad"}}, {"type": "Feature", "geometry": {"type": "Point", "coordinates": [72.66672064368929, 23.041818519106645]}, "properties": {"lst": 37.75, "ndvi": 0.354, "ndbi": -0.061, "risk": "High", "heat_zone": 2, "color": "#e67e22", "city": "Ahmedabad"}}, {"type": "Feature", "geometry": {"type": "Point", "coordinates": [72.69169029546111, 23.075160436744746]}, "properties": {"lst": 41.47, "ndvi": 0.199, "ndbi": 0.026, "risk": "Critical", "heat_zone": 3, "color": "#e74c3c", "city": "Ahmedabad"}}, {"type": "Feature", "geometry": {"type": "Point", "coordinates": [72.53956937233728, 22.99447982030224]}, "properties": {"lst": 39.75, "ndvi": 0.21, "ndbi": 0.094, "risk": "Critical", "heat_zone": 3, "color": "#e74c3c", "city": "Ahmedabad"}}, {"type": "Feature", "geometry": {"type": "Point", "coordinates": [72.5840189825669, 23.14484643890036]}, "properties": {"lst": 35.45, "ndvi": 0.535, "ndbi": -0.139, "risk": "Low", "heat_zone": 0, "color": "#2ecc71", "city": "Ahmedabad"}}, {"type": "Feature", "geometry": {"type": "Point", "coordinates": [72.67611082635999, 23.125141840035194]}, "properties": {"lst": 35.3, "ndvi": 0.569, "ndbi": -0.148, "risk": "Low", "heat_zone": 0, "color": "#2ecc71", "city": "Ahmedabad"}}, {"type": "Feature", "geometry": {"type": "Point", "coordinates": [72.69315782766276, 23.0324037257528]}, "properties": {"lst": 38.56, "ndvi": 0.153, "ndbi": 0.009, "risk": "Critical", "heat_zone": 3, "color": "#e74c3c", "city": "Ahmedabad"}}, {"type": "Feature", "geometry": {"type": "Point", "coordinates": [72.64602248711387, 23.049584709955937]}, "properties": {"lst": 36.53, "ndvi": 0.184, "ndbi": -0.024, "risk": "Moderate", "heat_zone": 1, "color": "#f1c40f", "city": "Ahmedabad"}}, {"type": "Feature", "geometry": {"type": "Point", "coordinates": [72.5841833864608, 23.071511525443583]}, "properties": {"lst": 33.07, "ndvi": 0.605, "ndbi": -0.268, "risk": "Low", "heat_zone": 0, "color": "#2ecc71", "city": "Ahmedabad"}}, {"type": "Feature", "geometry": {"type": "Point", "coordinates": [72.67921383047647, 23.12318293546527]}, "properties": {"lst": 36.2, "ndvi": 0.133, "ndbi": 0.018, "risk": "Moderate", "heat_zone": 1, "color": "#f1c40f", "city": "Ahmedabad"}}, {"type": "Feature", "geometry": {"type": "Point", "coordinates": [72.66286739285391, 23.08141495290837]}, "properties": {"lst": 40.71, "ndvi": 0.237, "ndbi": 0.018, "risk": "Critical", "heat_zone": 3, "color": "#e74c3c", "city": "Ahmedabad"}}, {"type": "Feature", "geometry": {"type": "Point", "coordinates": [72.51147362094392, 23.000568992485483]}, "properties": {"lst": 38.44, "ndvi": 0.241, "ndbi": 0.054, "risk": "Critical", "heat_zone": 3, "color": "#e74c3c", "city": "Ahmedabad"}}, {"type": "Feature", "geometry": {"type": "Point", "coordinates": [72.61937357193875, 22.999634416738097]}, "properties": {"lst": 37.04, "ndvi": 0.187, "ndbi": -0.023, "risk": "Moderate", "heat_zone": 1, "color": "#f1c40f", "city": "Ahmedabad"}}, {"type": "Feature", "geometry": {"type": "Point", "coordinates": [72.50706546662568, 22.95017852134272]}, "properties": {"lst": 34.87, "ndvi": 0.536, "ndbi": -0.128, "risk": "Low", "heat_zone": 0, "color": "#2ecc71", "city": "Ahmedabad"}}, {"type": "Feature", "geometry": {"type": "Point", "coordinates": [72.56909073560585, 23.1410688092318]}, "properties": {"lst": 39.06, "ndvi": 0.314, "ndbi": 0.021, "risk": "High", "heat_zone": 2, "color": "#e67e22", "city": "Ahmedabad"}}, {"type": "Feature", "geometry": {"type": "Point", "coordinates": [72.60874386799071, 23.021700877929074]}, "properties": {"lst": 37.31, "ndvi": 0.312, "ndbi": -0.038, "risk": "High", "heat_zone": 2, "color": "#e67e22", "city": "Ahmedabad"}}, {"type": "Feature", "geometry": {"type": "Point", "coordinates": [72.6323739496406, 23.09654151377945]}, "properties": {"lst": 38.9, "ndvi": 0.361, "ndbi": 0.026, "risk": "High", "heat_zone": 2, "color": "#e67e22", "city": "Ahmedabad"}}, {"type": "Feature", "geometry": {"type": "Point", "coordinates": [72.53615283581463, 23.12040006137864]}, "properties": {"lst": 38.63, "ndvi": 0.198, "ndbi": 0.006, "risk": "Critical", "heat_zone": 3, "color": "#e74c3c", "city": "Ahmedabad"}}, {"type": "Feature", "geometry": {"type": "Point", "coordinates": [72.624344676403, 23.04424533223195]}, "properties": {"lst": 39.04, "ndvi": 0.215, "ndbi": -0.005, "risk": "Critical", "heat_zone": 3, "color": "#e74c3c", "city": "Ahmedabad"}}, {"type": "Feature", "geometry": {"type": "Point", "coordinates": [72.53481540795083, 23.09208086839476]}, "properties": {"lst": 39.47, "ndvi": 0.204, "ndbi": 0.003, "risk": "Critical", "heat_zone": 3, "color": "#e74c3c", "city": "Ahmedabad"}}, {"type": "Feature", "geometry": {"type": "Point", "coordinates": [72.63916886703781, 23.03492867337517]}, "properties": {"lst": 36.93, "ndvi": 0.103, "ndbi": 0.008, "risk": "Moderate", "heat_zone": 1, "color": "#f1c40f", "city": "Ahmedabad"}}, {"type": "Feature", "geometry": {"type": "Point", "coordinates": [72.68039057847027, 23.011458485750847]}, "properties": {"lst": 38.19, "ndvi": 0.099, "ndbi": -0.004, "risk": "Moderate", "heat_zone": 1, "color": "#f1c40f", "city": "Ahmedabad"}}, {"type": "Feature", "geometry": {"type": "Point", "coordinates": [72.56453767350816, 22.99689800848556]}, "properties": {"lst": 29.21, "ndvi": -0.021, "ndbi": -0.207, "risk": "Moderate", "heat_zone": 1, "color": "#f1c40f", "city": "Ahmedabad"}}, {"type": "Feature", "geometry": {"type": "Point", "coordinates": [72.55690018142131, 22.97094061668185]}, "properties": {"lst": 41.92, "ndvi": 0.162, "ndbi": 0.059, "risk": "Critical", "heat_zone": 3, "color": "#e74c3c", "city": "Ahmedabad"}}, {"type": "Feature", "geometry": {"type": "Point", "coordinates": [72.69021592854546, 22.96854000176564]}, "properties": {"lst": 37.76, "ndvi": 0.353, "ndbi": -0.017, "risk": "High", "heat_zone": 2, "color": "#e67e22", "city": "Ahmedabad"}}, {"type": "Feature", "geometry": {"type": "Point", "coordinates": [72.58413688395385, 22.989108276718643]}, "properties": {"lst": 34.28, "ndvi": 0.383, "ndbi": -0.108, "risk": "Low", "heat_zone": 0, "color": "#2ecc71", "city": "Ahmedabad"}}, {"type": "Feature", "geometry": {"type": "Point", "coordinates": [72.50974246484125, 23.10303718345803]}, "properties": {"lst": 37.25, "ndvi": 0.342, "ndbi": 0.014, "risk": "High", "heat_zone": 2, "color": "#e67e22", "city": "Ahmedabad"}}, {"type": "Feature", "geometry": {"type": "Point", "coordinates": [72.5729098172849, 23.13449798410685]}, "properties": {"lst": 38.4, "ndvi": 0.218, "ndbi": -0.002, "risk": "Critical", "heat_zone": 3, "color": "#e74c3c", "city": "Ahmedabad"}}, {"type": "Feature", "geometry": {"type": "Point", "coordinates": [72.59626592841187, 23.037658822250727]}, "properties": {"lst": 39.57, "ndvi": 0.115, "ndbi": 0.046, "risk": "Critical", "heat_zone": 3, "color": "#e74c3c", "city": "Ahmedabad"}}, {"type": "Feature", "geometry": {"type": "Point", "coordinates": [72.53700998013625, 22.96778639543088]}, "properties": {"lst": 38.62, "ndvi": 0.262, "ndbi": 0.024, "risk": "Critical", "heat_zone": 3, "color": "#e74c3c", "city": "Ahmedabad"}}, {"type": "Feature", "geometry": {"type": "Point", "coordinates": [72.50791169928749, 23.08404584274116]}, "properties": {"lst": 37.63, "ndvi": 0.316, "ndbi": 0.097, "risk": "Critical", "heat_zone": 3, "color": "#e74c3c", "city": "Ahmedabad"}}, {"type": "Feature", "geometry": {"type": "Point", "coordinates": [72.60593400665883, 23.062270991481583]}, "properties": {"lst": 36.15, "ndvi": 0.552, "ndbi": -0.213, "risk": "Low", "heat_zone": 0, "color": "#2ecc71", "city": "Ahmedabad"}}, {"type": "Feature", "geometry": {"type": "Point", "coordinates": [72.67064593255037, 23.11007267920893]}, "properties": {"lst": 40.39, "ndvi": 0.219, "ndbi": 0.074, "risk": "Critical", "heat_zone": 3, "color": "#e74c3c", "city": "Ahmedabad"}}, {"type": "Feature", "geometry": {"type": "Point", "coordinates": [72.56581366084514, 23.039066037069677]}, "properties": {"lst": 35.31, "ndvi": 0.173, "ndbi": 0.01, "risk": "Moderate", "heat_zone": 1, "color": "#f1c40f", "city": "Ahmedabad"}}, {"type": "Feature", "geometry": {"type": "Point", "coordinates": [72.5690196586274, 23.058435544628413]}, "properties": {"lst": 36.73, "ndvi": 0.143, "ndbi": 0.015, "risk": "Moderate", "heat_zone": 1, "color": "#f1c40f", "city": "Ahmedabad"}}, {"type": "Feature", "geometry": {"type": "Point", "coordinates": [72.62488062993663, 23.12988706060968]}, "properties": {"lst": 35.58, "ndvi": 0.506, "ndbi": -0.089, "risk": "Low", "heat_zone": 0, "color": "#2ecc71", "city": "Ahmedabad"}}, {"type": "Feature", "geometry": {"type": "Point", "coordinates": [72.5773011561907, 23.043897340556104]}, "properties": {"lst": 36.73, "ndvi": 0.159, "ndbi": 0.015, "risk": "Moderate", "heat_zone": 1, "color": "#f1c40f", "city": "Ahmedabad"}}, {"type": "Feature", "geometry": {"type": "Point", "coordinates": [72.64423234646306, 23.01328035004021]}, "properties": {"lst": 38.09, "ndvi": 0.128, "ndbi": 0.001, "risk": "Moderate", "heat_zone": 1, "color": "#f1c40f", "city": "Ahmedabad"}}, {"type": "Feature", "geometry": {"type": "Point", "coordinates": [72.60481852210734, 22.98016581900224]}, "properties": {"lst": 36.38, "ndvi": 0.117, "ndbi": 0.036, "risk": "Moderate", "heat_zone": 1, "color": "#f1c40f", "city": "Ahmedabad"}}, {"type": "Feature", "geometry": {"type": "Point", "coordinates": [72.50229800813817, 22.967069928421623]}, "properties": {"lst": 34.99, "ndvi": 0.389, "ndbi": -0.012, "risk": "High", "heat_zone": 2, "color": "#e67e22", "city": "Ahmedabad"}}, {"type": "Feature", "geometry": {"type": "Point", "coordinates": [72.61275451436893, 23.110981196061232]}, "properties": {"lst": 37.97, "ndvi": 0.364, "ndbi": -0.012, "risk": "High", "heat_zone": 2, "color": "#e67e22", "city": "Ahmedabad"}}, {"type": "Feature", "geometry": {"type": "Point", "coordinates": [72.6826372907701, 23.07761773565053]}, "properties": {"lst": 36.69, "ndvi": 0.476, "ndbi": -0.101, "risk": "Low", "heat_zone": 0, "color": "#2ecc71", "city": "Ahmedabad"}}, {"type": "Feature", "geometry": {"type": "Point", "coordinates": [72.53426404377475, 23.13247930876807]}, "properties": {"lst": 35.19, "ndvi": 0.558, "ndbi": -0.137, "risk": "Low", "heat_zone": 0, "color": "#2ecc71", "city": "Ahmedabad"}}, {"type": "Feature", "geometry": {"type": "Point", "coordinates": [72.6236204892561, 23.11100426459904]}, "properties": {"lst": 33.52, "ndvi": 0.611, "ndbi": -0.17, "risk": "Low", "heat_zone": 0, "color": "#2ecc71", "city": "Ahmedabad"}}, {"type": "Feature", "geometry": {"type": "Point", "coordinates": [72.57551767482032, 23.10195861644962]}, "properties": {"lst": 36.51, "ndvi": 0.159, "ndbi": -0.0, "risk": "Moderate", "heat_zone": 1, "color": "#f1c40f", "city": "Ahmedabad"}}, {"type": "Feature", "geometry": {"type": "Point", "coordinates": [72.65820444104233, 23.09016968574221]}, "properties": {"lst": 37.39, "ndvi": 0.33, "ndbi": 0.068, "risk": "High", "heat_zone": 2, "color": "#e67e22", "city": "Ahmedabad"}}, {"type": "Feature", "geometry": {"type": "Point", "coordinates": [72.6000100375257, 23.00588726575929]}, "properties": {"lst": 28.56, "ndvi": -0.01, "ndbi": -0.237, "risk": "Moderate", "heat_zone": 1, "color": "#f1c40f", "city": "Ahmedabad"}}, {"type": "Feature", "geometry": {"type": "Point", "coordinates": [72.6549002903824, 23.08641237876416]}, "properties": {"lst": 39.26, "ndvi": 0.215, "ndbi": 0.007, "risk": "Critical", "heat_zone": 3, "color": "#e74c3c", "city": "Ahmedabad"}}, {"type": "Feature", "geometry": {"type": "Point", "coordinates": [72.59340953728801, 23.141837589531512]}, "properties": {"lst": 35.32, "ndvi": 0.594, "ndbi": -0.183, "risk": "Low", "heat_zone": 0, "color": "#2ecc71", "city": "Ahmedabad"}}, {"type": "Feature", "geometry": {"type": "Point", "coordinates": [72.68718032564345, 22.953262807483057]}, "properties": {"lst": 35.2, "ndvi": 0.429, "ndbi": -0.03, "risk": "High", "heat_zone": 2, "color": "#e67e22", "city": "Ahmedabad"}}, {"type": "Feature", "geometry": {"type": "Point", "coordinates": [72.51398704201227, 23.10085261882936]}, "properties": {"lst": 40.11, "ndvi": 0.219, "ndbi": 0.031, "risk": "Critical", "heat_zone": 3, "color": "#e74c3c", "city": "Ahmedabad"}}, {"type": "Feature", "geometry": {"type": "Point", "coordinates": [72.51506296820659, 23.126708436018]}, "properties": {"lst": 39.72, "ndvi": 0.34, "ndbi": -0.052, "risk": "High", "heat_zone": 2, "color": "#e67e22", "city": "Ahmedabad"}}, {"type": "Feature", "geometry": {"type": "Point", "coordinates": [72.54024244169436, 23.04350563936693]}, "properties": {"lst": 40.26, "ndvi": 0.177, "ndbi": -0.007, "risk": "Critical", "heat_zone": 3, "color": "#e74c3c", "city": "Ahmedabad"}}, {"type": "Feature", "geometry": {"type": "Point", "coordinates": [72.69362415014385, 23.09831681443121]}, "properties": {"lst": 37.83, "ndvi": 0.371, "ndbi": 0.014, "risk": "High", "heat_zone": 2, "color": "#e67e22", "city": "Ahmedabad"}}, {"type": "Feature", "geometry": {"type": "Point", "coordinates": [72.63686810363733, 23.11565687680698]}, "properties": {"lst": 40.22, "ndvi": 0.271, "ndbi": 0.01, "risk": "Critical", "heat_zone": 3, "color": "#e74c3c", "city": "Ahmedabad"}}, {"type": "Feature", "geometry": {"type": "Point", "coordinates": [72.6383604933099, 22.963035861736216]}, "properties": {"lst": 40.63, "ndvi": 0.406, "ndbi": -0.065, "risk": "High", "heat_zone": 2, "color": "#e67e22", "city": "Ahmedabad"}}, {"type": "Feature", "geometry": {"type": "Point", "coordinates": [72.53366431772415, 23.137333453893064]}, "properties": {"lst": 38.45, "ndvi": 0.319, "ndbi": 0.038, "risk": "High", "heat_zone": 2, "color": "#e67e22", "city": "Ahmedabad"}}, {"type": "Feature", "geometry": {"type": "Point", "coordinates": [72.59169156460423, 23.06857596208655]}, "properties": {"lst": 36.73, "ndvi": 0.412, "ndbi": -0.082, "risk": "High", "heat_zone": 2, "color": "#e67e22", "city": "Ahmedabad"}}, {"type": "Feature", "geometry": {"type": "Point", "coordinates": [72.52690275118431, 23.06196921811665]}, "properties": {"lst": 36.15, "ndvi": 0.103, "ndbi": 0.015, "risk": "Moderate", "heat_zone": 1, "color": "#f1c40f", "city": "Ahmedabad"}}, {"type": "Feature", "geometry": {"type": "Point", "coordinates": [72.6668214690992, 23.07271048470093]}, "properties": {"lst": 36.91, "ndvi": 0.127, "ndbi": 0.077, "risk": "Moderate", "heat_zone": 1, "color": "#f1c40f", "city": "Ahmedabad"}}, {"type": "Feature", "geometry": {"type": "Point", "coordinates": [72.54903397232313, 23.06115972349507]}, "properties": {"lst": 36.21, "ndvi": 0.148, "ndbi": -0.003, "risk": "Moderate", "heat_zone": 1, "color": "#f1c40f", "city": "Ahmedabad"}}, {"type": "Feature", "geometry": {"type": "Point", "coordinates": [72.52684730735926, 23.104907387436477]}, "properties": {"lst": 38.2, "ndvi": 0.169, "ndbi": 0.036, "risk": "Critical", "heat_zone": 3, "color": "#e74c3c", "city": "Ahmedabad"}}, {"type": "Feature", "geometry": {"type": "Point", "coordinates": [72.63660564490155, 22.97439897906895]}, "properties": {"lst": 41.38, "ndvi": 0.179, "ndbi": 0.014, "risk": "Critical", "heat_zone": 3, "color": "#e74c3c", "city": "Ahmedabad"}}, {"type": "Feature", "geometry": {"type": "Point", "coordinates": [72.6257577041409, 23.14860058037248]}, "properties": {"lst": 35.57, "ndvi": 0.466, "ndbi": -0.043, "risk": "High", "heat_zone": 2, "color": "#e67e22", "city": "Ahmedabad"}}, {"type": "Feature", "geometry": {"type": "Point", "coordinates": [72.65830448835185, 23.045469891060197]}, "properties": {"lst": 36.44, "ndvi": 0.098, "ndbi": 0.012, "risk": "Moderate", "heat_zone": 1, "color": "#f1c40f", "city": "Ahmedabad"}}, {"type": "Feature", "geometry": {"type": "Point", "coordinates": [72.65423935535954, 23.074570580423973]}, "properties": {"lst": 38.5, "ndvi": 0.105, "ndbi": 0.007, "risk": "Moderate", "heat_zone": 1, "color": "#f1c40f", "city": "Ahmedabad"}}, {"type": "Feature", "geometry": {"type": "Point", "coordinates": [72.51364358440085, 23.076419639290236]}, "properties": {"lst": 36.77, "ndvi": 0.24, "ndbi": -0.04, "risk": "Moderate", "heat_zone": 1, "color": "#f1c40f", "city": "Ahmedabad"}}, {"type": "Feature", "geometry": {"type": "Point", "coordinates": [72.67488677317144, 23.09363304426732]}, "properties": {"lst": 40.84, "ndvi": 0.233, "ndbi": -0.006, "risk": "Critical", "heat_zone": 3, "color": "#e74c3c", "city": "Ahmedabad"}}, {"type": "Feature", "geometry": {"type": "Point", "coordinates": [72.59056879402411, 23.0718472949182]}, "properties": {"lst": 37.45, "ndvi": 0.137, "ndbi": 0.008, "risk": "Moderate", "heat_zone": 1, "color": "#f1c40f", "city": "Ahmedabad"}}, {"type": "Feature", "geometry": {"type": "Point", "coordinates": [72.67337726984671, 23.117350632246776]}, "properties": {"lst": 39.26, "ndvi": 0.24, "ndbi": 0.087, "risk": "Critical", "heat_zone": 3, "color": "#e74c3c", "city": "Ahmedabad"}}, {"type": "Feature", "geometry": {"type": "Point", "coordinates": [72.50763565508593, 22.992901315643017]}, "properties": {"lst": 38.48, "ndvi": 0.152, "ndbi": 0.005, "risk": "Critical", "heat_zone": 3, "color": "#e74c3c", "city": "Ahmedabad"}}, {"type": "Feature", "geometry": {"type": "Point", "coordinates": [72.56958909124415, 22.990115837234317]}, "properties": {"lst": 39.42, "ndvi": 0.309, "ndbi": -0.006, "risk": "High", "heat_zone": 2, "color": "#e67e22", "city": "Ahmedabad"}}, {"type": "Feature", "geometry": {"type": "Point", "coordinates": [72.59138122739117, 23.119106747695707]}, "properties": {"lst": 39.38, "ndvi": 0.356, "ndbi": -0.016, "risk": "High", "heat_zone": 2, "color": "#e67e22", "city": "Ahmedabad"}}, {"type": "Feature", "geometry": {"type": "Point", "coordinates": [72.60474283900466, 23.060496818849288]}, "properties": {"lst": 38.33, "ndvi": 0.338, "ndbi": 0.036, "risk": "High", "heat_zone": 2, "color": "#e67e22", "city": "Ahmedabad"}}, {"type": "Feature", "geometry": {"type": "Point", "coordinates": [72.52817144508684, 23.005230375380386]}, "properties": {"lst": 35.7, "ndvi": 0.115, "ndbi": 0.013, "risk": "Moderate", "heat_zone": 1, "color": "#f1c40f", "city": "Ahmedabad"}}, {"type": "Feature", "geometry": {"type": "Point", "coordinates": [72.52919669552911, 23.108570241587397]}, "properties": {"lst": 36.42, "ndvi": 0.397, "ndbi": -0.124, "risk": "Low", "heat_zone": 0, "color": "#2ecc71", "city": "Ahmedabad"}}, {"type": "Feature", "geometry": {"type": "Point", "coordinates": [72.5036713263378, 23.13077645337925]}, "properties": {"lst": 37.96, "ndvi": 0.341, "ndbi": 0.051, "risk": "High", "heat_zone": 2, "color": "#e67e22", "city": "Ahmedabad"}}, {"type": "Feature", "geometry": {"type": "Point", "coordinates": [72.65891017043121, 22.965821311586595]}, "properties": {"lst": 38.09, "ndvi": 0.26, "ndbi": -0.013, "risk": "High", "heat_zone": 2, "color": "#e67e22", "city": "Ahmedabad"}}, {"type": "Feature", "geometry": {"type": "Point", "coordinates": [72.69547773656825, 23.135057724818907]}, "properties": {"lst": 37.42, "ndvi": 0.431, "ndbi": -0.024, "risk": "High", "heat_zone": 2, "color": "#e67e22", "city": "Ahmedabad"}}, {"type": "Feature", "geometry": {"type": "Point", "coordinates": [72.66584175266757, 23.07262074484633]}, "properties": {"lst": 36.61, "ndvi": 0.145, "ndbi": 0.004, "risk": "Moderate", "heat_zone": 1, "color": "#f1c40f", "city": "Ahmedabad"}}, {"type": "Feature", "geometry": {"type": "Point", "coordinates": [72.5093614665869, 23.0460107198582]}, "properties": {"lst": 37.97, "ndvi": 0.332, "ndbi": -0.053, "risk": "High", "heat_zone": 2, "color": "#e67e22", "city": "Ahmedabad"}}, {"type": "Feature", "geometry": {"type": "Point", "coordinates": [72.699508350681, 22.968338053371063]}, "properties": {"lst": 38.52, "ndvi": 0.355, "ndbi": 0.031, "risk": "High", "heat_zone": 2, "color": "#e67e22", "city": "Ahmedabad"}}, {"type": "Feature", "geometry": {"type": "Point", "coordinates": [72.53080371564602, 23.014919331404165]}, "properties": {"lst": 36.9, "ndvi": 0.137, "ndbi": 0.024, "risk": "Moderate", "heat_zone": 1, "color": "#f1c40f", "city": "Ahmedabad"}}, {"type": "Feature", "geometry": {"type": "Point", "coordinates": [72.65741125047477, 23.03415531370401]}, "properties": {"lst": 39.05, "ndvi": 0.15, "ndbi": 0.055, "risk": "Critical", "heat_zone": 3, "color": "#e74c3c", "city": "Ahmedabad"}}, {"type": "Feature", "geometry": {"type": "Point", "coordinates": [72.54937348080392, 23.081207255097983]}, "properties": {"lst": 37.81, "ndvi": 0.121, "ndbi": -0.007, "risk": "Moderate", "heat_zone": 1, "color": "#f1c40f", "city": "Ahmedabad"}}, {"type": "Feature", "geometry": {"type": "Point", "coordinates": [72.50897214123471, 22.985136651688]}, "properties": {"lst": 37.27, "ndvi": 0.177, "ndbi": 0.048, "risk": "Moderate", "heat_zone": 1, "color": "#f1c40f", "city": "Ahmedabad"}}, {"type": "Feature", "geometry": {"type": "Point", "coordinates": [72.63116886477493, 23.123649324776352]}, "properties": {"lst": 36.85, "ndvi": 0.437, "ndbi": -0.045, "risk": "High", "heat_zone": 2, "color": "#e67e22", "city": "Ahmedabad"}}, {"type": "Feature", "geometry": {"type": "Point", "coordinates": [72.60614008358885, 23.11696612987869]}, "properties": {"lst": 36.81, "ndvi": 0.403, "ndbi": -0.05, "risk": "High", "heat_zone": 2, "color": "#e67e22", "city": "Ahmedabad"}}, {"type": "Feature", "geometry": {"type": "Point", "coordinates": [72.5107501875388, 23.144232635323167]}, "properties": {"lst": 36.89, "ndvi": 0.489, "ndbi": -0.06, "risk": "Low", "heat_zone": 0, "color": "#2ecc71", "city": "Ahmedabad"}}, {"type": "Feature", "geometry": {"type": "Point", "coordinates": [72.6084936104228, 23.058952691199256]}, "properties": {"lst": 38.58, "ndvi": 0.399, "ndbi": -0.057, "risk": "High", "heat_zone": 2, "color": "#e67e22", "city": "Ahmedabad"}}, {"type": "Feature", "geometry": {"type": "Point", "coordinates": [72.66034511666852, 23.00273178578485]}, "properties": {"lst": 37.16, "ndvi": 0.106, "ndbi": 0.021, "risk": "Moderate", "heat_zone": 1, "color": "#f1c40f", "city": "Ahmedabad"}}, {"type": "Feature", "geometry": {"type": "Point", "coordinates": [72.64267811024501, 22.978803603879324]}, "properties": {"lst": 41.43, "ndvi": 0.156, "ndbi": 0.04, "risk": "Critical", "heat_zone": 3, "color": "#e74c3c", "city": "Ahmedabad"}}, {"type": "Feature", "geometry": {"type": "Point", "coordinates": [72.51333685744258, 23.042499944181863]}, "properties": {"lst": 40.02, "ndvi": 0.217, "ndbi": 0.017, "risk": "Critical", "heat_zone": 3, "color": "#e74c3c", "city": "Ahmedabad"}}, {"type": "Feature", "geometry": {"type": "Point", "coordinates": [72.570230124112, 23.045622117838796]}, "properties": {"lst": 36.32, "ndvi": 0.271, "ndbi": -0.082, "risk": "Moderate", "heat_zone": 1, "color": "#f1c40f", "city": "Ahmedabad"}}, {"type": "Feature", "geometry": {"type": "Point", "coordinates": [72.51927947863852, 23.05288286247844]}, "properties": {"lst": 37.16, "ndvi": 0.156, "ndbi": -0.015, "risk": "Moderate", "heat_zone": 1, "color": "#f1c40f", "city": "Ahmedabad"}}, {"type": "Feature", "geometry": {"type": "Point", "coordinates": [72.6361060946358, 23.11354898498845]}, "properties": {"lst": 40.78, "ndvi": 0.336, "ndbi": 0.073, "risk": "Critical", "heat_zone": 3, "color": "#e74c3c", "city": "Ahmedabad"}}, {"type": "Feature", "geometry": {"type": "Point", "coordinates": [72.69695718551927, 23.07984348337452]}, "properties": {"lst": 38.72, "ndvi": 0.561, "ndbi": -0.191, "risk": "Low", "heat_zone": 0, "color": "#2ecc71", "city": "Ahmedabad"}}, {"type": "Feature", "geometry": {"type": "Point", "coordinates": [72.5868303123608, 22.98486412600565]}, "properties": {"lst": 34.13, "ndvi": 0.269, "ndbi": -0.083, "risk": "Moderate", "heat_zone": 1, "color": "#f1c40f", "city": "Ahmedabad"}}, {"type": "Feature", "geometry": {"type": "Point", "coordinates": [72.63309970293751, 23.12938805083305]}, "properties": {"lst": 35.83, "ndvi": 0.448, "ndbi": -0.037, "risk": "High", "heat_zone": 2, "color": "#e67e22", "city": "Ahmedabad"}}, {"type": "Feature", "geometry": {"type": "Point", "coordinates": [72.5471516612288, 23.04533581694067]}, "properties": {"lst": 35.48, "ndvi": 0.468, "ndbi": -0.143, "risk": "Low", "heat_zone": 0, "color": "#2ecc71", "city": "Ahmedabad"}}, {"type": "Feature", "geometry": {"type": "Point", "coordinates": [72.52415490334394, 22.96597590020204]}, "properties": {"lst": 39.31, "ndvi": 0.293, "ndbi": 0.03, "risk": "Critical", "heat_zone": 3, "color": "#e74c3c", "city": "Ahmedabad"}}, {"type": "Feature", "geometry": {"type": "Point", "coordinates": [72.55408364679904, 23.1490903023614]}, "properties": {"lst": 36.12, "ndvi": 0.243, "ndbi": 0.003, "risk": "Moderate", "heat_zone": 1, "color": "#f1c40f", "city": "Ahmedabad"}}, {"type": "Feature", "geometry": {"type": "Point", "coordinates": [72.6760283826715, 23.06504224475483]}, "properties": {"lst": 37.99, "ndvi": 0.293, "ndbi": 0.057, "risk": "Critical", "heat_zone": 3, "color": "#e74c3c", "city": "Ahmedabad"}}, {"type": "Feature", "geometry": {"type": "Point", "coordinates": [72.56192898818719, 23.136342763071497]}, "properties": {"lst": 35.68, "ndvi": 0.18, "ndbi": -0.02, "risk": "Moderate", "heat_zone": 1, "color": "#f1c40f", "city": "Ahmedabad"}}, {"type": "Feature", "geometry": {"type": "Point", "coordinates": [72.50915675351075, 23.016394980829773]}, "properties": {"lst": 36.17, "ndvi": 0.211, "ndbi": -0.074, "risk": "Moderate", "heat_zone": 1, "color": "#f1c40f", "city": "Ahmedabad"}}, {"type": "Feature", "geometry": {"type": "Point", "coordinates": [72.52707242435133, 23.02830664098292]}, "properties": {"lst": 35.51, "ndvi": 0.258, "ndbi": -0.062, "risk": "Moderate", "heat_zone": 1, "color": "#f1c40f", "city": "Ahmedabad"}}, {"type": "Feature", "geometry": {"type": "Point", "coordinates": [72.67369841759152, 23.04537654580605]}, "properties": {"lst": 37.09, "ndvi": 0.366, "ndbi": -0.045, "risk": "High", "heat_zone": 2, "color": "#e67e22", "city": "Ahmedabad"}}, {"type": "Feature", "geometry": {"type": "Point", "coordinates": [72.52760103146464, 23.126439388129956]}, "properties": {"lst": 39.86, "ndvi": 0.284, "ndbi": 0.06, "risk": "Critical", "heat_zone": 3, "color": "#e74c3c", "city": "Ahmedabad"}}, {"type": "Feature", "geometry": {"type": "Point", "coordinates": [72.68312583609413, 23.109912373961222]}, "properties": {"lst": 37.91, "ndvi": 0.41, "ndbi": -0.141, "risk": "Low", "heat_zone": 0, "color": "#2ecc71", "city": "Ahmedabad"}}, {"type": "Feature", "geometry": {"type": "Point", "coordinates": [72.62849782177726, 22.98065773316368]}, "properties": {"lst": 37.66, "ndvi": 0.184, "ndbi": 0.037, "risk": "Moderate", "heat_zone": 1, "color": "#f1c40f", "city": "Ahmedabad"}}, {"type": "Feature", "geometry": {"type": "Point", "coordinates": [72.60587785172166, 23.122042233719156]}, "properties": {"lst": 39.59, "ndvi": 0.319, "ndbi": 0.032, "risk": "Critical", "heat_zone": 3, "color": "#e74c3c", "city": "Ahmedabad"}}, {"type": "Feature", "geometry": {"type": "Point", "coordinates": [72.65565900874955, 23.07841812949892]}, "properties": {"lst": 37.82, "ndvi": 0.179, "ndbi": -0.023, "risk": "Moderate", "heat_zone": 1, "color": "#f1c40f", "city": "Ahmedabad"}}, {"type": "Feature", "geometry": {"type": "Point", "coordinates": [72.56163980087614, 23.131787001363563]}, "properties": {"lst": 40.11, "ndvi": 0.257, "ndbi": 0.082, "risk": "Critical", "heat_zone": 3, "color": "#e74c3c", "city": "Ahmedabad"}}, {"type": "Feature", "geometry": {"type": "Point", "coordinates": [72.63215025332221, 23.069320748984666]}, "properties": {"lst": 39.19, "ndvi": 0.107, "ndbi": 0.023, "risk": "Critical", "heat_zone": 3, "color": "#e74c3c", "city": "Ahmedabad"}}, {"type": "Feature", "geometry": {"type": "Point", "coordinates": [72.69064664917833, 23.01724398589724]}, "properties": {"lst": 37.2, "ndvi": 0.506, "ndbi": -0.137, "risk": "Low", "heat_zone": 0, "color": "#2ecc71", "city": "Ahmedabad"}}, {"type": "Feature", "geometry": {"type": "Point", "coordinates": [72.56350609416056, 23.07230083039749]}, "properties": {"lst": 39.86, "ndvi": 0.185, "ndbi": 0.066, "risk": "Critical", "heat_zone": 3, "color": "#e74c3c", "city": "Ahmedabad"}}, {"type": "Feature", "geometry": {"type": "Point", "coordinates": [72.64430371973941, 23.01466669563456]}, "properties": {"lst": 38.39, "ndvi": 0.123, "ndbi": 0.052, "risk": "Critical", "heat_zone": 3, "color": "#e74c3c", "city": "Ahmedabad"}}, {"type": "Feature", "geometry": {"type": "Point", "coordinates": [72.6175762602702, 23.06873123482909]}, "properties": {"lst": 40.49, "ndvi": 0.142, "ndbi": 0.011, "risk": "Critical", "heat_zone": 3, "color": "#e74c3c", "city": "Ahmedabad"}}, {"type": "Feature", "geometry": {"type": "Point", "coordinates": [72.57976688049656, 23.01068439780069]}, "properties": {"lst": 38.55, "ndvi": 0.123, "ndbi": 0.073, "risk": "Critical", "heat_zone": 3, "color": "#e74c3c", "city": "Ahmedabad"}}, {"type": "Feature", "geometry": {"type": "Point", "coordinates": [72.59272415270702, 22.98796372957401]}, "properties": {"lst": 33.42, "ndvi": 0.104, "ndbi": -0.218, "risk": "Moderate", "heat_zone": 1, "color": "#f1c40f", "city": "Ahmedabad"}}, {"type": "Feature", "geometry": {"type": "Point", "coordinates": [72.66040890694237, 23.016710168592223]}, "properties": {"lst": 36.89, "ndvi": 0.133, "ndbi": 0.012, "risk": "Moderate", "heat_zone": 1, "color": "#f1c40f", "city": "Ahmedabad"}}, {"type": "Feature", "geometry": {"type": "Point", "coordinates": [72.67514506729556, 22.981108609949818]}, "properties": {"lst": 36.82, "ndvi": 0.521, "ndbi": -0.139, "risk": "Low", "heat_zone": 0, "color": "#2ecc71", "city": "Ahmedabad"}}, {"type": "Feature", "geometry": {"type": "Point", "coordinates": [72.51617037876218, 23.05688908983703]}, "properties": {"lst": 38.95, "ndvi": 0.166, "ndbi": -0.018, "risk": "Critical", "heat_zone": 3, "color": "#e74c3c", "city": "Ahmedabad"}}, {"type": "Feature", "geometry": {"type": "Point", "coordinates": [72.64446461876561, 22.98437165013076]}, "properties": {"lst": 35.4, "ndvi": 0.105, "ndbi": 0.017, "risk": "Moderate", "heat_zone": 1, "color": "#f1c40f", "city": "Ahmedabad"}}, {"type": "Feature", "geometry": {"type": "Point", "coordinates": [72.56859915831723, 23.137970328958424]}, "properties": {"lst": 39.76, "ndvi": 0.363, "ndbi": 0.02, "risk": "High", "heat_zone": 2, "color": "#e67e22", "city": "Ahmedabad"}}, {"type": "Feature", "geometry": {"type": "Point", "coordinates": [72.58968300441745, 23.117152785721625]}, "properties": {"lst": 38.58, "ndvi": 0.394, "ndbi": -0.038, "risk": "High", "heat_zone": 2, "color": "#e67e22", "city": "Ahmedabad"}}, {"type": "Feature", "geometry": {"type": "Point", "coordinates": [72.62455775145591, 22.99491757247616]}, "properties": {"lst": 37.58, "ndvi": 0.159, "ndbi": 0.018, "risk": "Moderate", "heat_zone": 1, "color": "#f1c40f", "city": "Ahmedabad"}}, {"type": "Feature", "geometry": {"type": "Point", "coordinates": [72.64416874900506, 22.98562446972006]}, "properties": {"lst": 38.87, "ndvi": 0.319, "ndbi": 0.016, "risk": "High", "heat_zone": 2, "color": "#e67e22", "city": "Ahmedabad"}}, {"type": "Feature", "geometry": {"type": "Point", "coordinates": [72.544429973307, 22.981824603701963]}, "properties": {"lst": 33.12, "ndvi": 0.301, "ndbi": -0.22, "risk": "Low", "heat_zone": 0, "color": "#2ecc71", "city": "Ahmedabad"}}, {"type": "Feature", "geometry": {"type": "Point", "coordinates": [72.51975226977196, 23.05210368439686]}, "properties": {"lst": 36.16, "ndvi": 0.123, "ndbi": 0.028, "risk": "Moderate", "heat_zone": 1, "color": "#f1c40f", "city": "Ahmedabad"}}, {"type": "Feature", "geometry": {"type": "Point", "coordinates": [72.5242862965719, 23.10658966073248]}, "properties": {"lst": 39.77, "ndvi": 0.275, "ndbi": -0.029, "risk": "Critical", "heat_zone": 3, "color": "#e74c3c", "city": "Ahmedabad"}}, {"type": "Feature", "geometry": {"type": "Point", "coordinates": [72.61282453110913, 23.042548183513837]}, "properties": {"lst": 38.87, "ndvi": 0.271, "ndbi": -0.036, "risk": "High", "heat_zone": 2, "color": "#e67e22", "city": "Ahmedabad"}}, {"type": "Feature", "geometry": {"type": "Point", "coordinates": [72.5150105913534, 22.97974050216927]}, "properties": {"lst": 36.52, "ndvi": 0.391, "ndbi": -0.101, "risk": "High", "heat_zone": 2, "color": "#e67e22", "city": "Ahmedabad"}}, {"type": "Feature", "geometry": {"type": "Point", "coordinates": [72.51347414477573, 23.053853304223047]}, "properties": {"lst": 35.29, "ndvi": 0.143, "ndbi": -0.011, "risk": "Moderate", "heat_zone": 1, "color": "#f1c40f", "city": "Ahmedabad"}}, {"type": "Feature", "geometry": {"type": "Point", "coordinates": [72.62420275726558, 22.99034116104148]}, "properties": {"lst": 35.34, "ndvi": 0.103, "ndbi": 0.015, "risk": "Moderate", "heat_zone": 1, "color": "#f1c40f", "city": "Ahmedabad"}}, {"type": "Feature", "geometry": {"type": "Point", "coordinates": [72.57410696429908, 23.11633393067042]}, "properties": {"lst": 37.1, "ndvi": 0.181, "ndbi": -0.025, "risk": "Moderate", "heat_zone": 1, "color": "#f1c40f", "city": "Ahmedabad"}}, {"type": "Feature", "geometry": {"type": "Point", "coordinates": [72.50486742782432, 23.032670666976426]}, "properties": {"lst": 37.11, "ndvi": 0.244, "ndbi": -0.032, "risk": "Moderate", "heat_zone": 1, "color": "#f1c40f", "city": "Ahmedabad"}}, {"type": "Feature", "geometry": {"type": "Point", "coordinates": [72.52449883427468, 23.027047997160903]}, "properties": {"lst": 35.7, "ndvi": 0.09, "ndbi": -0.024, "risk": "Moderate", "heat_zone": 1, "color": "#f1c40f", "city": "Ahmedabad"}}, {"type": "Feature", "geometry": {"type": "Point", "coordinates": [72.6624531628382, 23.047783356910216]}, "properties": {"lst": 36.56, "ndvi": 0.143, "ndbi": 0.041, "risk": "Moderate", "heat_zone": 1, "color": "#f1c40f", "city": "Ahmedabad"}}, {"type": "Feature", "geometry": {"type": "Point", "coordinates": [72.54417349678116, 23.119848835585]}, "properties": {"lst": 39.15, "ndvi": 0.234, "ndbi": 0.027, "risk": "Critical", "heat_zone": 3, "color": "#e74c3c", "city": "Ahmedabad"}}, {"type": "Feature", "geometry": {"type": "Point", "coordinates": [72.52976128541926, 22.965160831935407]}, "properties": {"lst": 38.94, "ndvi": 0.214, "ndbi": 0.084, "risk": "Critical", "heat_zone": 3, "color": "#e74c3c", "city": "Ahmedabad"}}, {"type": "Feature", "geometry": {"type": "Point", "coordinates": [72.64419643740473, 23.058174154602955]}, "properties": {"lst": 38.06, "ndvi": 0.224, "ndbi": -0.007, "risk": "Moderate", "heat_zone": 1, "color": "#f1c40f", "city": "Ahmedabad"}}, {"type": "Feature", "geometry": {"type": "Point", "coordinates": [72.65801883261113, 22.959057691089683]}, "properties": {"lst": 39.62, "ndvi": 0.234, "ndbi": -0.014, "risk": "Critical", "heat_zone": 3, "color": "#e74c3c", "city": "Ahmedabad"}}, {"type": "Feature", "geometry": {"type": "Point", "coordinates": [72.68547970094063, 23.05042673582061]}, "properties": {"lst": 37.69, "ndvi": 0.338, "ndbi": -0.002, "risk": "High", "heat_zone": 2, "color": "#e67e22", "city": "Ahmedabad"}}, {"type": "Feature", "geometry": {"type": "Point", "coordinates": [72.59697378219593, 23.145260462098104]}, "properties": {"lst": 35.83, "ndvi": 0.397, "ndbi": -0.098, "risk": "High", "heat_zone": 2, "color": "#e67e22", "city": "Ahmedabad"}}, {"type": "Feature", "geometry": {"type": "Point", "coordinates": [72.58799711324392, 23.02821935409125]}, "properties": {"lst": 36.82, "ndvi": 0.265, "ndbi": -0.038, "risk": "Moderate", "heat_zone": 1, "color": "#f1c40f", "city": "Ahmedabad"}}, {"type": "Feature", "geometry": {"type": "Point", "coordinates": [72.51254560079376, 23.045713883271198]}, "properties": {"lst": 36.02, "ndvi": 0.21, "ndbi": -0.042, "risk": "Moderate", "heat_zone": 1, "color": "#f1c40f", "city": "Ahmedabad"}}, {"type": "Feature", "geometry": {"type": "Point", "coordinates": [72.58358984661864, 23.09448857693245]}, "properties": {"lst": 37.06, "ndvi": 0.396, "ndbi": -0.091, "risk": "High", "heat_zone": 2, "color": "#e67e22", "city": "Ahmedabad"}}, {"type": "Feature", "geometry": {"type": "Point", "coordinates": [72.69660332485716, 23.06467300057673]}, "properties": {"lst": 39.48, "ndvi": 0.334, "ndbi": -0.012, "risk": "High", "heat_zone": 2, "color": "#e67e22", "city": "Ahmedabad"}}, {"type": "Feature", "geometry": {"type": "Point", "coordinates": [72.66796052667381, 23.13748437887317]}, "properties": {"lst": 36.43, "ndvi": 0.352, "ndbi": 0.052, "risk": "High", "heat_zone": 2, "color": "#e67e22", "city": "Ahmedabad"}}, {"type": "Feature", "geometry": {"type": "Point", "coordinates": [72.61765575155012, 23.0643590737103]}, "properties": {"lst": 40.62, "ndvi": 0.213, "ndbi": 0.061, "risk": "Critical", "heat_zone": 3, "color": "#e74c3c", "city": "Ahmedabad"}}, {"type": "Feature", "geometry": {"type": "Point", "coordinates": [72.6199861274408, 22.962333869632594]}, "properties": {"lst": 39.27, "ndvi": 0.221, "ndbi": -0.01, "risk": "Critical", "heat_zone": 3, "color": "#e74c3c", "city": "Ahmedabad"}}, {"type": "Feature", "geometry": {"type": "Point", "coordinates": [72.50695572492859, 22.98635099274477]}, "properties": {"lst": 39.42, "ndvi": 0.266, "ndbi": 0.046, "risk": "Critical", "heat_zone": 3, "color": "#e74c3c", "city": "Ahmedabad"}}, {"type": "Feature", "geometry": {"type": "Point", "coordinates": [72.6780541122114, 22.99014835494665]}, "properties": {"lst": 37.98, "ndvi": 0.489, "ndbi": -0.104, "risk": "Low", "heat_zone": 0, "color": "#2ecc71", "city": "Ahmedabad"}}, {"type": "Feature", "geometry": {"type": "Point", "coordinates": [72.54915328159095, 23.00412418255699]}, "properties": {"lst": 35.46, "ndvi": 0.137, "ndbi": 0.001, "risk": "Moderate", "heat_zone": 1, "color": "#f1c40f", "city": "Ahmedabad"}}, {"type": "Feature", "geometry": {"type": "Point", "coordinates": [72.51649698571708, 22.992918543438893]}, "properties": {"lst": 35.98, "ndvi": 0.247, "ndbi": -0.068, "risk": "Moderate", "heat_zone": 1, "color": "#f1c40f", "city": "Ahmedabad"}}, {"type": "Feature", "geometry": {"type": "Point", "coordinates": [72.61701035175756, 23.08291774305304]}, "properties": {"lst": 36.68, "ndvi": 0.503, "ndbi": -0.163, "risk": "Low", "heat_zone": 0, "color": "#2ecc71", "city": "Ahmedabad"}}, {"type": "Feature", "geometry": {"type": "Point", "coordinates": [72.50907088901417, 23.076519718581974]}, "properties": {"lst": 37.38, "ndvi": 0.159, "ndbi": -0.016, "risk": "Moderate", "heat_zone": 1, "color": "#f1c40f", "city": "Ahmedabad"}}, {"type": "Feature", "geometry": {"type": "Point", "coordinates": [72.66096964429242, 23.097749735837525]}, "properties": {"lst": 37.02, "ndvi": 0.174, "ndbi": -0.019, "risk": "Moderate", "heat_zone": 1, "color": "#f1c40f", "city": "Ahmedabad"}}, {"type": "Feature", "geometry": {"type": "Point", "coordinates": [72.62561797280902, 23.004454870369848]}, "properties": {"lst": 37.05, "ndvi": 0.148, "ndbi": 0.015, "risk": "Moderate", "heat_zone": 1, "color": "#f1c40f", "city": "Ahmedabad"}}, {"type": "Feature", "geometry": {"type": "Point", "coordinates": [72.67130692656637, 23.067265083709408]}, "properties": {"lst": 37.51, "ndvi": 0.163, "ndbi": -0.006, "risk": "Moderate", "heat_zone": 1, "color": "#f1c40f", "city": "Ahmedabad"}}, {"type": "Feature", "geometry": {"type": "Point", "coordinates": [72.63222706426122, 23.14305095188701]}, "properties": {"lst": 37.66, "ndvi": 0.442, "ndbi": -0.009, "risk": "High", "heat_zone": 2, "color": "#e67e22", "city": "Ahmedabad"}}, {"type": "Feature", "geometry": {"type": "Point", "coordinates": [72.55101361358618, 23.01379377215175]}, "properties": {"lst": 35.55, "ndvi": 0.136, "ndbi": 0.004, "risk": "Moderate", "heat_zone": 1, "color": "#f1c40f", "city": "Ahmedabad"}}, {"type": "Feature", "geometry": {"type": "Point", "coordinates": [72.57090497744193, 23.05531740034077]}, "properties": {"lst": 38.58, "ndvi": 0.158, "ndbi": 0.004, "risk": "Critical", "heat_zone": 3, "color": "#e74c3c", "city": "Ahmedabad"}}, {"type": "Feature", "geometry": {"type": "Point", "coordinates": [72.65110005472684, 23.051733564118567]}, "properties": {"lst": 37.07, "ndvi": 0.274, "ndbi": -0.061, "risk": "High", "heat_zone": 2, "color": "#e67e22", "city": "Ahmedabad"}}, {"type": "Feature", "geometry": {"type": "Point", "coordinates": [72.55426577346384, 23.059092656084182]}, "properties": {"lst": 36.74, "ndvi": 0.132, "ndbi": 0.006, "risk": "Moderate", "heat_zone": 1, "color": "#f1c40f", "city": "Ahmedabad"}}, {"type": "Feature", "geometry": {"type": "Point", "coordinates": [72.56247530729364, 22.96447738269324]}, "properties": {"lst": 41.34, "ndvi": 0.345, "ndbi": -0.029, "risk": "High", "heat_zone": 2, "color": "#e67e22", "city": "Ahmedabad"}}, {"type": "Feature", "geometry": {"type": "Point", "coordinates": [72.64000669975582, 23.11304711579116]}, "properties": {"lst": 41.49, "ndvi": 0.192, "ndbi": 0.075, "risk": "Critical", "heat_zone": 3, "color": "#e74c3c", "city": "Ahmedabad"}}, {"type": "Feature", "geometry": {"type": "Point", "coordinates": [72.60822839675988, 23.135397531821543]}, "properties": {"lst": 34.04, "ndvi": 0.325, "ndbi": -0.043, "risk": "High", "heat_zone": 2, "color": "#e67e22", "city": "Ahmedabad"}}, {"type": "Feature", "geometry": {"type": "Point", "coordinates": [72.50004892985352, 22.954838968290964]}, "properties": {"lst": 37.19, "ndvi": 0.437, "ndbi": -0.079, "risk": "High", "heat_zone": 2, "color": "#e67e22", "city": "Ahmedabad"}}, {"type": "Feature", "geometry": {"type": "Point", "coordinates": [72.51187625424618, 23.090294038332107]}, "properties": {"lst": 39.72, "ndvi": 0.287, "ndbi": 0.05, "risk": "Critical", "heat_zone": 3, "color": "#e74c3c", "city": "Ahmedabad"}}, {"type": "Feature", "geometry": {"type": "Point", "coordinates": [72.53004317966995, 23.118120954885395]}, "properties": {"lst": 36.43, "ndvi": 0.483, "ndbi": -0.07, "risk": "Low", "heat_zone": 0, "color": "#2ecc71", "city": "Ahmedabad"}}, {"type": "Feature", "geometry": {"type": "Point", "coordinates": [72.65130617433053, 23.02397319035467]}, "properties": {"lst": 40.86, "ndvi": 0.147, "ndbi": 0.066, "risk": "Critical", "heat_zone": 3, "color": "#e74c3c", "city": "Ahmedabad"}}, {"type": "Feature", "geometry": {"type": "Point", "coordinates": [72.68198736980608, 23.10020572465173]}, "properties": {"lst": 41.11, "ndvi": 0.211, "ndbi": 0.055, "risk": "Critical", "heat_zone": 3, "color": "#e74c3c", "city": "Ahmedabad"}}, {"type": "Feature", "geometry": {"type": "Point", "coordinates": [72.68451501054071, 23.036469213384358]}, "properties": {"lst": 40.53, "ndvi": 0.224, "ndbi": 0.032, "risk": "Critical", "heat_zone": 3, "color": "#e74c3c", "city": "Ahmedabad"}}, {"type": "Feature", "geometry": {"type": "Point", "coordinates": [72.59940751355232, 23.042166365623416]}, "properties": {"lst": 38.91, "ndvi": 0.194, "ndbi": 0.036, "risk": "Critical", "heat_zone": 3, "color": "#e74c3c", "city": "Ahmedabad"}}, {"type": "Feature", "geometry": {"type": "Point", "coordinates": [72.61370405130923, 22.972385281498443]}, "properties": {"lst": 36.71, "ndvi": 0.121, "ndbi": 0.008, "risk": "Moderate", "heat_zone": 1, "color": "#f1c40f", "city": "Ahmedabad"}}, {"type": "Feature", "geometry": {"type": "Point", "coordinates": [72.56078972022753, 22.982659831283318]}, "properties": {"lst": 41.56, "ndvi": 0.169, "ndbi": 0.104, "risk": "Critical", "heat_zone": 3, "color": "#e74c3c", "city": "Ahmedabad"}}, {"type": "Feature", "geometry": {"type": "Point", "coordinates": [72.58735154100548, 23.043953392977222]}, "properties": {"lst": 40.58, "ndvi": 0.171, "ndbi": 0.014, "risk": "Critical", "heat_zone": 3, "color": "#e74c3c", "city": "Ahmedabad"}}, {"type": "Feature", "geometry": {"type": "Point", "coordinates": [72.60297404344446, 23.09556298578612]}, "properties": {"lst": 36.74, "ndvi": 0.511, "ndbi": -0.17, "risk": "Low", "heat_zone": 0, "color": "#2ecc71", "city": "Ahmedabad"}}, {"type": "Feature", "geometry": {"type": "Point", "coordinates": [72.62736780601995, 23.099383638741077]}, "properties": {"lst": 35.58, "ndvi": 0.498, "ndbi": -0.127, "risk": "Low", "heat_zone": 0, "color": "#2ecc71", "city": "Ahmedabad"}}, {"type": "Feature", "geometry": {"type": "Point", "coordinates": [72.53631428080811, 23.06584951240849]}, "properties": {"lst": 35.64, "ndvi": 0.26, "ndbi": -0.053, "risk": "Moderate", "heat_zone": 1, "color": "#f1c40f", "city": "Ahmedabad"}}, {"type": "Feature", "geometry": {"type": "Point", "coordinates": [72.56460855970231, 23.09553048895706]}, "properties": {"lst": 36.88, "ndvi": 0.252, "ndbi": -0.041, "risk": "Moderate", "heat_zone": 1, "color": "#f1c40f", "city": "Ahmedabad"}}, {"type": "Feature", "geometry": {"type": "Point", "coordinates": [72.52549244205807, 23.02606852158264]}, "properties": {"lst": 36.18, "ndvi": 0.132, "ndbi": -0.006, "risk": "Moderate", "heat_zone": 1, "color": "#f1c40f", "city": "Ahmedabad"}}, {"type": "Feature", "geometry": {"type": "Point", "coordinates": [72.56614444177002, 23.14294367869208]}, "properties": {"lst": 39.18, "ndvi": 0.344, "ndbi": 0.038, "risk": "High", "heat_zone": 2, "color": "#e67e22", "city": "Ahmedabad"}}, {"type": "Feature", "geometry": {"type": "Point", "coordinates": [72.51036633658693, 23.1201182752357]}, "properties": {"lst": 38.37, "ndvi": 0.454, "ndbi": -0.077, "risk": "High", "heat_zone": 2, "color": "#e67e22", "city": "Ahmedabad"}}, {"type": "Feature", "geometry": {"type": "Point", "coordinates": [72.58462033408813, 22.99771608422745]}, "properties": {"lst": 36.37, "ndvi": 0.132, "ndbi": 0.004, "risk": "Moderate", "heat_zone": 1, "color": "#f1c40f", "city": "Ahmedabad"}}, {"type": "Feature", "geometry": {"type": "Point", "coordinates": [72.63164529506179, 23.12653575984304]}, "properties": {"lst": 36.74, "ndvi": 0.458, "ndbi": 0.006, "risk": "High", "heat_zone": 2, "color": "#e67e22", "city": "Ahmedabad"}}, {"type": "Feature", "geometry": {"type": "Point", "coordinates": [72.66265716894753, 22.961052056182627]}, "properties": {"lst": 37.39, "ndvi": 0.394, "ndbi": -0.061, "risk": "High", "heat_zone": 2, "color": "#e67e22", "city": "Ahmedabad"}}, {"type": "Feature", "geometry": {"type": "Point", "coordinates": [72.55838262950756, 23.13902688343237]}, "properties": {"lst": 37.91, "ndvi": 0.399, "ndbi": -0.011, "risk": "High", "heat_zone": 2, "color": "#e67e22", "city": "Ahmedabad"}}, {"type": "Feature", "geometry": {"type": "Point", "coordinates": [72.55364138920082, 23.00143725375675]}, "properties": {"lst": 35.48, "ndvi": 0.165, "ndbi": -0.023, "risk": "Moderate", "heat_zone": 1, "color": "#f1c40f", "city": "Ahmedabad"}}, {"type": "Feature", "geometry": {"type": "Point", "coordinates": [72.51075321376932, 23.00571559828411]}, "properties": {"lst": 35.94, "ndvi": 0.203, "ndbi": -0.024, "risk": "Moderate", "heat_zone": 1, "color": "#f1c40f", "city": "Ahmedabad"}}, {"type": "Feature", "geometry": {"type": "Point", "coordinates": [72.64999909779604, 23.005867643609086]}, "properties": {"lst": 37.66, "ndvi": 0.118, "ndbi": 0.021, "risk": "Moderate", "heat_zone": 1, "color": "#f1c40f", "city": "Ahmedabad"}}, {"type": "Feature", "geometry": {"type": "Point", "coordinates": [72.61446450376424, 22.968672680458976]}, "properties": {"lst": 36.23, "ndvi": 0.118, "ndbi": 0.038, "risk": "Moderate", "heat_zone": 1, "color": "#f1c40f", "city": "Ahmedabad"}}, {"type": "Feature", "geometry": {"type": "Point", "coordinates": [72.56049301733825, 23.083223553636063]}, "properties": {"lst": 36.44, "ndvi": 0.385, "ndbi": -0.162, "risk": "Low", "heat_zone": 0, "color": "#2ecc71", "city": "Ahmedabad"}}, {"type": "Feature", "geometry": {"type": "Point", "coordinates": [72.68951907967315, 23.118475634907533]}, "properties": {"lst": 32.22, "ndvi": 0.134, "ndbi": -0.134, "risk": "Moderate", "heat_zone": 1, "color": "#f1c40f", "city": "Ahmedabad"}}, {"type": "Feature", "geometry": {"type": "Point", "coordinates": [72.58811160626459, 22.96425481247613]}, "properties": {"lst": 39.95, "ndvi": 0.317, "ndbi": 0.045, "risk": "Critical", "heat_zone": 3, "color": "#e74c3c", "city": "Ahmedabad"}}, {"type": "Feature", "geometry": {"type": "Point", "coordinates": [72.69213710333118, 23.062087887128147]}, "properties": {"lst": 36.87, "ndvi": 0.399, "ndbi": -0.037, "risk": "High", "heat_zone": 2, "color": "#e67e22", "city": "Ahmedabad"}}, {"type": "Feature", "geometry": {"type": "Point", "coordinates": [72.69708411726675, 23.050032428148437]}, "properties": {"lst": 37.27, "ndvi": 0.46, "ndbi": -0.055, "risk": "High", "heat_zone": 2, "color": "#e67e22", "city": "Ahmedabad"}}, {"type": "Feature", "geometry": {"type": "Point", "coordinates": [72.50008612174308, 23.080318102665505]}, "properties": {"lst": 37.85, "ndvi": 0.245, "ndbi": -0.037, "risk": "Moderate", "heat_zone": 1, "color": "#f1c40f", "city": "Ahmedabad"}}, {"type": "Feature", "geometry": {"type": "Point", "coordinates": [72.64680301050623, 23.04268069001852]}, "properties": {"lst": 36.21, "ndvi": 0.177, "ndbi": -0.009, "risk": "Moderate", "heat_zone": 1, "color": "#f1c40f", "city": "Ahmedabad"}}, {"type": "Feature", "geometry": {"type": "Point", "coordinates": [72.52790055907717, 22.995539394282492]}, "properties": {"lst": 37.01, "ndvi": 0.112, "ndbi": 0.023, "risk": "Moderate", "heat_zone": 1, "color": "#f1c40f", "city": "Ahmedabad"}}, {"type": "Feature", "geometry": {"type": "Point", "coordinates": [72.61337546740361, 22.964257234756023]}, "properties": {"lst": 37.91, "ndvi": 0.18, "ndbi": 0.067, "risk": "Critical", "heat_zone": 3, "color": "#e74c3c", "city": "Ahmedabad"}}, {"type": "Feature", "geometry": {"type": "Point", "coordinates": [72.66646651458291, 23.027517132928484]}, "properties": {"lst": 40.13, "ndvi": 0.169, "ndbi": 0.04, "risk": "Critical", "heat_zone": 3, "color": "#e74c3c", "city": "Ahmedabad"}}, {"type": "Feature", "geometry": {"type": "Point", "coordinates": [72.68077729011081, 23.02523062874541]}, "properties": {"lst": 42.0, "ndvi": 0.146, "ndbi": 0.077, "risk": "Critical", "heat_zone": 3, "color": "#e74c3c", "city": "Ahmedabad"}}, {"type": "Feature", "geometry": {"type": "Point", "coordinates": [72.61710513416244, 22.98338620344447]}, "properties": {"lst": 36.07, "ndvi": 0.141, "ndbi": 0.01, "risk": "Moderate", "heat_zone": 1, "color": "#f1c40f", "city": "Ahmedabad"}}, {"type": "Feature", "geometry": {"type": "Point", "coordinates": [72.58163878480012, 22.95903232426624]}, "properties": {"lst": 39.79, "ndvi": 0.187, "ndbi": 0.025, "risk": "Critical", "heat_zone": 3, "color": "#e74c3c", "city": "Ahmedabad"}}, {"type": "Feature", "geometry": {"type": "Point", "coordinates": [72.54895936360995, 23.12224931886818]}, "properties": {"lst": 38.54, "ndvi": 0.315, "ndbi": 0.009, "risk": "High", "heat_zone": 2, "color": "#e67e22", "city": "Ahmedabad"}}, {"type": "Feature", "geometry": {"type": "Point", "coordinates": [72.50190694245094, 23.059833330342613]}, "properties": {"lst": 37.63, "ndvi": 0.45, "ndbi": -0.128, "risk": "Low", "heat_zone": 0, "color": "#2ecc71", "city": "Ahmedabad"}}, {"type": "Feature", "geometry": {"type": "Point", "coordinates": [72.60179149018656, 22.99450219224913]}, "properties": {"lst": 36.06, "ndvi": 0.129, "ndbi": 0.018, "risk": "Moderate", "heat_zone": 1, "color": "#f1c40f", "city": "Ahmedabad"}}, {"type": "Feature", "geometry": {"type": "Point", "coordinates": [72.59302398845449, 23.077453897229013]}, "properties": {"lst": 36.79, "ndvi": 0.206, "ndbi": -0.033, "risk": "Moderate", "heat_zone": 1, "color": "#f1c40f", "city": "Ahmedabad"}}, {"type": "Feature", "geometry": {"type": "Point", "coordinates": [72.66813336002575, 23.11811270506416]}, "properties": {"lst": 38.89, "ndvi": 0.296, "ndbi": 0.065, "risk": "Critical", "heat_zone": 3, "color": "#e74c3c", "city": "Ahmedabad"}}, {"type": "Feature", "geometry": {"type": "Point", "coordinates": [72.63024156963928, 23.08272285774531]}, "properties": {"lst": 36.88, "ndvi": 0.187, "ndbi": -0.002, "risk": "Moderate", "heat_zone": 1, "color": "#f1c40f", "city": "Ahmedabad"}}, {"type": "Feature", "geometry": {"type": "Point", "coordinates": [72.52990094839636, 22.998634256969677]}, "properties": {"lst": 36.89, "ndvi": 0.207, "ndbi": -0.015, "risk": "Moderate", "heat_zone": 1, "color": "#f1c40f", "city": "Ahmedabad"}}, {"type": "Feature", "geometry": {"type": "Point", "coordinates": [72.51883532871541, 23.062082134620372]}, "properties": {"lst": 36.9, "ndvi": 0.348, "ndbi": -0.083, "risk": "High", "heat_zone": 2, "color": "#e67e22", "city": "Ahmedabad"}}, {"type": "Feature", "geometry": {"type": "Point", "coordinates": [72.51939279487598, 23.148562067404807]}, "properties": {"lst": 36.63, "ndvi": 0.397, "ndbi": -0.011, "risk": "High", "heat_zone": 2, "color": "#e67e22", "city": "Ahmedabad"}}, {"type": "Feature", "geometry": {"type": "Point", "coordinates": [72.67773292213246, 22.970949375769976]}, "properties": {"lst": 34.4, "ndvi": 0.401, "ndbi": -0.079, "risk": "Low", "heat_zone": 0, "color": "#2ecc71", "city": "Ahmedabad"}}, {"type": "Feature", "geometry": {"type": "Point", "coordinates": [72.65581171874052, 23.0175195651062]}, "properties": {"lst": 42.31, "ndvi": 0.083, "ndbi": 0.015, "risk": "Critical", "heat_zone": 3, "color": "#e74c3c", "city": "Ahmedabad"}}, {"type": "Feature", "geometry": {"type": "Point", "coordinates": [72.6504719948695, 23.109254463586318]}, "properties": {"lst": 31.99, "ndvi": 0.26, "ndbi": -0.07, "risk": "Moderate", "heat_zone": 1, "color": "#f1c40f", "city": "Ahmedabad"}}, {"type": "Feature", "geometry": {"type": "Point", "coordinates": [72.54873287400231, 22.982633225955617]}, "properties": {"lst": 34.26, "ndvi": 0.628, "ndbi": -0.235, "risk": "Low", "heat_zone": 0, "color": "#2ecc71", "city": "Ahmedabad"}}, {"type": "Feature", "geometry": {"type": "Point", "coordinates": [72.67486594233337, 23.13757355413241]}, "properties": {"lst": 36.54, "ndvi": 0.439, "ndbi": -0.021, "risk": "High", "heat_zone": 2, "color": "#e67e22", "city": "Ahmedabad"}}, {"type": "Feature", "geometry": {"type": "Point", "coordinates": [72.65797293874779, 22.993991742976352]}, "properties": {"lst": 37.72, "ndvi": 0.341, "ndbi": -0.037, "risk": "High", "heat_zone": 2, "color": "#e67e22", "city": "Ahmedabad"}}, {"type": "Feature", "geometry": {"type": "Point", "coordinates": [72.53428507111356, 23.13460535406059]}, "properties": {"lst": 34.88, "ndvi": 0.612, "ndbi": -0.223, "risk": "Low", "heat_zone": 0, "color": "#2ecc71", "city": "Ahmedabad"}}, {"type": "Feature", "geometry": {"type": "Point", "coordinates": [72.59951274017506, 22.95107605232897]}, "properties": {"lst": 36.64, "ndvi": 0.155, "ndbi": 0.033, "risk": "Moderate", "heat_zone": 1, "color": "#f1c40f", "city": "Ahmedabad"}}, {"type": "Feature", "geometry": {"type": "Point", "coordinates": [72.59067364744985, 23.12770783629739]}, "properties": {"lst": 38.0, "ndvi": 0.334, "ndbi": 0.06, "risk": "High", "heat_zone": 2, "color": "#e67e22", "city": "Ahmedabad"}}, {"type": "Feature", "geometry": {"type": "Point", "coordinates": [72.58153114369844, 23.03882694819901]}, "properties": {"lst": 37.9, "ndvi": 0.117, "ndbi": 0.045, "risk": "Moderate", "heat_zone": 1, "color": "#f1c40f", "city": "Ahmedabad"}}, {"type": "Feature", "geometry": {"type": "Point", "coordinates": [72.63061368650173, 23.11191377133287]}, "properties": {"lst": 39.0, "ndvi": 0.291, "ndbi": -0.015, "risk": "High", "heat_zone": 2, "color": "#e67e22", "city": "Ahmedabad"}}, {"type": "Feature", "geometry": {"type": "Point", "coordinates": [72.58298829354663, 23.108061847074225]}, "properties": {"lst": 36.39, "ndvi": 0.11, "ndbi": 0.024, "risk": "Moderate", "heat_zone": 1, "color": "#f1c40f", "city": "Ahmedabad"}}, {"type": "Feature", "geometry": {"type": "Point", "coordinates": [72.50633610379336, 23.05152526411141]}, "properties": {"lst": 36.3, "ndvi": 0.232, "ndbi": -0.006, "risk": "Moderate", "heat_zone": 1, "color": "#f1c40f", "city": "Ahmedabad"}}, {"type": "Feature", "geometry": {"type": "Point", "coordinates": [72.63434023264777, 23.00454998137217]}, "properties": {"lst": 36.23, "ndvi": 0.088, "ndbi": 0.021, "risk": "Moderate", "heat_zone": 1, "color": "#f1c40f", "city": "Ahmedabad"}}, {"type": "Feature", "geometry": {"type": "Point", "coordinates": [72.54968251685185, 22.96942452667429]}, "properties": {"lst": 40.92, "ndvi": 0.201, "ndbi": 0.11, "risk": "Critical", "heat_zone": 3, "color": "#e74c3c", "city": "Ahmedabad"}}, {"type": "Feature", "geometry": {"type": "Point", "coordinates": [72.52377212925958, 23.08025748751547]}, "properties": {"lst": 36.39, "ndvi": 0.35, "ndbi": -0.08, "risk": "High", "heat_zone": 2, "color": "#e67e22", "city": "Ahmedabad"}}, {"type": "Feature", "geometry": {"type": "Point", "coordinates": [72.6271058569091, 23.080187726072207]}, "properties": {"lst": 37.97, "ndvi": 0.178, "ndbi": 0.0, "risk": "Moderate", "heat_zone": 1, "color": "#f1c40f", "city": "Ahmedabad"}}, {"type": "Feature", "geometry": {"type": "Point", "coordinates": [72.66700138454179, 23.11709694104609]}, "properties": {"lst": 38.19, "ndvi": 0.336, "ndbi": 0.054, "risk": "High", "heat_zone": 2, "color": "#e67e22", "city": "Ahmedabad"}}, {"type": "Feature", "geometry": {"type": "Point", "coordinates": [72.6236279032135, 23.14787439947641]}, "properties": {"lst": 35.55, "ndvi": 0.593, "ndbi": -0.168, "risk": "Low", "heat_zone": 0, "color": "#2ecc71", "city": "Ahmedabad"}}, {"type": "Feature", "geometry": {"type": "Point", "coordinates": [72.59940684143761, 23.043767921646424]}, "properties": {"lst": 37.18, "ndvi": 0.157, "ndbi": -0.014, "risk": "Moderate", "heat_zone": 1, "color": "#f1c40f", "city": "Ahmedabad"}}, {"type": "Feature", "geometry": {"type": "Point", "coordinates": [72.57130180428803, 23.130482048296543]}, "properties": {"lst": 38.74, "ndvi": 0.325, "ndbi": -0.032, "risk": "High", "heat_zone": 2, "color": "#e67e22", "city": "Ahmedabad"}}, {"type": "Feature", "geometry": {"type": "Point", "coordinates": [72.69622308003834, 22.991773913813365]}, "properties": {"lst": 36.35, "ndvi": 0.5, "ndbi": -0.109, "risk": "Low", "heat_zone": 0, "color": "#2ecc71", "city": "Ahmedabad"}}, {"type": "Feature", "geometry": {"type": "Point", "coordinates": [72.52714358889963, 23.073446999472853]}, "properties": {"lst": 37.78, "ndvi": 0.116, "ndbi": -0.03, "risk": "Moderate", "heat_zone": 1, "color": "#f1c40f", "city": "Ahmedabad"}}, {"type": "Feature", "geometry": {"type": "Point", "coordinates": [72.63420792880648, 23.129444215616385]}, "properties": {"lst": 35.33, "ndvi": 0.527, "ndbi": -0.103, "risk": "Low", "heat_zone": 0, "color": "#2ecc71", "city": "Ahmedabad"}}, {"type": "Feature", "geometry": {"type": "Point", "coordinates": [72.51520208252113, 22.98135107125654]}, "properties": {"lst": 36.88, "ndvi": 0.131, "ndbi": 0.041, "risk": "Moderate", "heat_zone": 1, "color": "#f1c40f", "city": "Ahmedabad"}}, {"type": "Feature", "geometry": {"type": "Point", "coordinates": [72.57171250948355, 23.117673329681068]}, "properties": {"lst": 39.34, "ndvi": 0.233, "ndbi": 0.061, "risk": "Critical", "heat_zone": 3, "color": "#e74c3c", "city": "Ahmedabad"}}, {"type": "Feature", "geometry": {"type": "Point", "coordinates": [72.57881113135603, 23.095728648123035]}, "properties": {"lst": 37.21, "ndvi": 0.307, "ndbi": -0.046, "risk": "High", "heat_zone": 2, "color": "#e67e22", "city": "Ahmedabad"}}, {"type": "Feature", "geometry": {"type": "Point", "coordinates": [72.51307735307932, 23.095556013261326]}, "properties": {"lst": 37.01, "ndvi": 0.531, "ndbi": -0.14, "risk": "Low", "heat_zone": 0, "color": "#2ecc71", "city": "Ahmedabad"}}, {"type": "Feature", "geometry": {"type": "Point", "coordinates": [72.5101886871037, 23.143599986366244]}, "properties": {"lst": 37.79, "ndvi": 0.476, "ndbi": -0.035, "risk": "High", "heat_zone": 2, "color": "#e67e22", "city": "Ahmedabad"}}, {"type": "Feature", "geometry": {"type": "Point", "coordinates": [72.69299247452969, 22.95214084660445]}, "properties": {"lst": 38.15, "ndvi": 0.299, "ndbi": -0.026, "risk": "High", "heat_zone": 2, "color": "#e67e22", "city": "Ahmedabad"}}, {"type": "Feature", "geometry": {"type": "Point", "coordinates": [72.59261194506347, 23.1260923821956]}, "properties": {"lst": 38.15, "ndvi": 0.287, "ndbi": 0.05, "risk": "Critical", "heat_zone": 3, "color": "#e74c3c", "city": "Ahmedabad"}}, {"type": "Feature", "geometry": {"type": "Point", "coordinates": [72.57952162723629, 23.021425381176567]}, "properties": {"lst": 34.29, "ndvi": 0.57, "ndbi": -0.198, "risk": "Low", "heat_zone": 0, "color": "#2ecc71", "city": "Ahmedabad"}}, {"type": "Feature", "geometry": {"type": "Point", "coordinates": [72.53726242034013, 23.0187855651628]}, "properties": {"lst": 36.65, "ndvi": 0.196, "ndbi": -0.029, "risk": "Moderate", "heat_zone": 1, "color": "#f1c40f", "city": "Ahmedabad"}}, {"type": "Feature", "geometry": {"type": "Point", "coordinates": [72.58981311654638, 23.00965538279647]}, "properties": {"lst": 39.9, "ndvi": 0.235, "ndbi": 0.058, "risk": "Critical", "heat_zone": 3, "color": "#e74c3c", "city": "Ahmedabad"}}, {"type": "Feature", "geometry": {"type": "Point", "coordinates": [72.63602645426748, 23.014635908170487]}, "properties": {"lst": 40.62, "ndvi": 0.156, "ndbi": 0.031, "risk": "Critical", "heat_zone": 3, "color": "#e74c3c", "city": "Ahmedabad"}}, {"type": "Feature", "geometry": {"type": "Point", "coordinates": [72.66281311255453, 23.01666307019425]}, "properties": {"lst": 37.33, "ndvi": 0.104, "ndbi": 0.025, "risk": "Moderate", "heat_zone": 1, "color": "#f1c40f", "city": "Ahmedabad"}}, {"type": "Feature", "geometry": {"type": "Point", "coordinates": [72.54336409241284, 23.136072611909352]}, "properties": {"lst": 40.17, "ndvi": 0.149, "ndbi": 0.03, "risk": "Critical", "heat_zone": 3, "color": "#e74c3c", "city": "Ahmedabad"}}, {"type": "Feature", "geometry": {"type": "Point", "coordinates": [72.66804209358713, 23.044778931650907]}, "properties": {"lst": 36.98, "ndvi": 0.204, "ndbi": 0.044, "risk": "Moderate", "heat_zone": 1, "color": "#f1c40f", "city": "Ahmedabad"}}, {"type": "Feature", "geometry": {"type": "Point", "coordinates": [72.68351685972277, 22.95472619803132]}, "properties": {"lst": 36.09, "ndvi": 0.518, "ndbi": -0.089, "risk": "Low", "heat_zone": 0, "color": "#2ecc71", "city": "Ahmedabad"}}, {"type": "Feature", "geometry": {"type": "Point", "coordinates": [72.6124542921524, 23.08706916354382]}, "properties": {"lst": 36.81, "ndvi": 0.417, "ndbi": -0.025, "risk": "High", "heat_zone": 2, "color": "#e67e22", "city": "Ahmedabad"}}, {"type": "Feature", "geometry": {"type": "Point", "coordinates": [72.51704673316473, 23.01938668183698]}, "properties": {"lst": 35.74, "ndvi": 0.162, "ndbi": 0.011, "risk": "Moderate", "heat_zone": 1, "color": "#f1c40f", "city": "Ahmedabad"}}, {"type": "Feature", "geometry": {"type": "Point", "coordinates": [72.64086081999062, 23.094559424633207]}, "properties": {"lst": 31.31, "ndvi": 0.305, "ndbi": -0.274, "risk": "Low", "heat_zone": 0, "color": "#2ecc71", "city": "Ahmedabad"}}, {"type": "Feature", "geometry": {"type": "Point", "coordinates": [72.51974673275082, 22.97396840613357]}, "properties": {"lst": 33.91, "ndvi": 0.681, "ndbi": -0.282, "risk": "Low", "heat_zone": 0, "color": "#2ecc71", "city": "Ahmedabad"}}, {"type": "Feature", "geometry": {"type": "Point", "coordinates": [72.62870917248567, 22.96532170052056]}, "properties": {"lst": 40.88, "ndvi": 0.241, "ndbi": -0.038, "risk": "Critical", "heat_zone": 3, "color": "#e74c3c", "city": "Ahmedabad"}}, {"type": "Feature", "geometry": {"type": "Point", "coordinates": [72.61261024687036, 23.017490542235453]}, "properties": {"lst": 38.27, "ndvi": 0.119, "ndbi": 0.052, "risk": "Critical", "heat_zone": 3, "color": "#e74c3c", "city": "Ahmedabad"}}, {"type": "Feature", "geometry": {"type": "Point", "coordinates": [72.61307326030858, 23.049158539142063]}, "properties": {"lst": 38.84, "ndvi": 0.148, "ndbi": 0.036, "risk": "Critical", "heat_zone": 3, "color": "#e74c3c", "city": "Ahmedabad"}}, {"type": "Feature", "geometry": {"type": "Point", "coordinates": [72.63772837931698, 22.96354097717318]}, "properties": {"lst": 39.28, "ndvi": 0.387, "ndbi": -0.034, "risk": "High", "heat_zone": 2, "color": "#e67e22", "city": "Ahmedabad"}}, {"type": "Feature", "geometry": {"type": "Point", "coordinates": [72.68036607957049, 23.080673368887503]}, "properties": {"lst": 38.08, "ndvi": 0.184, "ndbi": 0.017, "risk": "Moderate", "heat_zone": 1, "color": "#f1c40f", "city": "Ahmedabad"}}, {"type": "Feature", "geometry": {"type": "Point", "coordinates": [72.56948872723216, 23.03816143618009]}, "properties": {"lst": 36.19, "ndvi": 0.178, "ndbi": -0.011, "risk": "Moderate", "heat_zone": 1, "color": "#f1c40f", "city": "Ahmedabad"}}, {"type": "Feature", "geometry": {"type": "Point", "coordinates": [72.69754132416244, 23.1052546705452]}, "properties": {"lst": 34.69, "ndvi": 0.61, "ndbi": -0.183, "risk": "Low", "heat_zone": 0, "color": "#2ecc71", "city": "Ahmedabad"}}, {"type": "Feature", "geometry": {"type": "Point", "coordinates": [72.58715020545803, 23.024190375051493]}, "properties": {"lst": 38.37, "ndvi": 0.077, "ndbi": 0.072, "risk": "Critical", "heat_zone": 3, "color": "#e74c3c", "city": "Ahmedabad"}}, {"type": "Feature", "geometry": {"type": "Point", "coordinates": [72.63930696530086, 23.077169541054428]}, "properties": {"lst": 38.97, "ndvi": 0.163, "ndbi": 0.027, "risk": "Critical", "heat_zone": 3, "color": "#e74c3c", "city": "Ahmedabad"}}, {"type": "Feature", "geometry": {"type": "Point", "coordinates": [72.57396155232696, 22.983541787744212]}, "properties": {"lst": 39.85, "ndvi": 0.156, "ndbi": 0.036, "risk": "Critical", "heat_zone": 3, "color": "#e74c3c", "city": "Ahmedabad"}}, {"type": "Feature", "geometry": {"type": "Point", "coordinates": [72.50637625000401, 22.98015087778066]}, "properties": {"lst": 38.43, "ndvi": 0.184, "ndbi": 0.028, "risk": "Critical", "heat_zone": 3, "color": "#e74c3c", "city": "Ahmedabad"}}, {"type": "Feature", "geometry": {"type": "Point", "coordinates": [72.5498488559677, 23.097617097583345]}, "properties": {"lst": 36.07, "ndvi": 0.27, "ndbi": -0.029, "risk": "Moderate", "heat_zone": 1, "color": "#f1c40f", "city": "Ahmedabad"}}, {"type": "Feature", "geometry": {"type": "Point", "coordinates": [72.61845503999184, 22.96647054661659]}, "properties": {"lst": 36.83, "ndvi": 0.141, "ndbi": 0.015, "risk": "Moderate", "heat_zone": 1, "color": "#f1c40f", "city": "Ahmedabad"}}, {"type": "Feature", "geometry": {"type": "Point", "coordinates": [72.64385000395815, 23.054373358170416]}, "properties": {"lst": 37.36, "ndvi": 0.128, "ndbi": 0.01, "risk": "Moderate", "heat_zone": 1, "color": "#f1c40f", "city": "Ahmedabad"}}, {"type": "Feature", "geometry": {"type": "Point", "coordinates": [72.51737844012318, 23.14750020254889]}, "properties": {"lst": 37.63, "ndvi": 0.367, "ndbi": 0.001, "risk": "High", "heat_zone": 2, "color": "#e67e22", "city": "Ahmedabad"}}, {"type": "Feature", "geometry": {"type": "Point", "coordinates": [72.51579850828585, 23.038342509723]}, "properties": {"lst": 35.05, "ndvi": 0.248, "ndbi": -0.09, "risk": "Moderate", "heat_zone": 1, "color": "#f1c40f", "city": "Ahmedabad"}}, {"type": "Feature", "geometry": {"type": "Point", "coordinates": [72.67325069867455, 23.094232092905656]}, "properties": {"lst": 40.11, "ndvi": 0.13, "ndbi": 0.05, "risk": "Critical", "heat_zone": 3, "color": "#e74c3c", "city": "Ahmedabad"}}, {"type": "Feature", "geometry": {"type": "Point", "coordinates": [72.55469336387583, 23.12401782758608]}, "properties": {"lst": 38.46, "ndvi": 0.26, "ndbi": 0.092, "risk": "Critical", "heat_zone": 3, "color": "#e74c3c", "city": "Ahmedabad"}}, {"type": "Feature", "geometry": {"type": "Point", "coordinates": [72.62469673866785, 23.051685559064047]}, "properties": {"lst": 38.85, "ndvi": 0.095, "ndbi": 0.053, "risk": "Critical", "heat_zone": 3, "color": "#e74c3c", "city": "Ahmedabad"}}, {"type": "Feature", "geometry": {"type": "Point", "coordinates": [72.51421729612967, 23.00661590816737]}, "properties": {"lst": 36.93, "ndvi": 0.161, "ndbi": 0.027, "risk": "Moderate", "heat_zone": 1, "color": "#f1c40f", "city": "Ahmedabad"}}, {"type": "Feature", "geometry": {"type": "Point", "coordinates": [72.55028078143104, 23.08518582997208]}, "properties": {"lst": 37.47, "ndvi": 0.182, "ndbi": -0.003, "risk": "Moderate", "heat_zone": 1, "color": "#f1c40f", "city": "Ahmedabad"}}, {"type": "Feature", "geometry": {"type": "Point", "coordinates": [72.63554295025709, 22.9801256442835]}, "properties": {"lst": 40.29, "ndvi": 0.208, "ndbi": 0.005, "risk": "Critical", "heat_zone": 3, "color": "#e74c3c", "city": "Ahmedabad"}}, {"type": "Feature", "geometry": {"type": "Point", "coordinates": [72.62282416901054, 23.13116070295844]}, "properties": {"lst": 37.49, "ndvi": 0.392, "ndbi": 0.023, "risk": "High", "heat_zone": 2, "color": "#e67e22", "city": "Ahmedabad"}}, {"type": "Feature", "geometry": {"type": "Point", "coordinates": [72.55854942334594, 23.114079870898603]}, "properties": {"lst": 37.44, "ndvi": 0.19, "ndbi": 0.03, "risk": "Moderate", "heat_zone": 1, "color": "#f1c40f", "city": "Ahmedabad"}}, {"type": "Feature", "geometry": {"type": "Point", "coordinates": [72.65148297851769, 22.959760489207653]}, "properties": {"lst": 38.25, "ndvi": 0.468, "ndbi": -0.19, "risk": "Low", "heat_zone": 0, "color": "#2ecc71", "city": "Ahmedabad"}}, {"type": "Feature", "geometry": {"type": "Point", "coordinates": [72.56339748656409, 23.083054202544712]}, "properties": {"lst": 36.64, "ndvi": 0.172, "ndbi": -0.01, "risk": "Moderate", "heat_zone": 1, "color": "#f1c40f", "city": "Ahmedabad"}}, {"type": "Feature", "geometry": {"type": "Point", "coordinates": [72.6947835130227, 23.056147369952125]}, "properties": {"lst": 38.48, "ndvi": 0.376, "ndbi": -0.028, "risk": "High", "heat_zone": 2, "color": "#e67e22", "city": "Ahmedabad"}}, {"type": "Feature", "geometry": {"type": "Point", "coordinates": [72.51163950311351, 23.01999930790768]}, "properties": {"lst": 35.23, "ndvi": 0.3, "ndbi": -0.033, "risk": "High", "heat_zone": 2, "color": "#e67e22", "city": "Ahmedabad"}}, {"type": "Feature", "geometry": {"type": "Point", "coordinates": [72.61187552581212, 23.03195670783063]}, "properties": {"lst": 37.97, "ndvi": 0.197, "ndbi": 0.0, "risk": "Moderate", "heat_zone": 1, "color": "#f1c40f", "city": "Ahmedabad"}}, {"type": "Feature", "geometry": {"type": "Point", "coordinates": [72.64014157372516, 22.99093609631224]}, "properties": {"lst": 39.95, "ndvi": 0.232, "ndbi": -0.02, "risk": "Critical", "heat_zone": 3, "color": "#e74c3c", "city": "Ahmedabad"}}, {"type": "Feature", "geometry": {"type": "Point", "coordinates": [72.54320496917548, 22.95504278882241]}, "properties": {"lst": 35.38, "ndvi": 0.292, "ndbi": 0.032, "risk": "Moderate", "heat_zone": 1, "color": "#f1c40f", "city": "Ahmedabad"}}, {"type": "Feature", "geometry": {"type": "Point", "coordinates": [72.61513798887583, 23.089254097037948]}, "properties": {"lst": 35.33, "ndvi": 0.274, "ndbi": -0.048, "risk": "Moderate", "heat_zone": 1, "color": "#f1c40f", "city": "Ahmedabad"}}, {"type": "Feature", "geometry": {"type": "Point", "coordinates": [72.56460415189221, 22.969334327368035]}, "properties": {"lst": 40.53, "ndvi": 0.343, "ndbi": -0.017, "risk": "High", "heat_zone": 2, "color": "#e67e22", "city": "Ahmedabad"}}, {"type": "Feature", "geometry": {"type": "Point", "coordinates": [72.62572219069425, 23.06560531875195]}, "properties": {"lst": 41.66, "ndvi": 0.239, "ndbi": 0.094, "risk": "Critical", "heat_zone": 3, "color": "#e74c3c", "city": "Ahmedabad"}}, {"type": "Feature", "geometry": {"type": "Point", "coordinates": [72.58502550217565, 23.11498408324827]}, "properties": {"lst": 37.14, "ndvi": 0.258, "ndbi": -0.03, "risk": "Moderate", "heat_zone": 1, "color": "#f1c40f", "city": "Ahmedabad"}}, {"type": "Feature", "geometry": {"type": "Point", "coordinates": [72.52412623858844, 23.106828087126253]}, "properties": {"lst": 39.56, "ndvi": 0.201, "ndbi": 0.003, "risk": "Critical", "heat_zone": 3, "color": "#e74c3c", "city": "Ahmedabad"}}, {"type": "Feature", "geometry": {"type": "Point", "coordinates": [72.51657092543486, 22.960181445423352]}, "properties": {"lst": 35.95, "ndvi": 0.313, "ndbi": -0.038, "risk": "High", "heat_zone": 2, "color": "#e67e22", "city": "Ahmedabad"}}, {"type": "Feature", "geometry": {"type": "Point", "coordinates": [72.69294812528882, 22.986042704013045]}, "properties": {"lst": 38.7, "ndvi": 0.329, "ndbi": 0.009, "risk": "High", "heat_zone": 2, "color": "#e67e22", "city": "Ahmedabad"}}, {"type": "Feature", "geometry": {"type": "Point", "coordinates": [72.61615328641122, 23.06179949700004]}, "properties": {"lst": 38.0, "ndvi": 0.236, "ndbi": -0.018, "risk": "Moderate", "heat_zone": 1, "color": "#f1c40f", "city": "Ahmedabad"}}, {"type": "Feature", "geometry": {"type": "Point", "coordinates": [72.63264764924283, 22.96370366222]}, "properties": {"lst": 40.33, "ndvi": 0.179, "ndbi": 0.045, "risk": "Critical", "heat_zone": 3, "color": "#e74c3c", "city": "Ahmedabad"}}, {"type": "Feature", "geometry": {"type": "Point", "coordinates": [72.66085706778223, 23.06085997876965]}, "properties": {"lst": 39.37, "ndvi": 0.201, "ndbi": -0.004, "risk": "Critical", "heat_zone": 3, "color": "#e74c3c", "city": "Ahmedabad"}}, {"type": "Feature", "geometry": {"type": "Point", "coordinates": [72.50058389007978, 23.02038803511722]}, "properties": {"lst": 34.63, "ndvi": 0.53, "ndbi": -0.092, "risk": "Low", "heat_zone": 0, "color": "#2ecc71", "city": "Ahmedabad"}}, {"type": "Feature", "geometry": {"type": "Point", "coordinates": [72.56674802855586, 23.0063796320394]}, "properties": {"lst": 36.53, "ndvi": 0.154, "ndbi": 0.004, "risk": "Moderate", "heat_zone": 1, "color": "#f1c40f", "city": "Ahmedabad"}}, {"type": "Feature", "geometry": {"type": "Point", "coordinates": [72.66135574763119, 23.02851384815764]}, "properties": {"lst": 37.42, "ndvi": 0.126, "ndbi": 0.033, "risk": "Moderate", "heat_zone": 1, "color": "#f1c40f", "city": "Ahmedabad"}}, {"type": "Feature", "geometry": {"type": "Point", "coordinates": [72.63359075384989, 23.077435741877355]}, "properties": {"lst": 44.59, "ndvi": 0.257, "ndbi": 0.027, "risk": "Critical", "heat_zone": 3, "color": "#e74c3c", "city": "Ahmedabad"}}, {"type": "Feature", "geometry": {"type": "Point", "coordinates": [72.66590635560503, 23.000734762844285]}, "properties": {"lst": 38.65, "ndvi": 0.159, "ndbi": 0.05, "risk": "Critical", "heat_zone": 3, "color": "#e74c3c", "city": "Ahmedabad"}}, {"type": "Feature", "geometry": {"type": "Point", "coordinates": [72.57797814456741, 23.00607194023016]}, "properties": {"lst": 36.11, "ndvi": 0.503, "ndbi": -0.154, "risk": "Low", "heat_zone": 0, "color": "#2ecc71", "city": "Ahmedabad"}}, {"type": "Feature", "geometry": {"type": "Point", "coordinates": [72.6933096744242, 23.09851356850677]}, "properties": {"lst": 37.65, "ndvi": 0.433, "ndbi": -0.053, "risk": "High", "heat_zone": 2, "color": "#e67e22", "city": "Ahmedabad"}}, {"type": "Feature", "geometry": {"type": "Point", "coordinates": [72.5754819897868, 23.00664803880144]}, "properties": {"lst": 35.77, "ndvi": 0.429, "ndbi": -0.114, "risk": "Low", "heat_zone": 0, "color": "#2ecc71", "city": "Ahmedabad"}}, {"type": "Feature", "geometry": {"type": "Point", "coordinates": [72.58463136779457, 23.031196537178936]}, "properties": {"lst": 36.62, "ndvi": 0.151, "ndbi": 0.04, "risk": "Moderate", "heat_zone": 1, "color": "#f1c40f", "city": "Ahmedabad"}}, {"type": "Feature", "geometry": {"type": "Point", "coordinates": [72.68607129722392, 23.09939620718037]}, "properties": {"lst": 42.41, "ndvi": 0.252, "ndbi": 0.036, "risk": "Critical", "heat_zone": 3, "color": "#e74c3c", "city": "Ahmedabad"}}, {"type": "Feature", "geometry": {"type": "Point", "coordinates": [72.52384153118427, 23.086490314676965]}, "properties": {"lst": 38.25, "ndvi": 0.245, "ndbi": -0.048, "risk": "Moderate", "heat_zone": 1, "color": "#f1c40f", "city": "Ahmedabad"}}, {"type": "Feature", "geometry": {"type": "Point", "coordinates": [72.65580283822018, 23.102413411660155]}, "properties": {"lst": 37.71, "ndvi": 0.228, "ndbi": 0.02, "risk": "Moderate", "heat_zone": 1, "color": "#f1c40f", "city": "Ahmedabad"}}, {"type": "Feature", "geometry": {"type": "Point", "coordinates": [72.6407853478427, 23.12378012312954]}, "properties": {"lst": 33.33, "ndvi": 0.246, "ndbi": -0.014, "risk": "Moderate", "heat_zone": 1, "color": "#f1c40f", "city": "Ahmedabad"}}, {"type": "Feature", "geometry": {"type": "Point", "coordinates": [72.65341562853328, 23.144030361952638]}, "properties": {"lst": 34.09, "ndvi": 0.334, "ndbi": -0.007, "risk": "High", "heat_zone": 2, "color": "#e67e22", "city": "Ahmedabad"}}, {"type": "Feature", "geometry": {"type": "Point", "coordinates": [72.67025727254892, 23.01539136572876]}, "properties": {"lst": 40.91, "ndvi": 0.136, "ndbi": 0.028, "risk": "Critical", "heat_zone": 3, "color": "#e74c3c", "city": "Ahmedabad"}}, {"type": "Feature", "geometry": {"type": "Point", "coordinates": [72.6531567459418, 23.06057258529704]}, "properties": {"lst": 37.11, "ndvi": 0.185, "ndbi": 0.002, "risk": "Moderate", "heat_zone": 1, "color": "#f1c40f", "city": "Ahmedabad"}}, {"type": "Feature", "geometry": {"type": "Point", "coordinates": [72.65668582205645, 22.97268459508885]}, "properties": {"lst": 39.09, "ndvi": 0.348, "ndbi": -0.002, "risk": "High", "heat_zone": 2, "color": "#e67e22", "city": "Ahmedabad"}}, {"type": "Feature", "geometry": {"type": "Point", "coordinates": [72.68052850450442, 23.097991970224854]}, "properties": {"lst": 41.13, "ndvi": 0.199, "ndbi": 0.046, "risk": "Critical", "heat_zone": 3, "color": "#e74c3c", "city": "Ahmedabad"}}, {"type": "Feature", "geometry": {"type": "Point", "coordinates": [72.52498240482869, 22.997273676931176]}, "properties": {"lst": 36.48, "ndvi": 0.129, "ndbi": 0.004, "risk": "Moderate", "heat_zone": 1, "color": "#f1c40f", "city": "Ahmedabad"}}, {"type": "Feature", "geometry": {"type": "Point", "coordinates": [72.5442409081575, 23.107388177063196]}, "properties": {"lst": 37.25, "ndvi": 0.153, "ndbi": 0.022, "risk": "Moderate", "heat_zone": 1, "color": "#f1c40f", "city": "Ahmedabad"}}, {"type": "Feature", "geometry": {"type": "Point", "coordinates": [72.66840845968672, 23.005518244217097]}, "properties": {"lst": 40.76, "ndvi": 0.174, "ndbi": 0.043, "risk": "Critical", "heat_zone": 3, "color": "#e74c3c", "city": "Ahmedabad"}}, {"type": "Feature", "geometry": {"type": "Point", "coordinates": [72.54651338237355, 22.950052086762494]}, "properties": {"lst": 36.94, "ndvi": 0.474, "ndbi": -0.118, "risk": "Low", "heat_zone": 0, "color": "#2ecc71", "city": "Ahmedabad"}}, {"type": "Feature", "geometry": {"type": "Point", "coordinates": [72.68263942488554, 23.036208671964133]}, "properties": {"lst": 40.27, "ndvi": 0.079, "ndbi": 0.111, "risk": "Critical", "heat_zone": 3, "color": "#e74c3c", "city": "Ahmedabad"}}, {"type": "Feature", "geometry": {"type": "Point", "coordinates": [72.60014693426017, 22.994967896561423]}, "properties": {"lst": 35.65, "ndvi": 0.167, "ndbi": -0.008, "risk": "Moderate", "heat_zone": 1, "color": "#f1c40f", "city": "Ahmedabad"}}, {"type": "Feature", "geometry": {"type": "Point", "coordinates": [72.57712531295958, 22.95364213639577]}, "properties": {"lst": 39.35, "ndvi": 0.26, "ndbi": 0.05, "risk": "Critical", "heat_zone": 3, "color": "#e74c3c", "city": "Ahmedabad"}}, {"type": "Feature", "geometry": {"type": "Point", "coordinates": [72.61556635725462, 23.03429938016339]}, "properties": {"lst": 38.62, "ndvi": 0.233, "ndbi": -0.019, "risk": "Critical", "heat_zone": 3, "color": "#e74c3c", "city": "Ahmedabad"}}, {"type": "Feature", "geometry": {"type": "Point", "coordinates": [72.68581901490195, 23.07275758234534]}, "properties": {"lst": 35.86, "ndvi": 0.413, "ndbi": -0.074, "risk": "High", "heat_zone": 2, "color": "#e67e22", "city": "Ahmedabad"}}, {"type": "Feature", "geometry": {"type": "Point", "coordinates": [72.56643658391691, 23.07662613603178]}, "properties": {"lst": 37.58, "ndvi": 0.224, "ndbi": -0.03, "risk": "Moderate", "heat_zone": 1, "color": "#f1c40f", "city": "Ahmedabad"}}, {"type": "Feature", "geometry": {"type": "Point", "coordinates": [72.59860204466118, 23.087727986516708]}, "properties": {"lst": 39.17, "ndvi": 0.346, "ndbi": -0.11, "risk": "High", "heat_zone": 2, "color": "#e67e22", "city": "Ahmedabad"}}, {"type": "Feature", "geometry": {"type": "Point", "coordinates": [72.66742401072476, 23.134378642820923]}, "properties": {"lst": 34.26, "ndvi": 0.53, "ndbi": -0.127, "risk": "Low", "heat_zone": 0, "color": "#2ecc71", "city": "Ahmedabad"}}, {"type": "Feature", "geometry": {"type": "Point", "coordinates": [72.54154650078863, 23.0047048082547]}, "properties": {"lst": 37.73, "ndvi": 0.309, "ndbi": -0.075, "risk": "High", "heat_zone": 2, "color": "#e67e22", "city": "Ahmedabad"}}, {"type": "Feature", "geometry": {"type": "Point", "coordinates": [72.68119153110887, 23.04804973747521]}, "properties": {"lst": 39.47, "ndvi": 0.252, "ndbi": 0.051, "risk": "Critical", "heat_zone": 3, "color": "#e74c3c", "city": "Ahmedabad"}}, {"type": "Feature", "geometry": {"type": "Point", "coordinates": [72.59973857338855, 22.992220985909285]}, "properties": {"lst": 37.02, "ndvi": 0.149, "ndbi": 0.013, "risk": "Moderate", "heat_zone": 1, "color": "#f1c40f", "city": "Ahmedabad"}}]}