{"type": "FeatureCollection", "features": [{"type": "Feature", "geometry": {"type": "Point", "coordinates": [77.7159775414258, 12.881919600500312]}, "properties": {"lst": 25.99, "ndvi": 0.474, "ndbi": -0.154, "risk": "Low", "heat_zone": 0, "color": "#2ecc71", "city": "Bengaluru"}}, {"type": "Feature", "geometry": {"type": "Point", "coordinates": [77.63157475891157, 12.862416030503663]}, "properties": {"lst": 24.72, "ndvi": 0.692, "ndbi": -0.105, "risk": "Low", "heat_zone": 0, "color": "#2ecc71", "city": "Bengaluru"}}, {"type": "Feature", "geometry": {"type": "Point", "coordinates": [77.4643261358421, 13.027293377358529]}, "properties": {"lst": 26.3, "ndvi": 0.812, "ndbi": -0.27, "risk": "Low", "heat_zone": 0, "color": "#2ecc71", "city": "Bengaluru"}}, {"type": "Feature", "geometry": {"type": "Point", "coordinates": [77.65893995394603, 13.04900747521094]}, "properties": {"lst": 28.05, "ndvi": 0.703, "ndbi": -0.172, "risk": "Low", "heat_zone": 0, "color": "#2ecc71", "city": "Bengaluru"}}, {"type": "Feature", "geometry": {"type": "Point", "coordinates": [77.7639631029282, 12.83979170489595]}, "properties": {"lst": 24.53, "ndvi": 0.448, "ndbi": -0.233, "risk": "Low", "heat_zone": 0, "color": "#2ecc71", "city": "Bengaluru"}}, {"type": "Feature", "geometry": {"type": "Point", "coordinates": [77.6485319006483, 13.120225796335545]}, "properties": {"lst": 24.53, "ndvi": 0.552, "ndbi": -0.224, "risk": "Low", "heat_zone": 0, "color": "#2ecc71", "city": "Bengaluru"}}, {"type": "Feature", "geometry": {"type": "Point", "coordinates": [77.72033232361085, 12.846111097931956]}, "properties": {"lst": 28.16, "ndvi": 0.727, "ndbi": -0.23, "risk": "Low", "heat_zone": 0, "color": "#2ecc71", "city": "Bengaluru"}}, {"type": "Feature", "geometry": {"type": "Point", "coordinates": [77.74178813290497, 12.997801863943332]}, "properties": {"lst": 26.53, "ndvi": 0.529, "ndbi": -0.243, "risk": "Low", "heat_zone": 0, "color": "#2ecc71", "city": "Bengaluru"}}, {"type": "Feature", "geometry": {"type": "Point", "coordinates": [77.52526632474316, 13.049808761029784]}, "properties": {"lst": 24.06, "ndvi": 0.644, "ndbi": -0.198, "risk": "Low", "heat_zone": 0, "color": "#2ecc71", "city": "Bengaluru"}}, {"type": "Feature", "geometry": {"type": "Point", "coordinates": [77.51997479716972, 13.100000428361287]}, "properties": {"lst": 26.09, "ndvi": 0.677, "ndbi": -0.242, "risk": "Low", "heat_zone": 0, "color": "#2ecc71", "city": "Bengaluru"}}, {"type": "Feature", "geometry": {"type": "Point", "coordinates": [77.65162372632084, 13.051366948961054]}, "properties": {"lst": 24.07, "ndvi": 0.507, "ndbi": -0.186, "risk": "Low", "heat_zone": 0, "color": "#2ecc71", "city": "Bengaluru"}}, {"type": "Feature", "geometry": {"type": "Point", "coordinates": [77.58563939503621, 13.078535705751635]}, "properties": {"lst": 24.07, "ndvi": 0.594, "ndbi": -0.203, "risk": "Low", "heat_zone": 0, "color": "#2ecc71", "city": "Bengaluru"}}, {"type": "Feature", "geometry": {"type": "Point", "coordinates": [77.72715422994602, 12.93522955968827]}, "properties": {"lst": 25.48, "ndvi": 0.276, "ndbi": -0.212, "risk": "Low", "heat_zone": 0, "color": "#2ecc71", "city": "Bengaluru"}}, {"type": "Feature", "geometry": {"type": "Point", "coordinates": [77.74700763072134, 13.08259578526142]}, "properties": {"lst": 21.17, "ndvi": 0.498, "ndbi": -0.245, "risk": "Low", "heat_zone": 0, "color": "#2ecc71", "city": "Bengaluru"}}, {"type": "Feature", "geometry": {"type": "Point", "coordinates": [77.5666290551699, 12.85483560237925]}, "properties": {"lst": 21.55, "ndvi": 0.575, "ndbi": -0.229, "risk": "Low", "heat_zone": 0, "color": "#2ecc71", "city": "Bengaluru"}}, {"type": "Feature", "geometry": {"type": "Point", "coordinates": [77.52816728446159, 13.107393163378765]}, "properties": {"lst": 23.88, "ndvi": 0.475, "ndbi": -0.162, "risk": "Low", "heat_zone": 0, "color": "#2ecc71", "city": "Bengaluru"}}, {"type": "Feature", "geometry": {"type": "Point", "coordinates": [77.70757342003047, 12.99975363660766]}, "properties": {"lst": 22.97, "ndvi": 0.763, "ndbi": -0.175, "risk": "Low", "heat_zone": 0, "color": "#2ecc71", "city": "Bengaluru"}}, {"type": "Feature", "geometry": {"type": "Point", "coordinates": [77.54068599173088, 13.083362308688374]}, "properties": {"lst": 25.63, "ndvi": 0.457, "ndbi": -0.249, "risk": "Low", "heat_zone": 0, "color": "#2ecc71", "city": "Bengaluru"}}, {"type": "Feature", "geometry": {"type": "Point", "coordinates": [77.72146272510952, 12.970218668200673]}, "properties": {"lst": 23.18, "ndvi": 0.556, "ndbi": -0.195, "risk": "Low", "heat_zone": 0, "color": "#2ecc71", "city": "Bengaluru"}}, {"type": "Feature", "geometry": {"type": "Point", "coordinates": [77.5898336237041, 13.029509085510924]}, "properties": {"lst": 22.18, "ndvi": 0.613, "ndbi": -0.162, "risk": "Low", "heat_zone": 0, "color": "#2ecc71", "city": "Bengaluru"}}, {"type": "Feature", "geometry": {"type": "Point", "coordinates": [77.67029146676619, 12.993184824890196]}, "properties": {"lst": 27.93, "ndvi": 0.744, "ndbi": -0.283, "risk": "Low", "heat_zone": 0, "color": "#2ecc71", "city": "Bengaluru"}}, {"type": "Feature", "geometry": {"type": "Point", "coordinates": [77.48152665356544, 13.056792751744153]}, "properties": {"lst": 24.55, "ndvi": 0.456, "ndbi": -0.173, "risk": "Low", "heat_zone": 0, "color": "#2ecc71", "city": "Bengaluru"}}, {"type": "Feature", "geometry": {"type": "Point", "coordinates": [77.65587357714327, 12.855305294429485]}, "properties": {"lst": 25.14, "ndvi": 0.716, "ndbi": -0.233, "risk": "Low", "heat_zone": 0, "color": "#2ecc71", "city": "Bengaluru"}}, {"type": "Feature", "geometry": {"type": "Point", "coordinates": [77.59908333398329, 12.848709146037075]}, "properties": {"lst": 22.15, "ndvi": 0.601, "ndbi": -0.171, "risk": "Low", "heat_zone": 0, "color": "#2ecc71", "city": "Bengaluru"}}, {"type": "Feature", "geometry": {"type": "Point", "coordinates": [77.64358079284791, 12.906602002543146]}, "properties": {"lst": 23.91, "ndvi": 0.502, "ndbi": -0.238, "risk": "Low", "heat_zone": 0, "color": "#2ecc71", "city": "Bengaluru"}}, {"type": "Feature", "geometry": {"type": "Point", "coordinates": [77.50544468855581, 12.87945885083509]}, "properties": {"lst": 25.22, "ndvi": 0.646, "ndbi": -0.29, "risk": "Low", "heat_zone": 0, "color": "#2ecc71", "city": "Bengaluru"}}, {"type": "Feature", "geometry": {"type": "Point", "coordinates": [77.69316833583159, 13.100252905643584]}, "properties": {"lst": 22.7, "ndvi": 0.62, "ndbi": -0.281, "risk": "Low", "heat_zone": 0, "color": "#2ecc71", "city": "Bengaluru"}}, {"type": "Feature", "geometry": {"type": "Point", "coordinates": [77.73472303558927, 12.897956336080997]}, "properties": {"lst": 25.75, "ndvi": 0.54, "ndbi": -0.198, "risk": "Low", "heat_zone": 0, "color": "#2ecc71", "city": "Bengaluru"}}, {"type": "Feature", "geometry": {"type": "Point", "coordinates": [77.52152413402996, 13.132518229303932]}, "properties": {"lst": 23.8, "ndvi": 0.607, "ndbi": -0.187, "risk": "Low", "heat_zone": 0, "color": "#2ecc71", "city": "Bengaluru"}}, {"type": "Feature", "geometry": {"type": "Point", "coordinates": [77.48158580332165, 12.934437695449043]}, "properties": {"lst": 24.42, "ndvi": 0.561, "ndbi": -0.245, "risk": "Low", "heat_zone": 0, "color": "#2ecc71", "city": "Bengaluru"}}, {"type": "Feature", "geometry": {"type": "Point", "coordinates": [77.45780073339529, 12.886456553863496]}, "properties": {"lst": 23.8, "ndvi": 0.611, "ndbi": -0.168, "risk": "Low", "heat_zone": 0, "color": "#2ecc71", "city": "Bengaluru"}}, {"type": "Feature", "geometry": {"type": "Point", "coordinates": [77.66185059514628, 13.074806537214169]}, "properties": {"lst": 28.7, "ndvi": 0.666, "ndbi": -0.283, "risk": "Low", "heat_zone": 0, "color": "#2ecc71", "city": "Bengaluru"}}, {"type": "Feature", "geometry": {"type": "Point", "coordinates": [77.6503410319093, 13.034199410405272]}, "properties": {"lst": 24.97, "ndvi": 0.759, "ndbi": -0.203, "risk": "Low", "heat_zone": 0, "color": "#2ecc71", "city": "Bengaluru"}}, {"type": "Feature", "geometry": {"type": "Point", "coordinates": [77.63041014619564, 12.984440672100474]}, "properties": {"lst": 22.88, "ndvi": 0.476, "ndbi": -0.261, "risk": "Low", "heat_zone": 0, "color": "#2ecc71", "city": "Bengaluru"}}, {"type": "Feature", "geometry": {"type": "Point", "coordinates": [77.52654254171827, 13.002162700790668]}, "properties": {"lst": 26.65, "ndvi": 0.813, "ndbi": -0.233, "risk": "Low", "heat_zone": 0, "color": "#2ecc71", "city": "Bengaluru"}}, {"type": "Feature", "geometry": {"type": "Point", "coordinates": [77.57899897864883, 13.052952551264402]}, "properties": {"lst": 22.56, "ndvi": 0.405, "ndbi": -0.198, "risk": "Low", "heat_zone": 0, "color": "#2ecc71", "city": "Bengaluru"}}, {"type": "Feature", "geometry": {"type": "Point", "coordinates": [77.64617719061144, 12.900820969812704]}, "properties": {"lst": 25.42, "ndvi": 0.585, "ndbi": -0.243, "risk": "Low", "heat_zone": 0, "color": "#2ecc71", "city": "Bengaluru"}}, {"type": "Feature", "geometry": {"type": "Point", "coordinates": [77.61393306342353, 13.13886351397759]}, "properties": {"lst": 21.08, "ndvi": 0.659, "ndbi": -0.219, "risk": "Low", "heat_zone": 0, "color": "#2ecc71", "city": "Bengaluru"}}, {"type": "Feature", "geometry": {"type": "Point", "coordinates": [77.77596922167092, 13.132185880265505]}, "properties": {"lst": 22.34, "ndvi": 0.628, "ndbi": -0.15, "risk": "Low", "heat_zone": 0, "color": "#2ecc71", "city": "Bengaluru"}}, {"type": "Feature", "geometry": {"type": "Point", "coordinates": [77.49502511834372, 13.03160096276755]}, "properties": {"lst": 25.39, "ndvi": 0.538, "ndbi": -0.229, "risk": "Low", "heat_zone": 0, "color": "#2ecc71", "city": "Bengaluru"}}, {"type": "Feature", "geometry": {"type": "Point", "coordinates": [77.6793977028357, 12.891858159788034]}, "properties": {"lst": 26.48, "ndvi": 0.579, "ndbi": -0.158, "risk": "Low", "heat_zone": 0, "color": "#2ecc71", "city": "Bengaluru"}}, {"type": "Feature", "geometry": {"type": "Point", "coordinates": [77.58342519347441, 13.0408707551537]}, "properties": {"lst": 25.34, "ndvi": 0.551, "ndbi": -0.256, "risk": "Low", "heat_zone": 0, "color": "#2ecc71", "city": "Bengaluru"}}, {"type": "Feature", "geometry": {"type": "Point", "coordinates": [77.59130587292546, 12.852381506783544]}, "properties": {"lst": 24.77, "ndvi": 0.541, "ndbi": -0.174, "risk": "Low", "heat_zone": 0, "color": "#2ecc71", "city": "Bengaluru"}}, {"type": "Feature", "geometry": {"type": "Point", "coordinates": [77.6868072626672, 12.8395022756838]}, "properties": {"lst": 24.4, "ndvi": 0.685, "ndbi": -0.128, "risk": "Low", "heat_zone": 0, "color": "#2ecc71", "city": "Bengaluru"}}, {"type": "Feature", "geometry": {"type": "Point", "coordinates": [77.67850392993704, 12.909881695438475]}, "properties": {"lst": 22.04, "ndvi": 0.636, "ndbi": -0.324, "risk": "Low", "heat_zone": 0, "color": "#2ecc71", "city": "Bengaluru"}}, {"type": "Feature", "geometry": {"type": "Point", "coordinates": [77.77711447792173, 12.973413116589189]}, "properties": {"lst": 23.56, "ndvi": 0.531, "ndbi": -0.24, "risk": "Low", "heat_zone": 0, "color": "#2ecc71", "city": "Bengaluru"}}, {"type": "Feature", "geometry": {"type": "Point", "coordinates": [77.49237011551986, 13.0991644766766]}, "properties": {"lst": 24.08, "ndvi": 0.69, "ndbi": -0.171, "risk": "Low", "heat_zone": 0, "color": "#2ecc71", "city": "Bengaluru"}}, {"type": "Feature", "geometry": {"type": "Point", "coordinates": [77.48435618429677, 13.055422411627555]}, "properties": {"lst": 27.11, "ndvi": 0.631, "ndbi": -0.21, "risk": "Low", "heat_zone": 0, "color": "#2ecc71", "city": "Bengaluru"}}, {"type": "Feature", "geometry": {"type": "Point", "coordinates": [77.68903180965249, 13.060239021571997]}, "properties": {"lst": 25.69, "ndvi": 0.681, "ndbi": -0.181, "risk": "Low", "heat_zone": 0, "color": "#2ecc71", "city": "Bengaluru"}}, {"type": "Feature", "geometry": {"type": "Point", "coordinates": [77.64086768261211, 12.961902933678903]}, "properties": {"lst": 21.47, "ndvi": 0.663, "ndbi": -0.23, "risk": "Low", "heat_zone": 0, "color": "#2ecc71", "city": "Bengaluru"}}, {"type": "Feature", "geometry": {"type": "Point", "coordinates": [77.54047301996474, 12.93723984768956]}, "properties": {"lst": 25.65, "ndvi": 0.517, "ndbi": -0.196, "risk": "Low", "heat_zone": 0, "color": "#2ecc71", "city": "Bengaluru"}}, {"type": "Feature", "geometry": {"type": "Point", "coordinates": [77.47620839176636, 12.945022016525227]}, "properties": {"lst": 24.23, "ndvi": 0.544, "ndbi": -0.208, "risk": "Low", "heat_zone": 0, "color": "#2ecc71", "city": "Bengaluru"}}, {"type": "Feature", "geometry": {"type": "Point", "coordinates": [77.47826722236682, 13.136171364758178]}, "properties": {"lst": 23.65, "ndvi": 0.675, "ndbi": -0.142, "risk": "Low", "heat_zone": 0, "color": "#2ecc71", "city": "Bengaluru"}}, {"type": "Feature", "geometry": {"type": "Point", "coordinates": [77.74508298863915, 12.84243384933787]}, "properties": {"lst": 26.22, "ndvi": 0.661, "ndbi": -0.187, "risk": "Low", "heat_zone": 0, "color": "#2ecc71", "city": "Bengaluru"}}, {"type": "Feature", "geometry": {"type": "Point", "coordinates": [77.51331621715718, 13.09877976379796]}, "properties": {"lst": 27.06, "ndvi": 0.598, "ndbi": -0.183, "risk": "Low", "heat_zone": 0, "color": "#2ecc71", "city": "Bengaluru"}}, {"type": "Feature", "geometry": {"type": "Point", "coordinates": [77.55671261549813, 13.009389376657442]}, "properties": {"lst": 26.86, "ndvi": 0.612, "ndbi": -0.221, "risk": "Low", "heat_zone": 0, "color": "#2ecc71", "city": "Bengaluru"}}, {"type": "Feature", "geometry": {"type": "Point", "coordinates": [77.5247966127349, 12.965970779948773]}, "properties": {"lst": 23.32, "ndvi": 0.728, "ndbi": -0.224, "risk": "Low", "heat_zone": 0, "color": "#2ecc71", "city": "Bengaluru"}}, {"type": "Feature", "geometry": {"type": "Point", "coordinates": [77.56714878092454, 13.054829874728693]}, "properties": {"lst": 24.38, "ndvi": 0.541, "ndbi": -0.222, "risk": "Low", "heat_zone": 0, "color": "#2ecc71", "city": "Bengaluru"}}, {"type": "Feature", "geometry": {"type": "Point", "coordinates": [77.47290986810621, 12.980867371841658]}, "properties": {"lst": 25.66, "ndvi": 0.655, "ndbi": -0.18, "risk": "Low", "heat_zone": 0, "color": "#2ecc71", "city": "Bengaluru"}}, {"type": "Feature", "geometry": {"type": "Point", "coordinates": [77.62128973099973, 13.100761203805316]}, "properties": {"lst": 26.95, "ndvi": 0.58, "ndbi": -0.221, "risk": "Low", "heat_zone": 0, "color": "#2ecc71", "city": "Bengaluru"}}, {"type": "Feature", "geometry": {"type": "Point", "coordinates": [77.47231214598543, 13.109217577843491]}, "properties": {"lst": 24.04, "ndvi": 0.578, "ndbi": -0.186, "risk": "Low", "heat_zone": 0, "color": "#2ecc71", "city": "Bengaluru"}}, {"type": "Feature", "geometry": {"type": "Point", "coordinates": [77.71411764758138, 12.96073348733077]}, "properties": {"lst": 24.63, "ndvi": 0.71, "ndbi": -0.096, "risk": "Low", "heat_zone": 0, "color": "#2ecc71", "city": "Bengaluru"}}, {"type": "Feature", "geometry": {"type": "Point", "coordinates": [77.52712498703045, 12.915816617142866]}, "properties": {"lst": 22.79, "ndvi": 0.683, "ndbi": -0.156, "risk": "Low", "heat_zone": 0, "color": "#2ecc71", "city": "Bengaluru"}}, {"type": "Feature", "geometry": {"type": "Point", "coordinates": [77.62820393181948, 13.013628601863942]}, "properties": {"lst": 22.61, "ndvi": 0.681, "ndbi": -0.216, "risk": "Low", "heat_zone": 0, "color": "#2ecc71", "city": "Bengaluru"}}, {"type": "Feature", "geometry": {"type": "Point", "coordinates": [77.74042609889528, 13.112832637141176]}, "properties": {"lst": 26.63, "ndvi": 0.731, "ndbi": -0.14, "risk": "Low", "heat_zone": 0, "color": "#2ecc71", "city": "Bengaluru"}}, {"type": "Feature", "geometry": {"type": "Point", "coordinates": [77.66478953178557, 12.895305278591756]}, "properties": {"lst": 27.71, "ndvi": 0.602, "ndbi": -0.22, "risk": "Low", "heat_zone": 0, "color": "#2ecc71", "city": "Bengaluru"}}, {"type": "Feature", "geometry": {"type": "Point", "coordinates": [77.62587606956194, 13.02311964090468]}, "properties": {"lst": 24.86, "ndvi": 0.668, "ndbi": -0.302, "risk": "Low", "heat_zone": 0, "color": "#2ecc71", "city": "Bengaluru"}}, {"type": "Feature", "geometry": {"type": "Point", "coordinates": [77.55703013852808, 13.025783668228682]}, "properties": {"lst": 27.01, "ndvi": 0.569, "ndbi": -0.25, "risk": "Low", "heat_zone": 0, "color": "#2ecc71", "city": "Bengaluru"}}, {"type": "Feature", "geometry": {"type": "Point", "coordinates": [77.5598906313092, 13.057265036948738]}, "properties": {"lst": 25.72, "ndvi": 0.632, "ndbi": -0.294, "risk": "Low", "heat_zone": 0, "color": "#2ecc71", "city": "Bengaluru"}}, {"type": "Feature", "geometry": {"type": "Point", "coordinates": [77.6709306952154, 12.870785982389451]}, "properties": {"lst": 23.71, "ndvi": 0.587, "ndbi": -0.218, "risk": "Low", "heat_zone": 0, "color": "#2ecc71", "city": "Bengaluru"}}, {"type": "Feature", "geometry": {"type": "Point", "coordinates": [77.77806598920299, 13.051905739051447]}, "properties": {"lst": 25.72, "ndvi": 0.61, "ndbi": -0.199, "risk": "Low", "heat_zone": 0, "color": "#2ecc71", "city": "Bengaluru"}}, {"type": "Feature", "geometry": {"type": "Point", "coordinates": [77.6684069326503, 13.111800081406347]}, "properties": {"lst": 28.08, "ndvi": 0.66, "ndbi": -0.116, "risk": "Low", "heat_zone": 0, "color": "#2ecc71", "city": "Bengaluru"}}, {"type": "Feature", "geometry": {"type": "Point", "coordinates": [77.63406852773211, 12.885701763749775]}, "properties": {"lst": 24.93, "ndvi": 0.518, "ndbi": -0.184, "risk": "Low", "heat_zone": 0, "color": "#2ecc71", "city": "Bengaluru"}}, {"type": "Feature", "geometry": {"type": "Point", "coordinates": [77.69111466837896, 12.903638430726405]}, "properties": {"lst": 28.13, "ndvi": 0.809, "ndbi": -0.211, "risk": "Low", "heat_zone": 0, "color": "#2ecc71", "city": "Bengaluru"}}, {"type": "Feature", "geometry": {"type": "Point", "coordinates": [77.60351785205363, 13.131132479152908]}, "properties": {"lst": 19.76, "ndvi": 0.499, "ndbi": -0.159, "risk": "Low", "heat_zone": 0, "color": "#2ecc71", "city": "Bengaluru"}}, {"type": "Feature", "geometry": {"type": "Point", "coordinates": [77.46984697305827, 12.886102855339942]}, "properties": {"lst": 26.64, "ndvi": 0.479, "ndbi": -0.311, "risk": "Low", "heat_zone": 0, "color": "#2ecc71", "city": "Bengaluru"}}, {"type": "Feature", "geometry": {"type": "Point", "coordinates": [77.63555794923971, 13.09485937894457]}, "properties": {"lst": 25.17, "ndvi": 0.716, "ndbi": -0.188, "risk": "Low", "heat_zone": 0, "color": "#2ecc71", "city": "Bengaluru"}}, {"type": "Feature", "geometry": {"type": "Point", "coordinates": [77.76601634388678, 12.98260613549889]}, "properties": {"lst": 24.4, "ndvi": 0.679, "ndbi": -0.161, "risk": "Low", "heat_zone": 0, "color": "#2ecc71", "city": "Bengaluru"}}, {"type": "Feature", "geometry": {"type": "Point", "coordinates": [77.50784997097803, 12.906641633064986]}, "properties": {"lst": 25.18, "ndvi": 0.662, "ndbi": -0.274, "risk": "Low", "heat_zone": 0, "color": "#2ecc71", "city": "Bengaluru"}}, {"type": "Feature", "geometry": {"type": "Point", "coordinates": [77.67770161397083, 13.09993246939448]}, "properties": {"lst": 21.02, "ndvi": 0.663, "ndbi": -0.143, "risk": "Low", "heat_zone": 0, "color": "#2ecc71", "city": "Bengaluru"}}, {"type": "Feature", "geometry": {"type": "Point", "coordinates": [77.5163081172575, 12.968044629050826]}, "properties": {"lst": 24.56, "ndvi": 0.599, "ndbi": -0.183, "risk": "Low", "heat_zone": 0, "color": "#2ecc71", "city": "Bengaluru"}}, {"type": "Feature", "geometry": {"type": "Point", "coordinates": [77.62682313587612, 12.989593379718205]}, "properties": {"lst": 25.71, "ndvi": 0.51, "ndbi": -0.221, "risk": "Low", "heat_zone": 0, "color": "#2ecc71", "city": "Bengaluru"}}, {"type": "Feature", "geometry": {"type": "Point", "coordinates": [77.48190322838342, 12.941362344513928]}, "properties": {"lst": 27.96, "ndvi": 0.608, "ndbi": -0.168, "risk": "Low", "heat_zone": 0, "color": "#2ecc71", "city": "Bengaluru"}}, {"type": "Feature", "geometry": {"type": "Point", "coordinates": [77.5986224089652, 13.013814763944827]}, "properties": {"lst": 23.96, "ndvi": 0.532, "ndbi": -0.086, "risk": "Low", "heat_zone": 0, "color": "#2ecc71", "city": "Bengaluru"}}, {"type": "Feature", "geometry": {"type": "Point", "coordinates": [77.69953389853544, 12.880692400501356]}, "properties": {"lst": 23.38, "ndvi": 0.698, "ndbi": -0.191, "risk": "Low", "heat_zone": 0, "color": "#2ecc71", "city": "Bengaluru"}}, {"type": "Feature", "geometry": {"type": "Point", "coordinates": [77.56469860299886, 12.951235276362048]}, "properties": {"lst": 24.0, "ndvi": 0.585, "ndbi": -0.188, "risk": "Low", "heat_zone": 0, "color": "#2ecc71", "city": "Bengaluru"}}, {"type": "Feature", "geometry": {"type": "Point", "coordinates": [77.66942086908078, 13.13051781992394]}, "properties": {"lst": 26.83, "ndvi": 0.517, "ndbi": -0.223, "risk": "Low", "heat_zone": 0, "color": "#2ecc71", "city": "Bengaluru"}}, {"type": "Feature", "geometry": {"type": "Point", "coordinates": [77.71249848706061, 12.91002136413735]}, "properties": {"lst": 25.66, "ndvi": 0.568, "ndbi": -0.242, "risk": "Low", "heat_zone": 0, "color": "#2ecc71", "city": "Bengaluru"}}, {"type": "Feature", "geometry": {"type": "Point", "coordinates": [77.75596868042823, 13.033588366007802]}, "properties": {"lst": 23.94, "ndvi": 0.641, "ndbi": -0.158, "risk": "Low", "heat_zone": 0, "color": "#2ecc71", "city": "Bengaluru"}}, {"type": "Feature", "geometry": {"type": "Point", "coordinates": [77.5274318870123, 12.930808919909657]}, "properties": {"lst": 26.03, "ndvi": 0.544, "ndbi": -0.243, "risk": "Low", "heat_zone": 0, "color": "#2ecc71", "city": "Bengaluru"}}, {"type": "Feature", "geometry": {"type": "Point", "coordinates": [77.58177425221707, 13.069776668962849]}, "properties": {"lst": 25.19, "ndvi": 0.518, "ndbi": -0.196, "risk": "Low", "heat_zone": 0, "color": "#2ecc71", "city": "Bengaluru"}}, {"type": "Feature", "geometry": {"type": "Point", "coordinates": [77.50029728439904, 12.870570834822688]}, "properties": {"lst": 26.94, "ndvi": 0.624, "ndbi": -0.224, "risk": "Low", "heat_zone": 0, "color": "#2ecc71", "city": "Bengaluru"}}, {"type": "Feature", "geometry": {"type": "Point", "coordinates": [77.77751955571226, 13.130644523974349]}, "properties": {"lst": 23.6, "ndvi": 0.624, "ndbi": -0.176, "risk": "Low", "heat_zone": 0, "color": "#2ecc71", "city": "Bengaluru"}}, {"type": "Feature", "geometry": {"type": "Point", "coordinates": [77.75591031941502, 12.97067475782893]}, "properties": {"lst": 24.34, "ndvi": 0.549, "ndbi": -0.183, "risk": "Low", "heat_zone": 0, "color": "#2ecc71", "city": "Bengaluru"}}, {"type": "Feature", "geometry": {"type": "Point", "coordinates": [77.62818585299259, 12.903175643637404]}, "properties": {"lst": 24.22, "ndvi": 0.553, "ndbi": -0.148, "risk": "Low", "heat_zone": 0, "color": "#2ecc71", "city": "Bengaluru"}}, {"type": "Feature", "geometry": {"type": "Point", "coordinates": [77.72787098714421, 12.852783991672304]}, "properties": {"lst": 22.07, "ndvi": 0.623, "ndbi": -0.226, "risk": "Low", "heat_zone": 0, "color": "#2ecc71", "city": "Bengaluru"}}, {"type": "Feature", "geometry": {"type": "Point", "coordinates": [77.62191613249978, 12.88262495057714]}, "properties": {"lst": 25.59, "ndvi": 0.455, "ndbi": -0.213, "risk": "Low", "heat_zone": 0, "color": "#2ecc71", "city": "Bengaluru"}}, {"type": "Feature", "geometry": {"type": "Point", "coordinates": [77.65578327704091, 12.991129924052366]}, "properties": {"lst": 25.52, "ndvi": 0.459, "ndbi": -0.249, "risk": "Low", "heat_zone": 0, "color": "#2ecc71", "city": "Bengaluru"}}, {"type": "Feature", "geometry": {"type": "Point", "coordinates": [77.47941106259829, 12.934470984693698]}, "properties": {"lst": 25.01, "ndvi": 0.528, "ndbi": -0.222, "risk": "Low", "heat_zone": 0, "color": "#2ecc71", "city": "Bengaluru"}}, {"type": "Feature", "geometry": {"type": "Point", "coordinates": [77.69923923876395, 13.08695384342361]}, "properties": {"lst": 24.53, "ndvi": 0.579, "ndbi": -0.181, "risk": "Low", "heat_zone": 0, "color": "#2ecc71", "city": "Bengaluru"}}, {"type": "Feature", "geometry": {"type": "Point", "coordinates": [77.49214544959963, 12.96357513233516]}, "properties": {"lst": 22.17, "ndvi": 0.631, "ndbi": -0.162, "risk": "Low", "heat_zone": 0, "color": "#2ecc71", "city": "Bengaluru"}}, {"type": "Feature", "geometry": {"type": "Point", "coordinates": [77.72260231798333, 12.907101424502166]}, "properties": {"lst": 24.16, "ndvi": 0.748, "ndbi": -0.246, "risk": "Low", "heat_zone": 0, "color": "#2ecc71", "city": "Bengaluru"}}, {"type": "Feature", "geometry": {"type": "Point", "coordinates": [77.70806926893123, 13.02131494584725]}, "properties": {"lst": 24.31, "ndvi": 0.686, "ndbi": -0.157, "risk": "Low", "heat_zone": 0, "color": "#2ecc71", "city": "Bengaluru"}}, {"type": "Feature", "geometry": {"type": "Point", "coordinates": [77.68388575025519, 13.049100937234488]}, "properties": {"lst": 23.4, "ndvi": 0.584, "ndbi": -0.132, "risk": "Low", "heat_zone": 0, "color": "#2ecc71", "city": "Bengaluru"}}, {"type": "Feature", "geometry": {"type": "Point", "coordinates": [77.46193292557318, 12.881782991449295]}, "properties": {"lst": 24.68, "ndvi": 0.598, "ndbi": -0.179, "risk": "Low", "heat_zone": 0, "color": "#2ecc71", "city": "Bengaluru"}}, {"type": "Feature", "geometry": {"type": "Point", "coordinates": [77.55003235746196, 12.88196195704938]}, "properties": {"lst": 25.81, "ndvi": 0.5, "ndbi": -0.106, "risk": "Low", "heat_zone": 0, "color": "#2ecc71", "city": "Bengaluru"}}, {"type": "Feature", "geometry": {"type": "Point", "coordinates": [77.53682714807059, 12.8413681423494]}, "properties": {"lst": 28.77, "ndvi": 0.598, "ndbi": -0.239, "risk": "Low", "heat_zone": 0, "color": "#2ecc71", "city": "Bengaluru"}}, {"type": "Feature", "geometry": {"type": "Point", "coordinates": [77.56884501446561, 13.05828462467035]}, "properties": {"lst": 25.35, "ndvi": 0.571, "ndbi": -0.262, "risk": "Low", "heat_zone": 0, "color": "#2ecc71", "city": "Bengaluru"}}, {"type": "Feature", "geometry": {"type": "Point", "coordinates": [77.47892210643207, 13.03577940356276]}, "properties": {"lst": 25.52, "ndvi": 0.632, "ndbi": -0.289, "risk": "Low", "heat_zone": 0, "color": "#2ecc71", "city": "Bengaluru"}}, {"type": "Feature", "geometry": {"type": "Point", "coordinates": [77.75919608160025, 12.977135571482442]}, "properties": {"lst": 24.85, "ndvi": 0.517, "ndbi": -0.125, "risk": "Low", "heat_zone": 0, "color": "#2ecc71", "city": "Bengaluru"}}, {"type": "Feature", "geometry": {"type": "Point", "coordinates": [77.63275473943509, 13.091692839180451]}, "properties": {"lst": 21.16, "ndvi": 0.652, "ndbi": -0.167, "risk": "Low", "heat_zone": 0, "color": "#2ecc71", "city": "Bengaluru"}}, {"type": "Feature", "geometry": {"type": "Point", "coordinates": [77.55082302251715, 13.079757747414517]}, "properties": {"lst": 24.95, "ndvi": 0.753, "ndbi": -0.203, "risk": "Low", "heat_zone": 0, "color": "#2ecc71", "city": "Bengaluru"}}, {"type": "Feature", "geometry": {"type": "Point", "coordinates": [77.58100390063451, 13.011459852962991]}, "properties": {"lst": 25.12, "ndvi": 0.589, "ndbi": -0.186, "risk": "Low", "heat_zone": 0, "color": "#2ecc71", "city": "Bengaluru"}}, {"type": "Feature", "geometry": {"type": "Point", "coordinates": [77.59757683836659, 13.099164096959113]}, "properties": {"lst": 29.93, "ndvi": 0.64, "ndbi": -0.256, "risk": "Low", "heat_zone": 0, "color": "#2ecc71", "city": "Bengaluru"}}, {"type": "Feature", "geometry": {"type": "Point", "coordinates": [77.64819613000901, 12.893810775111398]}, "properties": {"lst": 24.62, "ndvi": 0.669, "ndbi": -0.078, "risk": "Low", "heat_zone": 0, "color": "#2ecc71", "city": "Bengaluru"}}, {"type": "Feature", "geometry": {"type": "Point", "coordinates": [77.62017421113984, 12.864695082013297]}, "properties": {"lst": 25.6, "ndvi": 0.56, "ndbi": -0.194, "risk": "Low", "heat_zone": 0, "color": "#2ecc71", "city": "Bengaluru"}}, {"type": "Feature", "geometry": {"type": "Point", "coordinates": [77.75339935116075, 12.913622379570269]}, "properties": {"lst": 24.93, "ndvi": 0.622, "ndbi": -0.195, "risk": "Low", "heat_zone": 0, "color": "#2ecc71", "city": "Bengaluru"}}, {"type": "Feature", "geometry": {"type": "Point", "coordinates": [77.61399794935893, 12.847696925387687]}, "properties": {"lst": 22.66, "ndvi": 0.601, "ndbi": -0.164, "risk": "Low", "heat_zone": 0, "color": "#2ecc71", "city": "Bengaluru"}}, {"type": "Feature", "geometry": {"type": "Point", "coordinates": [77.7774121448917, 12.99466255368032]}, "properties": {"lst": 27.29, "ndvi": 0.61, "ndbi": -0.176, "risk": "Low", "heat_zone": 0, "color": "#2ecc71", "city": "Bengaluru"}}, {"type": "Feature", "geometry": {"type": "Point", "coordinates": [77.73097023605588, 13.120347764611438]}, "properties": {"lst": 26.5, "ndvi": 0.523, "ndbi": -0.189, "risk": "Low", "heat_zone": 0, "color": "#2ecc71", "city": "Bengaluru"}}, {"type": "Feature", "geometry": {"type": "Point", "coordinates": [77.51880846973792, 12.842196497607238]}, "properties": {"lst": 26.58, "ndvi": 0.602, "ndbi": -0.24, "risk": "Low", "heat_zone": 0, "color": "#2ecc71", "city": "Bengaluru"}}, {"type": "Feature", "geometry": {"type": "Point", "coordinates": [77.7570964208325, 12.867854073343109]}, "properties": {"lst": 23.18, "ndvi": 0.65, "ndbi": -0.176, "risk": "Low", "heat_zone": 0, "color": "#2ecc71", "city": "Bengaluru"}}, {"type": "Feature", "geometry": {"type": "Point", "coordinates": [77.48840091130221, 12.970181698767863]}, "properties": {"lst": 27.81, "ndvi": 0.745, "ndbi": -0.106, "risk": "Low", "heat_zone": 0, "color": "#2ecc71", "city": "Bengaluru"}}, {"type": "Feature", "geometry": {"type": "Point", "coordinates": [77.71975840380209, 13.11950125543365]}, "properties": {"lst": 22.2, "ndvi": 0.696, "ndbi": -0.133, "risk": "Low", "heat_zone": 0, "color": "#2ecc71", "city": "Bengaluru"}}, {"type": "Feature", "geometry": {"type": "Point", "coordinates": [77.57560568684727, 12.928008392542791]}, "properties": {"lst": 26.17, "ndvi": 0.815, "ndbi": -0.12, "risk": "Low", "heat_zone": 0, "color": "#2ecc71", "city": "Bengaluru"}}, {"type": "Feature", "geometry": {"type": "Point", "coordinates": [77.73973152574688, 12.987242790693402]}, "properties": {"lst": 29.38, "ndvi": 0.523, "ndbi": -0.226, "risk": "Low", "heat_zone": 0, "color": "#2ecc71", "city": "Bengaluru"}}, {"type": "Feature", "geometry": {"type": "Point", "coordinates": [77.73645870773547, 12.842887586305622]}, "properties": {"lst": 23.02, "ndvi": 0.687, "ndbi": -0.249, "risk": "Low", "heat_zone": 0, "color": "#2ecc71", "city": "Bengaluru"}}, {"type": "Feature", "geometry": {"type": "Point", "coordinates": [77.71595538203881, 12.875986392298248]}, "properties": {"lst": 23.87, "ndvi": 0.618, "ndbi": -0.206, "risk": "Low", "heat_zone": 0, "color": "#2ecc71", "city": "Bengaluru"}}, {"type": "Feature", "geometry": {"type": "Point", "coordinates": [77.71071004398134, 13.135855338117244]}, "properties": {"lst": 25.2, "ndvi": 0.819, "ndbi": -0.197, "risk": "Low", "heat_zone": 0, "color": "#2ecc71", "city": "Bengaluru"}}, {"type": "Feature", "geometry": {"type": "Point", "coordinates": [77.55054411590235, 13.129186795895174]}, "properties": {"lst": 23.99, "ndvi": 0.519, "ndbi": -0.145, "risk": "Low", "heat_zone": 0, "color": "#2ecc71", "city": "Bengaluru"}}, {"type": "Feature", "geometry": {"type": "Point", "coordinates": [77.47670336340691, 12.831531394089668]}, "properties": {"lst": 21.9, "ndvi": 0.516, "ndbi": -0.285, "risk": "Low", "heat_zone": 0, "color": "#2ecc71", "city": "Bengaluru"}}, {"type": "Feature", "geometry": {"type": "Point", "coordinates": [77.5829834589925, 13.125061653481204]}, "properties": {"lst": 25.14, "ndvi": 0.54, "ndbi": -0.124, "risk": "Low", "heat_zone": 0, "color": "#2ecc71", "city": "Bengaluru"}}, {"type": "Feature", "geometry": {"type": "Point", "coordinates": [77.50726308994555, 13.028127180722803]}, "properties": {"lst": 22.88, "ndvi": 0.388, "ndbi": -0.208, "risk": "Low", "heat_zone": 0, "color": "#2ecc71", "city": "Bengaluru"}}, {"type": "Feature", "geometry": {"type": "Point", "coordinates": [77.67933385933782, 13.099054671301207]}, "properties": {"lst": 25.95, "ndvi": 0.547, "ndbi": -0.221, "risk": "Low", "heat_zone": 0, "color": "#2ecc71", "city": "Bengaluru"}}, {"type": "Feature", "geometry": {"type": "Point", "coordinates": [77.56421290975747, 12.970969355246496]}, "properties": {"lst": 23.16, "ndvi": 0.524, "ndbi": -0.251, "risk": "Low", "heat_zone": 0, "color": "#2ecc71", "city": "Bengaluru"}}, {"type": "Feature", "geometry": {"type": "Point", "coordinates": [77.77195136628377, 12.989834768859568]}, "properties": {"lst": 28.1, "ndvi": 0.615, "ndbi": -0.283, "risk": "Low", "heat_zone": 0, "color": "#2ecc71", "city": "Bengaluru"}}, {"type": "Feature", "geometry": {"type": "Point", "coordinates": [77.66152078552396, 12.981542439879645]}, "properties": {"lst": 23.43, "ndvi": 0.634, "ndbi": -0.159, "risk": "Low", "heat_zone": 0, "color": "#2ecc71", "city": "Bengaluru"}}, {"type": "Feature", "geometry": {"type": "Point", "coordinates": [77.72141858599934, 13.036727919839294]}, "properties": {"lst": 24.36, "ndvi": 0.788, "ndbi": -0.196, "risk": "Low", "heat_zone": 0, "color": "#2ecc71", "city": "Bengaluru"}}, {"type": "Feature", "geometry": {"type": "Point", "coordinates": [77.49373314200481, 12.873291888974457]}, "properties": {"lst": 26.63, "ndvi": 0.695, "ndbi": -0.264, "risk": "Low", "heat_zone": 0, "color": "#2ecc71", "city": "Bengaluru"}}, {"type": "Feature", "geometry": {"type": "Point", "coordinates": [77.73446477914997, 12.83929181286053]}, "properties": {"lst": 22.54, "ndvi": 0.542, "ndbi": -0.265, "risk": "Low", "heat_zone": 0, "color": "#2ecc71", "city": "Bengaluru"}}, {"type": "Feature", "geometry": {"type": "Point", "coordinates": [77.75450987286942, 12.925458281893269]}, "properties": {"lst": 25.45, "ndvi": 0.51, "ndbi": -0.217, "risk": "Low", "heat_zone": 0, "color": "#2ecc71", "city": "Bengaluru"}}, {"type": "Feature", "geometry": {"type": "Point", "coordinates": [77.61073043321025, 13.04845103644836]}, "properties": {"lst": 27.61, "ndvi": 0.649, "ndbi": -0.117, "risk": "Low", "heat_zone": 0, "color": "#2ecc71", "city": "Bengaluru"}}, {"type": "Feature", "geometry": {"type": "Point", "coordinates": [77.65006346945782, 12.892574570158114]}, "properties": {"lst": 21.79, "ndvi": 0.468, "ndbi": -0.213, "risk": "Low", "heat_zone": 0, "color": "#2ecc71", "city": "Bengaluru"}}, {"type": "Feature", "geometry": {"type": "Point", "coordinates": [77.70238723429799, 13.038764054330723]}, "properties": {"lst": 25.37, "ndvi": 0.783, "ndbi": -0.275, "risk": "Low", "heat_zone": 0, "color": "#2ecc71", "city": "Bengaluru"}}, {"type": "Feature", "geometry": {"type": "Point", "coordinates": [77.50769674699593, 13.130672734293254]}, "properties": {"lst": 25.52, "ndvi": 0.718, "ndbi": -0.212, "risk": "Low", "heat_zone": 0, "color": "#2ecc71", "city": "Bengaluru"}}, {"type": "Feature", "geometry": {"type": "Point", "coordinates": [77.61584680523293, 12.85910922189472]}, "properties": {"lst": 26.56, "ndvi": 0.553, "ndbi": -0.214, "risk": "Low", "heat_zone": 0, "color": "#2ecc71", "city": "Bengaluru"}}, {"type": "Feature", "geometry": {"type": "Point", "coordinates": [77.58155879916487, 13.038506656649789]}, "properties": {"lst": 22.53, "ndvi": 0.429, "ndbi": -0.335, "risk": "Low", "heat_zone": 0, "color": "#2ecc71", "city": "Bengaluru"}}, {"type": "Feature", "geometry": {"type": "Point", "coordinates": [77.49830341741354, 12.967562567984418]}, "properties": {"lst": 22.36, "ndvi": 0.735, "ndbi": -0.203, "risk": "Low", "heat_zone": 0, "color": "#2ecc71", "city": "Bengaluru"}}, {"type": "Feature", "geometry": {"type": "Point", "coordinates": [77.57128635935621, 13.099124098857027]}, "properties": {"lst": 26.04, "ndvi": 0.589, "ndbi": -0.212, "risk": "Low", "heat_zone": 0, "color": "#2ecc71", "city": "Bengaluru"}}, {"type": "Feature", "geometry": {"type": "Point", "coordinates": [77.47249686209722, 12.884916434728687]}, "properties": {"lst": 25.59, "ndvi": 0.724, "ndbi": -0.165, "risk": "Low", "heat_zone": 0, "color": "#2ecc71", "city": "Bengaluru"}}, {"type": "Feature", "geometry": {"type": "Point", "coordinates": [77.45851792929334, 13.044714045190112]}, "properties": {"lst": 25.5, "ndvi": 0.441, "ndbi": -0.108, "risk": "Low", "heat_zone": 0, "color": "#2ecc71", "city": "Bengaluru"}}, {"type": "Feature", "geometry": {"type": "Point", "coordinates": [77.49460487542109, 13.089815739790916]}, "properties": {"lst": 25.69, "ndvi": 0.54, "ndbi": -0.144, "risk": "Low", "heat_zone": 0, "color": "#2ecc71", "city": "Bengaluru"}}, {"type": "Feature", "geometry": {"type": "Point", "coordinates": [77.76782798682443, 13.122830408036949]}, "properties": {"lst": 23.64, "ndvi": 0.601, "ndbi": -0.213, "risk": "Low", "heat_zone": 0, "color": "#2ecc71", "city": "Bengaluru"}}, {"type": "Feature", "geometry": {"type": "Point", "coordinates": [77.63134474684536, 13.041806888769791]}, "properties": {"lst": 25.46, "ndvi": 0.605, "ndbi": -0.255, "risk": "Low", "heat_zone": 0, "color": "#2ecc71", "city": "Bengaluru"}}, {"type": "Feature", "geometry": {"type": "Point", "coordinates": [77.76872131318056, 12.984124176842611]}, "properties": {"lst": 25.59, "ndvi": 0.555, "ndbi": -0.071, "risk": "Low", "heat_zone": 0, "color": "#2ecc71", "city": "Bengaluru"}}, {"type": "Feature", "geometry": {"type": "Point", "coordinates": [77.59272429984894, 13.021532644462376]}, "properties": {"lst": 23.57, "ndvi": 0.662, "ndbi": -0.197, "risk": "Low", "heat_zone": 0, "color": "#2ecc71", "city": "Bengaluru"}}, {"type": "Feature", "geometry": {"type": "Point", "coordinates": [77.55289932391814, 13.099360545188404]}, "properties": {"lst": 28.73, "ndvi": 0.493, "ndbi": -0.199, "risk": "Low", "heat_zone": 0, "color": "#2ecc71", "city": "Bengaluru"}}, {"type": "Feature", "geometry": {"type": "Point", "coordinates": [77.61702681473729, 13.006889021458038]}, "properties": {"lst": 25.95, "ndvi": 0.586, "ndbi": -0.201, "risk": "Low", "heat_zone": 0, "color": "#2ecc71", "city": "Bengaluru"}}, {"type": "Feature", "geometry": {"type": "Point", "coordinates": [77.59503885724887, 12.83941998850602]}, "properties": {"lst": 22.62, "ndvi": 0.612, "ndbi": -0.19, "risk": "Low", "heat_zone": 0, "color": "#2ecc71", "city": "Bengaluru"}}, {"type": "Feature", "geometry": {"type": "Point", "coordinates": [77.48486934580637, 13.118594095607165]}, "properties": {"lst": 26.31, "ndvi": 0.651, "ndbi": -0.207, "risk": "Low", "heat_zone": 0, "color": "#2ecc71", "city": "Bengaluru"}}, {"type": "Feature", "geometry": {"type": "Point", "coordinates": [77.66147268384778, 13.043753292819783]}, "properties": {"lst": 23.05, "ndvi": 0.671, "ndbi": -0.229, "risk": "Low", "heat_zone": 0, "color": "#2ecc71", "city": "Bengaluru"}}, {"type": "Feature", "geometry": {"type": "Point", "coordinates": [77.52129260022816, 13.039719149590947]}, "properties": {"lst": 26.57, "ndvi": 0.488, "ndbi": -0.227, "risk": "Low", "heat_zone": 0, "color": "#2ecc71", "city": "Bengaluru"}}, {"type": "Feature", "geometry": {"type": "Point", "coordinates": [77.65446402511628, 12.896859297243292]}, "properties": {"lst": 27.32, "ndvi": 0.447, "ndbi": -0.202, "risk": "Low", "heat_zone": 0, "color": "#2ecc71", "city": "Bengaluru"}}, {"type": "Feature", "geometry": {"type": "Point", "coordinates": [77.66456636049139, 13.034254495772124]}, "properties": {"lst": 23.36, "ndvi": 0.728, "ndbi": -0.227, "risk": "Low", "heat_zone": 0, "color": "#2ecc71", "city": "Bengaluru"}}, {"type": "Feature", "geometry": {"type": "Point", "coordinates": [77.50016820153246, 12.95209796575279]}, "properties": {"lst": 26.93, "ndvi": 0.633, "ndbi": -0.236, "risk": "Low", "heat_zone": 0, "color": "#2ecc71", "city": "Bengaluru"}}, {"type": "Feature", "geometry": {"type": "Point", "coordinates": [77.47024537694652, 13.031882222882864]}, "properties": {"lst": 25.83, "ndvi": 0.525, "ndbi": -0.195, "risk": "Low", "heat_zone": 0, "color": "#2ecc71", "city": "Bengaluru"}}, {"type": "Feature", "geometry": {"type": "Point", "coordinates": [77.70765132340259, 12.863043839395475]}, "properties": {"lst": 26.64, "ndvi": 0.755, "ndbi": -0.213, "risk": "Low", "heat_zone": 0, "color": "#2ecc71", "city": "Bengaluru"}}, {"type": "Feature", "geometry": {"type": "Point", "coordinates": [77.60173413984388, 13.033932044426942]}, "properties": {"lst": 28.79, "ndvi": 0.612, "ndbi": -0.125, "risk": "Low", "heat_zone": 0, "color": "#2ecc71", "city": "Bengaluru"}}, {"type": "Feature", "geometry": {"type": "Point", "coordinates": [77.46919405251681, 13.139818254988906]}, "properties": {"lst": 24.51, "ndvi": 0.718, "ndbi": -0.333, "risk": "Low", "heat_zone": 0, "color": "#2ecc71", "city": "Bengaluru"}}, {"type": "Feature", "geometry": {"type": "Point", "coordinates": [77.77830588466603, 12.844945732046773]}, "properties": {"lst": 23.49, "ndvi": 0.607, "ndbi": -0.145, "risk": "Low", "heat_zone": 0, "color": "#2ecc71", "city": "Bengaluru"}}, {"type": "Feature", "geometry": {"type": "Point", "coordinates": [77.4690675851288, 13.132923997108607]}, "properties": {"lst": 23.22, "ndvi": 0.806, "ndbi": -0.138, "risk": "Low", "heat_zone": 0, "color": "#2ecc71", "city": "Bengaluru"}}, {"type": "Feature", "geometry": {"type": "Point", "coordinates": [77.67936162552333, 12.95614146782409]}, "properties": {"lst": 23.37, "ndvi": 0.776, "ndbi": -0.304, "risk": "Low", "heat_zone": 0, "color": "#2ecc71", "city": "Bengaluru"}}, {"type": "Feature", "geometry": {"type": "Point", "coordinates": [77.77461404533693, 13.09993356960455]}, "properties": {"lst": 24.85, "ndvi": 0.575, "ndbi": -0.217, "risk": "Low", "heat_zone": 0, "color": "#2ecc71", "city": "Bengaluru"}}, {"type": "Feature", "geometry": {"type": "Point", "coordinates": [77.52892943439126, 13.072539500058063]}, "properties": {"lst": 25.68, "ndvi": 0.697, "ndbi": -0.219, "risk": "Low", "heat_zone": 0, "color": "#2ecc71", "city": "Bengaluru"}}, {"type": "Feature", "geometry": {"type": "Point", "coordinates": [77.49694229166678, 13.005775040905869]}, "properties": {"lst": 25.55, "ndvi": 0.665, "ndbi": -0.27, "risk": "Low", "heat_zone": 0, "color": "#2ecc71", "city": "Bengaluru"}}, {"type": "Feature", "geometry": {"type": "Point", "coordinates": [77.49005703000941, 13.058919254867911]}, "properties": {"lst": 26.65, "ndvi": 0.737, "ndbi": -0.239, "risk": "Low", "heat_zone": 0, "color": "#2ecc71", "city": "Bengaluru"}}, {"type": "Feature", "geometry": {"type": "Point", "coordinates": [77.55008079869731, 13.10233982400342]}, "properties": {"lst": 25.03, "ndvi": 0.504, "ndbi": -0.256, "risk": "Low", "heat_zone": 0, "color": "#2ecc71", "city": "Bengaluru"}}, {"type": "Feature", "geometry": {"type": "Point", "coordinates": [77.48334511763352, 12.95528349971182]}, "properties": {"lst": 27.91, "ndvi": 0.669, "ndbi": -0.112, "risk": "Low", "heat_zone": 0, "color": "#2ecc71", "city": "Bengaluru"}}, {"type": "Feature", "geometry": {"type": "Point", "coordinates": [77.67841324275906, 12.931380280084603]}, "properties": {"lst": 24.47, "ndvi": 0.706, "ndbi": -0.153, "risk": "Low", "heat_zone": 0, "color": "#2ecc71", "city": "Bengaluru"}}, {"type": "Feature", "geometry": {"type": "Point", "coordinates": [77.47055629338293, 13.036953949524712]}, "properties": {"lst": 30.44, "ndvi": 0.424, "ndbi": -0.136, "risk": "Moderate", "heat_zone": 1, "color": "#f1c40f", "city": "Bengaluru"}}, {"type": "Feature", "geometry": {"type": "Point", "coordinates": [77.61810930228943, 13.080432242001793]}, "properties": {"lst": 26.25, "ndvi": 0.482, "ndbi": -0.164, "risk": "Low", "heat_zone": 0, "color": "#2ecc71", "city": "Bengaluru"}}, {"type": "Feature", "geometry": {"type": "Point", "coordinates": [77.77890996177149, 13.066308391780751]}, "properties": {"lst": 23.29, "ndvi": 0.396, "ndbi": -0.256, "risk": "Low", "heat_zone": 0, "color": "#2ecc71", "city": "Bengaluru"}}, {"type": "Feature", "geometry": {"type": "Point", "coordinates": [77.71861018893699, 13.077322231146177]}, "properties": {"lst": 22.86, "ndvi": 0.573, "ndbi": -0.226, "risk": "Low", "heat_zone": 0, "color": "#2ecc71", "city": "Bengaluru"}}, {"type": "Feature", "geometry": {"type": "Point", "coordinates": [77.65302241461623, 12.96503082759201]}, "properties": {"lst": 25.96, "ndvi": 0.672, "ndbi": -0.176, "risk": "Low", "heat_zone": 0, "color": "#2ecc71", "city": "Bengaluru"}}, {"type": "Feature", "geometry": {"type": "Point", "coordinates": [77.55106369485958, 13.083528607014255]}, "properties": {"lst": 24.55, "ndvi": 0.75, "ndbi": -0.261, "risk": "Low", "heat_zone": 0, "color": "#2ecc71", "city": "Bengaluru"}}, {"type": "Feature", "geometry": {"type": "Point", "coordinates": [77.65588562597624, 12.867264807164888]}, "properties": {"lst": 26.43, "ndvi": 0.607, "ndbi": -0.164, "risk": "Low", "heat_zone": 0, "color": "#2ecc71", "city": "Bengaluru"}}, {"type": "Feature", "geometry": {"type": "Point", "coordinates": [77.62392368309085, 12.998791620367864]}, "properties": {"lst": 25.95, "ndvi": 0.763, "ndbi": -0.212, "risk": "Low", "heat_zone": 0, "color": "#2ecc71", "city": "Bengaluru"}}, {"type": "Feature", "geometry": {"type": "Point", "coordinates": [77.59060751668382, 12.831785184754418]}, "properties": {"lst": 24.85, "ndvi": 0.462, "ndbi": -0.219, "risk": "Low", "heat_zone": 0, "color": "#2ecc71", "city": "Bengaluru"}}, {"type": "Feature", "geometry": {"type": "Point", "coordinates": [77.49313442432427, 12.930621607269083]}, "properties": {"lst": 23.31, "ndvi": 0.43, "ndbi": -0.164, "risk": "Low", "heat_zone": 0, "color": "#2ecc71", "city": "Bengaluru"}}, {"type": "Feature", "geometry": {"type": "Point", "coordinates": [77.74257939102935, 12.943603075810133]}, "properties": {"lst": 21.97, "ndvi": 0.594, "ndbi": -0.178, "risk": "Low", "heat_zone": 0, "color": "#2ecc71", "city": "Bengaluru"}}, {"type": "Feature", "geometry": {"type": "Point", "coordinates": [77.59842893411104, 12.952813534398867]}, "properties": {"lst": 24.11, "ndvi": 0.638, "ndbi": -0.218, "risk": "Low", "heat_zone": 0, "color": "#2ecc71", "city": "Bengaluru"}}, {"type": "Feature", "geometry": {"type": "Point", "coordinates": [77.51422542890086, 13.045594834073858]}, "properties": {"lst": 26.71, "ndvi": 0.597, "ndbi": -0.142, "risk": "Low", "heat_zone": 0, "color": "#2ecc71", "city": "Bengaluru"}}, {"type": "Feature", "geometry": {"type": "Point", "coordinates": [77.5713605857895, 12.950453011393808]}, "properties": {"lst": 25.43, "ndvi": 0.393, "ndbi": -0.254, "risk": "Low", "heat_zone": 0, "color": "#2ecc71", "city": "Bengaluru"}}, {"type": "Feature", "geometry": {"type": "Point", "coordinates": [77.58666281833455, 12.969095023012985]}, "properties": {"lst": 22.51, "ndvi": 0.591, "ndbi": -0.169, "risk": "Low", "heat_zone": 0, "color": "#2ecc71", "city": "Bengaluru"}}, {"type": "Feature", "geometry": {"type": "Point", "coordinates": [77.72308750553707, 12.903638680571042]}, "properties": {"lst": 25.35, "ndvi": 0.47, "ndbi": -0.17, "risk": "Low", "heat_zone": 0, "color": "#2ecc71", "city": "Bengaluru"}}, {"type": "Feature", "geometry": {"type": "Point", "coordinates": [77.69209274558527, 12.945708055405095]}, "properties": {"lst": 25.77, "ndvi": 0.667, "ndbi": -0.215, "risk": "Low", "heat_zone": 0, "color": "#2ecc71", "city": "Bengaluru"}}, {"type": "Feature", "geometry": {"type": "Point", "coordinates": [77.70387061490165, 12.900453584451578]}, "properties": {"lst": 23.23, "ndvi": 0.637, "ndbi": -0.184, "risk": "Low", "heat_zone": 0, "color": "#2ecc71", "city": "Bengaluru"}}, {"type": "Feature", "geometry": {"type": "Point", "coordinates": [77.45364031726146, 12.852690736368215]}, "properties": {"lst": 25.31, "ndvi": 0.506, "ndbi": -0.263, "risk": "Low", "heat_zone": 0, "color": "#2ecc71", "city": "Bengaluru"}}, {"type": "Feature", "geometry": {"type": "Point", "coordinates": [77.58733081939933, 13.017069063948227]}, "properties": {"lst": 25.12, "ndvi": 0.549, "ndbi": -0.154, "risk": "Low", "heat_zone": 0, "color": "#2ecc71", "city": "Bengaluru"}}, {"type": "Feature", "geometry": {"type": "Point", "coordinates": [77.60884357003965, 13.037145967552055]}, "properties": {"lst": 22.71, "ndvi": 0.494, "ndbi": -0.209, "risk": "Low", "heat_zone": 0, "color": "#2ecc71", "city": "Bengaluru"}}, {"type": "Feature", "geometry": {"type": "Point", "coordinates": [77.45633345135161, 13.02204200726298]}, "properties": {"lst": 25.72, "ndvi": 0.594, "ndbi": -0.226, "risk": "Low", "heat_zone": 0, "color": "#2ecc71", "city": "Bengaluru"}}, {"type": "Feature", "geometry": {"type": "Point", "coordinates": [77.53573835888587, 12.973683153578175]}, "properties": {"lst": 26.12, "ndvi": 0.696, "ndbi": -0.148, "risk": "Low", "heat_zone": 0, "color": "#2ecc71", "city": "Bengaluru"}}, {"type": "Feature", "geometry": {"type": "Point", "coordinates": [77.70089564163031, 12.94773359185556]}, "properties": {"lst": 27.17, "ndvi": 0.501, "ndbi": -0.235, "risk": "Low", "heat_zone": 0, "color": "#2ecc71", "city": "Bengaluru"}}, {"type": "Feature", "geometry": {"type": "Point", "coordinates": [77.49524620289057, 13.097633431367266]}, "properties": {"lst": 27.11, "ndvi": 0.65, "ndbi": -0.27, "risk": "Low", "heat_zone": 0, "color": "#2ecc71", "city": "Bengaluru"}}, {"type": "Feature", "geometry": {"type": "Point", "coordinates": [77.62665234337936, 12.990915353392229]}, "properties": {"lst": 22.24, "ndvi": 0.547, "ndbi": -0.278, "risk": "Low", "heat_zone": 0, "color": "#2ecc71", "city": "Bengaluru"}}, {"type": "Feature", "geometry": {"type": "Point", "coordinates": [77.5210166177657, 12.978546382065216]}, "properties": {"lst": 23.12, "ndvi": 0.521, "ndbi": -0.17, "risk": "Low", "heat_zone": 0, "color": "#2ecc71", "city": "Bengaluru"}}, {"type": "Feature", "geometry": {"type": "Point", "coordinates": [77.45399985563249, 12.837949040399996]}, "properties": {"lst": 26.03, "ndvi": 0.589, "ndbi": -0.264, "risk": "Low", "heat_zone": 0, "color": "#2ecc71", "city": "Bengaluru"}}, {"type": "Feature", "geometry": {"type": "Point", "coordinates": [77.52959648100786, 12.935786826564108]}, "properties": {"lst": 26.03, "ndvi": 0.496, "ndbi": -0.112, "risk": "Low", "heat_zone": 0, "color": "#2ecc71", "city": "Bengaluru"}}, {"type": "Feature", "geometry": {"type": "Point", "coordinates": [77.77203833912031, 12.947860641823617]}, "properties": {"lst": 26.03, "ndvi": 0.545, "ndbi": -0.304, "risk": "Low", "heat_zone": 0, "color": "#2ecc71", "city": "Bengaluru"}}, {"type": "Feature", "geometry": {"type": "Point", "coordinates": [77.71450724692139, 12.95363506207804]}, "properties": {"lst": 32.71, "ndvi": 0.48, "ndbi": -0.115, "risk": "Moderate", "heat_zone": 1, "color": "#f1c40f", "city": "Bengaluru"}}, {"type": "Feature", "geometry": {"type": "Point", "coordinates": [77.76666029262594, 13.009853434460473]}, "properties": {"lst": 26.14, "ndvi": 0.796, "ndbi": -0.189, "risk": "Low", "heat_zone": 0, "color": "#2ecc71", "city": "Bengaluru"}}, {"type": "Feature", "geometry": {"type": "Point", "coordinates": [77.6109918344957, 12.995416789485333]}, "properties": {"lst": 27.27, "ndvi": 0.604, "ndbi": -0.205, "risk": "Low", "heat_zone": 0, "color": "#2ecc71", "city": "Bengaluru"}}, {"type": "Feature", "geometry": {"type": "Point", "coordinates": [77.48621294556358, 13.018450578765968]}, "properties": {"lst": 26.91, "ndvi": 0.53, "ndbi": -0.227, "risk": "Low", "heat_zone": 0, "color": "#2ecc71", "city": "Bengaluru"}}, {"type": "Feature", "geometry": {"type": "Point", "coordinates": [77.63082663136132, 13.06711381107806]}, "properties": {"lst": 26.3, "ndvi": 0.621, "ndbi": -0.18, "risk": "Low", "heat_zone": 0, "color": "#2ecc71", "city": "Bengaluru"}}, {"type": "Feature", "geometry": {"type": "Point", "coordinates": [77.59994452040479, 13.08202557900199]}, "properties": {"lst": 24.37, "ndvi": 0.589, "ndbi": -0.202, "risk": "Low", "heat_zone": 0, "color": "#2ecc71", "city": "Bengaluru"}}, {"type": "Feature", "geometry": {"type": "Point", "coordinates": [77.72863783730408, 13.052618153630211]}, "properties": {"lst": 26.52, "ndvi": 0.578, "ndbi": -0.145, "risk": "Low", "heat_zone": 0, "color": "#2ecc71", "city": "Bengaluru"}}, {"type": "Feature", "geometry": {"type": "Point", "coordinates": [77.4823672516588, 13.12621234574603]}, "properties": {"lst": 23.45, "ndvi": 0.661, "ndbi": -0.194, "risk": "Low", "heat_zone": 0, "color": "#2ecc71", "city": "Bengaluru"}}, {"type": "Feature", "geometry": {"type": "Point", "coordinates": [77.61111957521719, 12.835652100629671]}, "properties": {"lst": 24.53, "ndvi": 0.676, "ndbi": -0.192, "risk": "Low", "heat_zone": 0, "color": "#2ecc71", "city": "Bengaluru"}}, {"type": "Feature", "geometry": {"type": "Point", "coordinates": [77.49951605934902, 12.8906911755619]}, "properties": {"lst": 24.03, "ndvi": 0.547, "ndbi": -0.218, "risk": "Low", "heat_zone": 0, "color": "#2ecc71", "city": "Bengaluru"}}, {"type": "Feature", "geometry": {"type": "Point", "coordinates": [77.55714305587372, 12.832344491243225]}, "properties": {"lst": 25.16, "ndvi": 0.542, "ndbi": -0.203, "risk": "Low", "heat_zone": 0, "color": "#2ecc71", "city": "Bengaluru"}}, {"type": "Feature", "geometry": {"type": "Point", "coordinates": [77.69332783553797, 13.030717161387928]}, "properties": {"lst": 29.63, "ndvi": 0.572, "ndbi": -0.185, "risk": "Low", "heat_zone": 0, "color": "#2ecc71", "city": "Bengaluru"}}, {"type": "Feature", "geometry": {"type": "Point", "coordinates": [77.6070859826917, 13.108389470174496]}, "properties": {"lst": 21.27, "ndvi": 0.37, "ndbi": -0.286, "risk": "Low", "heat_zone": 0, "color": "#2ecc71", "city": "Bengaluru"}}, {"type": "Feature", "geometry": {"type": "Point", "coordinates": [77.5740431340981, 12.905479511938651]}, "properties": {"lst": 26.37, "ndvi": 0.448, "ndbi": -0.267, "risk": "Low", "heat_zone": 0, "color": "#2ecc71", "city": "Bengaluru"}}, {"type": "Feature", "geometry": {"type": "Point", "coordinates": [77.58017717192811, 13.117380708886856]}, "properties": {"lst": 21.77, "ndvi": 0.737, "ndbi": -0.163, "risk": "Low", "heat_zone": 0, "color": "#2ecc71", "city": "Bengaluru"}}, {"type": "Feature", "geometry": {"type": "Point", "coordinates": [77.60161743357398, 12.848682890989764]}, "properties": {"lst": 24.06, "ndvi": 0.764, "ndbi": -0.191, "risk": "Low", "heat_zone": 0, "color": "#2ecc71", "city": "Bengaluru"}}, {"type": "Feature", "geometry": {"type": "Point", "coordinates": [77.70905545946623, 13.11967516830971]}, "properties": {"lst": 27.18, "ndvi": 0.575, "ndbi": -0.209, "risk": "Low", "heat_zone": 0, "color": "#2ecc71", "city": "Bengaluru"}}, {"type": "Feature", "geometry": {"type": "Point", "coordinates": [77.74438794735028, 12.939003033044289]}, "properties": {"lst": 25.13, "ndvi": 0.658, "ndbi": -0.199, "risk": "Low", "heat_zone": 0, "color": "#2ecc71", "city": "Bengaluru"}}, {"type": "Feature", "geometry": {"type": "Point", "coordinates": [77.76526044654629, 12.861440456819258]}, "properties": {"lst": 22.84, "ndvi": 0.631, "ndbi": -0.183, "risk": "Low", "heat_zone": 0, "color": "#2ecc71", "city": "Bengaluru"}}, {"type": "Feature", "geometry": {"type": "Point", "coordinates": [77.70967811746425, 12.980620245347762]}, "properties": {"lst": 23.57, "ndvi": 0.908, "ndbi": -0.227, "risk": "Low", "heat_zone": 0, "color": "#2ecc71", "city": "Bengaluru"}}, {"type": "Feature", "geometry": {"type": "Point", "coordinates": [77.55408427559685, 12.909600735993358]}, "properties": {"lst": 26.36, "ndvi": 0.712, "ndbi": -0.239, "risk": "Low", "heat_zone": 0, "color": "#2ecc71", "city": "Bengaluru"}}, {"type": "Feature", "geometry": {"type": "Point", "coordinates": [77.67708445300856, 12.918310599608196]}, "properties": {"lst": 23.54, "ndvi": 0.587, "ndbi": -0.19, "risk": "Low", "heat_zone": 0, "color": "#2ecc71", "city": "Bengaluru"}}, {"type": "Feature", "geometry": {"type": "Point", "coordinates": [77.59440903093828, 12.92525988912715]}, "properties": {"lst": 25.43, "ndvi": 0.504, "ndbi": -0.249, "risk": "Low", "heat_zone": 0, "color": "#2ecc71", "city": "Bengaluru"}}, {"type": "Feature", "geometry": {"type": "Point", "coordinates": [77.5340413052752, 13.078938028328126]}, "properties": {"lst": 25.09, "ndvi": 0.439, "ndbi": -0.18, "risk": "Low", "heat_zone": 0, "color": "#2ecc71", "city": "Bengaluru"}}, {"type": "Feature", "geometry": {"type": "Point", "coordinates": [77.72748762121056, 12.997139995769327]}, "properties": {"lst": 23.7, "ndvi": 0.62, "ndbi": -0.285, "risk": "Low", "heat_zone": 0, "color": "#2ecc71", "city": "Bengaluru"}}, {"type": "Feature", "geometry": {"type": "Point", "coordinates": [77.46268069515757, 12.92650538673836]}, "properties": {"lst": 29.29, "ndvi": 0.524, "ndbi": -0.149, "risk": "Low", "heat_zone": 0, "color": "#2ecc71", "city": "Bengaluru"}}, {"type": "Feature", "geometry": {"type": "Point", "coordinates": [77.74758145740469, 13.019203472826383]}, "properties": {"lst": 26.27, "ndvi": 0.458, "ndbi": -0.176, "risk": "Low", "heat_zone": 0, "color": "#2ecc71", "city": "Bengaluru"}}, {"type": "Feature", "geometry": {"type": "Point", "coordinates": [77.60228756332616, 13.05200670900919]}, "properties": {"lst": 20.95, "ndvi": 0.535, "ndbi": -0.187, "risk": "Low", "heat_zone": 0, "color": "#2ecc71", "city": "Bengaluru"}}, {"type": "Feature", "geometry": {"type": "Point", "coordinates": [77.66027648734674, 12.914513440227395]}, "properties": {"lst": 25.37, "ndvi": 0.492, "ndbi": -0.151, "risk": "Low", "heat_zone": 0, "color": "#2ecc71", "city": "Bengaluru"}}, {"type": "Feature", "geometry": {"type": "Point", "coordinates": [77.6675867943279, 12.95820022147286]}, "properties": {"lst": 23.68, "ndvi": 0.769, "ndbi": -0.117, "risk": "Low", "heat_zone": 0, "color": "#2ecc71", "city": "Bengaluru"}}, {"type": "Feature", "geometry": {"type": "Point", "coordinates": [77.74538885443316, 12.867784688934456]}, "properties": {"lst": 26.7, "ndvi": 0.688, "ndbi": -0.149, "risk": "Low", "heat_zone": 0, "color": "#2ecc71", "city": "Bengaluru"}}, {"type": "Feature", "geometry": {"type": "Point", "coordinates": [77.66010099511519, 12.88615629835575]}, "properties": {"lst": 23.41, "ndvi": 0.599, "ndbi": -0.292, "risk": "Low", "heat_zone": 0, "color": "#2ecc71", "city": "Bengaluru"}}, {"type": "Feature", "geometry": {"type": "Point", "coordinates": [77.65259808297083, 13.041146534729146]}, "properties": {"lst": 24.77, "ndvi": 0.748, "ndbi": -0.264, "risk": "Low", "heat_zone": 0, "color": "#2ecc71", "city": "Bengaluru"}}, {"type": "Feature", "geometry": {"type": "Point", "coordinates": [77.47199517338503, 12.886245887785645]}, "properties": {"lst": 26.01, "ndvi": 0.608, "ndbi": -0.231, "risk": "Low", "heat_zone": 0, "color": "#2ecc71", "city": "Bengaluru"}}, {"type": "Feature", "geometry": {"type": "Point", "coordinates": [77.62107464724193, 12.99280064893679]}, "properties": {"lst": 26.73, "ndvi": 0.514, "ndbi": -0.199, "risk": "Low", "heat_zone": 0, "color": "#2ecc71", "city": "Bengaluru"}}, {"type": "Feature", "geometry": {"type": "Point", "coordinates": [77.49955577026962, 13.049804341133957]}, "properties": {"lst": 22.6, "ndvi": 0.752, "ndbi": -0.174, "risk": "Low", "heat_zone": 0, "color": "#2ecc71", "city": "Bengaluru"}}, {"type": "Feature", "geometry": {"type": "Point", "coordinates": [77.6933531436781, 12.863131846159373]}, "properties": {"lst": 24.33, "ndvi": 0.654, "ndbi": -0.236, "risk": "Low", "heat_zone": 0, "color": "#2ecc71", "city": "Bengaluru"}}, {"type": "Feature", "geometry": {"type": "Point", "coordinates": [77.61903323386818, 13.00586678808496]}, "properties": {"lst": 24.05, "ndvi": 0.496, "ndbi": -0.191, "risk": "Low", "heat_zone": 0, "color": "#2ecc71", "city": "Bengaluru"}}, {"type": "Feature", "geometry": {"type": "Point", "coordinates": [77.67447516713875, 12.909534462947423]}, "properties": {"lst": 23.69, "ndvi": 0.581, "ndbi": -0.238, "risk": "Low", "heat_zone": 0, "color": "#2ecc71", "city": "Bengaluru"}}, {"type": "Feature", "geometry": {"type": "Point", "coordinates": [77.46375205719879, 13.12850733132365]}, "properties": {"lst": 28.53, "ndvi": 0.512, "ndbi": -0.231, "risk": "Low", "heat_zone": 0, "color": "#2ecc71", "city": "Bengaluru"}}, {"type": "Feature", "geometry": {"type": "Point", "coordinates": [77.47798136529512, 12.979899150483178]}, "properties": {"lst": 25.81, "ndvi": 0.462, "ndbi": -0.27, "risk": "Low", "heat_zone": 0, "color": "#2ecc71", "city": "Bengaluru"}}, {"type": "Feature", "geometry": {"type": "Point", "coordinates": [77.59304583680937, 12.893653210999108]}, "properties": {"lst": 29.27, "ndvi": 0.315, "ndbi": -0.004, "risk": "Moderate", "heat_zone": 1, "color": "#f1c40f", "city": "Bengaluru"}}, {"type": "Feature", "geometry": {"type": "Point", "coordinates": [77.77907017678797, 12.979742306243256]}, "properties": {"lst": 30.37, "ndvi": 0.434, "ndbi": -0.019, "risk": "Moderate", "heat_zone": 1, "color": "#f1c40f", "city": "Bengaluru"}}, {"type": "Feature", "geometry": {"type": "Point", "coordinates": [77.63448956403238, 12.913245464380958]}, "properties": {"lst": 27.31, "ndvi": 0.385, "ndbi": -0.013, "risk": "Moderate", "heat_zone": 1, "color": "#f1c40f", "city": "Bengaluru"}}, {"type": "Feature", "geometry": {"type": "Point", "coordinates": [77.55598351036987, 12.919113116118147]}, "properties": {"lst": 28.06, "ndvi": 0.479, "ndbi": 0.08, "risk": "Moderate", "heat_zone": 1, "color": "#f1c40f", "city": "Bengaluru"}}, {"type": "Feature", "geometry": {"type": "Point", "coordinates": [77.52263673754857, 13.033594379677114]}, "properties": {"lst": 32.4, "ndvi": 0.495, "ndbi": 0.028, "risk": "Moderate", "heat_zone": 1, "color": "#f1c40f", "city": "Bengaluru"}}, {"type": "Feature", "geometry": {"type": "Point", "coordinates": [77.56567177631443, 13.130246572826968]}, "properties": {"lst": 28.69, "ndvi": 0.607, "ndbi": -0.015, "risk": "Moderate", "heat_zone": 1, "color": "#f1c40f", "city": "Bengaluru"}}, {"type": "Feature", "geometry": {"type": "Point", "coordinates": [77.57293598034066, 13.017127532173406]}, "properties": {"lst": 27.91, "ndvi": 0.446, "ndbi": 0.035, "risk": "Moderate", "heat_zone": 1, "color": "#f1c40f", "city": "Bengaluru"}}, {"type": "Feature", "geometry": {"type": "Point", "coordinates": [77.47267551364891, 12.85386363479014]}, "properties": {"lst": 31.07, "ndvi": 0.426, "ndbi": -0.017, "risk": "Moderate", "heat_zone": 1, "color": "#f1c40f", "city": "Bengaluru"}}, {"type": "Feature", "geometry": {"type": "Point", "coordinates": [77.57195948581084, 12.85343092029476]}, "properties": {"lst": 32.37, "ndvi": 0.416, "ndbi": 0.059, "risk": "Moderate", "heat_zone": 1, "color": "#f1c40f", "city": "Bengaluru"}}, {"type": "Feature", "geometry": {"type": "Point", "coordinates": [77.60319871151394, 13.124941198462126]}, "properties": {"lst": 31.44, "ndvi": 0.372, "ndbi": 0.018, "risk": "Moderate", "heat_zone": 1, "color": "#f1c40f", "city": "Bengaluru"}}, {"type": "Feature", "geometry": {"type": "Point", "coordinates": [77.68850345823881, 12.922160144995274]}, "properties": {"lst": 31.99, "ndvi": 0.427, "ndbi": -0.005, "risk": "Moderate", "heat_zone": 1, "color": "#f1c40f", "city": "Bengaluru"}}, {"type": "Feature", "geometry": {"type": "Point", "coordinates": [77.66672072995813, 12.858540765685568]}, "properties": {"lst": 28.49, "ndvi": 0.376, "ndbi": 0.022, "risk": "Moderate", "heat_zone": 1, "color": "#f1c40f", "city": "Bengaluru"}}, {"type": "Feature", "geometry": {"type": "Point", "coordinates": [77.68389266622562, 13.01570382201662]}, "properties": {"lst": 27.16, "ndvi": 0.413, "ndbi": -0.079, "risk": "Moderate", "heat_zone": 1, "color": "#f1c40f", "city": "Bengaluru"}}, {"type": "Feature", "geometry": {"type": "Point", "coordinates": [77.45276001501936, 13.023331121269983]}, "properties": {"lst": 33.0, "ndvi": 0.505, "ndbi": -0.056, "risk": "Moderate", "heat_zone": 1, "color": "#f1c40f", "city": "Bengaluru"}}, {"type": "Feature", "geometry": {"type": "Point", "coordinates": [77.52183024186158, 13.031036494236794]}, "properties": {"lst": 29.35, "ndvi": 0.319, "ndbi": -0.06, "risk": "Moderate", "heat_zone": 1, "color": "#f1c40f", "city": "Bengaluru"}}, {"type": "Feature", "geometry": {"type": "Point", "coordinates": [77.66835581517195, 12.912894628635838]}, "properties": {"lst": 29.5, "ndvi": 0.491, "ndbi": 0.007, "risk": "Moderate", "heat_zone": 1, "color": "#f1c40f", "city": "Bengaluru"}}, {"type": "Feature", "geometry": {"type": "Point", "coordinates": [77.60971649149931, 12.834684312106488]}, "properties": {"lst": 32.66, "ndvi": 0.505, "ndbi": 0.087, "risk": "Moderate", "heat_zone": 1, "color": "#f1c40f", "city": "Bengaluru"}}, {"type": "Feature", "geometry": {"type": "Point", "coordinates": [77.45175344697056, 13.129154764530886]}, "properties": {"lst": 31.11, "ndvi": 0.391, "ndbi": 0.112, "risk": "Moderate", "heat_zone": 1, "color": "#f1c40f", "city": "Bengaluru"}}, {"type": "Feature", "geometry": {"type": "Point", "coordinates": [77.7154832320025, 12.907776844164244]}, "properties": {"lst": 30.91, "ndvi": 0.23, "ndbi": 0.032, "risk": "Moderate", "heat_zone": 1, "color": "#f1c40f", "city": "Bengaluru"}}, {"type": "Feature", "geometry": {"type": "Point", "coordinates": [77.70502715918582, 13.03956814929629]}, "properties": {"lst": 34.33, "ndvi": 0.351, "ndbi": 0.025, "risk": "Moderate", "heat_zone": 1, "color": "#f1c40f", "city": "Bengaluru"}}, {"type": "Feature", "geometry": {"type": "Point", "coordinates": [77.63097832378787, 13.0490552596624]}, "properties": {"lst": 28.71, "ndvi": 0.504, "ndbi": -0.09, "risk": "Low", "heat_zone": 0, "color": "#2ecc71", "city": "Bengaluru"}}, {"type": "Feature", "geometry": {"type": "Point", "coordinates": [77.47193289750618, 13.01910229929464]}, "properties": {"lst": 31.86, "ndvi": 0.398, "ndbi": -0.027, "risk": "Moderate", "heat_zone": 1, "color": "#f1c40f", "city": "Bengaluru"}}, {"type": "Feature", "geometry": {"type": "Point", "coordinates": [77.70294996634576, 12.927001292206231]}, "properties": {"lst": 30.11, "ndvi": 0.32, "ndbi": -0.039, "risk": "Moderate", "heat_zone": 1, "color": "#f1c40f", "city": "Bengaluru"}}, {"type": "Feature", "geometry": {"type": "Point", "coordinates": [77.64262548395135, 12.91403983866686]}, "properties": {"lst": 30.54, "ndvi": 0.36, "ndbi": -0.031, "risk": "Moderate", "heat_zone": 1, "color": "#f1c40f", "city": "Bengaluru"}}, {"type": "Feature", "geometry": {"type": "Point", "coordinates": [77.70804679246213, 13.01527716763784]}, "properties": {"lst": 33.06, "ndvi": 0.467, "ndbi": -0.008, "risk": "Moderate", "heat_zone": 1, "color": "#f1c40f", "city": "Bengaluru"}}, {"type": "Feature", "geometry": {"type": "Point", "coordinates": [77.69807650749063, 13.098489646419624]}, "properties": {"lst": 31.02, "ndvi": 0.444, "ndbi": -0.024, "risk": "Moderate", "heat_zone": 1, "color": "#f1c40f", "city": "Bengaluru"}}, {"type": "Feature", "geometry": {"type": "Point", "coordinates": [77.7149906837461, 13.123487455966254]}, "properties": {"lst": 31.08, "ndvi": 0.381, "ndbi": -0.099, "risk": "Moderate", "heat_zone": 1, "color": "#f1c40f", "city": "Bengaluru"}}, {"type": "Feature", "geometry": {"type": "Point", "coordinates": [77.62094266191353, 12.862830799365163]}, "properties": {"lst": 32.15, "ndvi": 0.371, "ndbi": 0.037, "risk": "Moderate", "heat_zone": 1, "color": "#f1c40f", "city": "Bengaluru"}}, {"type": "Feature", "geometry": {"type": "Point", "coordinates": [77.49630709100386, 12.877996869905294]}, "properties": {"lst": 29.27, "ndvi": 0.369, "ndbi": -0.054, "risk": "Moderate", "heat_zone": 1, "color": "#f1c40f", "city": "Bengaluru"}}, {"type": "Feature", "geometry": {"type": "Point", "coordinates": [77.6714819662153, 13.122868240222756]}, "properties": {"lst": 28.32, "ndvi": 0.326, "ndbi": 0.012, "risk": "Moderate", "heat_zone": 1, "color": "#f1c40f", "city": "Bengaluru"}}, {"type": "Feature", "geometry": {"type": "Point", "coordinates": [77.65475634906716, 13.058325920783789]}, "properties": {"lst": 27.91, "ndvi": 0.529, "ndbi": 0.104, "risk": "Moderate", "heat_zone": 1, "color": "#f1c40f", "city": "Bengaluru"}}, {"type": "Feature", "geometry": {"type": "Point", "coordinates": [77.6949435517757, 13.103728085697233]}, "properties": {"lst": 26.07, "ndvi": 0.374, "ndbi": -0.046, "risk": "Moderate", "heat_zone": 1, "color": "#f1c40f", "city": "Bengaluru"}}, {"type": "Feature", "geometry": {"type": "Point", "coordinates": [77.50606073199674, 12.892816116581956]}, "properties": {"lst": 34.11, "ndvi": 0.497, "ndbi": -0.127, "risk": "Moderate", "heat_zone": 1, "color": "#f1c40f", "city": "Bengaluru"}}, {"type": "Feature", "geometry": {"type": "Point", "coordinates": [77.5143418159671, 13.012151620043914]}, "properties": {"lst": 27.79, "ndvi": 0.522, "ndbi": -0.014, "risk": "Moderate", "heat_zone": 1, "color": "#f1c40f", "city": "Bengaluru"}}, {"type": "Feature", "geometry": {"type": "Point", "coordinates": [77.74383514068238, 13.047353274269415]}, "properties": {"lst": 29.56, "ndvi": 0.48, "ndbi": 0.055, "risk": "Moderate", "heat_zone": 1, "color": "#f1c40f", "city": "Bengaluru"}}, {"type": "Feature", "geometry": {"type": "Point", "coordinates": [77.69749267348918, 13.040834684488562]}, "properties": {"lst": 29.45, "ndvi": 0.365, "ndbi": 0.098, "risk": "Moderate", "heat_zone": 1, "color": "#f1c40f", "city": "Bengaluru"}}, {"type": "Feature", "geometry": {"type": "Point", "coordinates": [77.7497154012711, 12.956527024168675]}, "properties": {"lst": 30.61, "ndvi": 0.432, "ndbi": -0.061, "risk": "Moderate", "heat_zone": 1, "color": "#f1c40f", "city": "Bengaluru"}}, {"type": "Feature", "geometry": {"type": "Point", "coordinates": [77.7003760559841, 12.834772416424306]}, "properties": {"lst": 31.63, "ndvi": 0.398, "ndbi": 0.025, "risk": "Moderate", "heat_zone": 1, "color": "#f1c40f", "city": "Bengaluru"}}, {"type": "Feature", "geometry": {"type": "Point", "coordinates": [77.6470612509768, 13.010707077609322]}, "properties": {"lst": 31.72, "ndvi": 0.328, "ndbi": -0.023, "risk": "Moderate", "heat_zone": 1, "color": "#f1c40f", "city": "Bengaluru"}}, {"type": "Feature", "geometry": {"type": "Point", "coordinates": [77.6658638032192, 12.908461477145678]}, "properties": {"lst": 28.83, "ndvi": 0.426, "ndbi": -0.005, "risk": "Moderate", "heat_zone": 1, "color": "#f1c40f", "city": "Bengaluru"}}, {"type": "Feature", "geometry": {"type": "Point", "coordinates": [77.7434122149002, 12.969578816304296]}, "properties": {"lst": 29.67, "ndvi": 0.306, "ndbi": 0.132, "risk": "High", "heat_zone": 2, "color": "#e67e22", "city": "Bengaluru"}}, {"type": "Feature", "geometry": {"type": "Point", "coordinates": [77.64100622898894, 13.126850114675984]}, "properties": {"lst": 30.57, "ndvi": 0.495, "ndbi": -0.075, "risk": "Moderate", "heat_zone": 1, "color": "#f1c40f", "city": "Bengaluru"}}, {"type": "Feature", "geometry": {"type": "Point", "coordinates": [77.65868913702838, 12.953700948469155]}, "properties": {"lst": 29.5, "ndvi": 0.363, "ndbi": 0.013, "risk": "Moderate", "heat_zone": 1, "color": "#f1c40f", "city": "Bengaluru"}}, {"type": "Feature", "geometry": {"type": "Point", "coordinates": [77.50163731628119, 13.090338498065972]}, "properties": {"lst": 33.21, "ndvi": 0.416, "ndbi": 0.023, "risk": "Moderate", "heat_zone": 1, "color": "#f1c40f", "city": "Bengaluru"}}, {"type": "Feature", "geometry": {"type": "Point", "coordinates": [77.60639400263831, 12.888447587782268]}, "properties": {"lst": 30.98, "ndvi": 0.423, "ndbi": 0.054, "risk": "Moderate", "heat_zone": 1, "color": "#f1c40f", "city": "Bengaluru"}}, {"type": "Feature", "geometry": {"type": "Point", "coordinates": [77.68641104694618, 13.038462754387758]}, "properties": {"lst": 31.47, "ndvi": 0.379, "ndbi": 0.005, "risk": "Moderate", "heat_zone": 1, "color": "#f1c40f", "city": "Bengaluru"}}, {"type": "Feature", "geometry": {"type": "Point", "coordinates": [77.5394110904444, 13.132872155876074]}, "properties": {"lst": 31.33, "ndvi": 0.447, "ndbi": 0.015, "risk": "Moderate", "heat_zone": 1, "color": "#f1c40f", "city": "Bengaluru"}}, {"type": "Feature", "geometry": {"type": "Point", "coordinates": [77.5167438795731, 12.861586861270611]}, "properties": {"lst": 32.35, "ndvi": 0.362, "ndbi": -0.02, "risk": "Moderate", "heat_zone": 1, "color": "#f1c40f", "city": "Bengaluru"}}, {"type": "Feature", "geometry": {"type": "Point", "coordinates": [77.55356284671406, 12.832579182090427]}, "properties": {"lst": 30.36, "ndvi": 0.47, "ndbi": 0.013, "risk": "Moderate", "heat_zone": 1, "color": "#f1c40f", "city": "Bengaluru"}}, {"type": "Feature", "geometry": {"type": "Point", "coordinates": [77.52969520723764, 12.96441066571611]}, "properties": {"lst": 27.41, "ndvi": 0.292, "ndbi": -0.017, "risk": "Moderate", "heat_zone": 1, "color": "#f1c40f", "city": "Bengaluru"}}, {"type": "Feature", "geometry": {"type": "Point", "coordinates": [77.52092117022201, 12.858713899745924]}, "properties": {"lst": 30.8, "ndvi": 0.41, "ndbi": 0.031, "risk": "Moderate", "heat_zone": 1, "color": "#f1c40f", "city": "Bengaluru"}}, {"type": "Feature", "geometry": {"type": "Point", "coordinates": [77.59020077814647, 13.061999148399632]}, "properties": {"lst": 28.7, "ndvi": 0.555, "ndbi": -0.018, "risk": "Moderate", "heat_zone": 1, "color": "#f1c40f", "city": "Bengaluru"}}, {"type": "Feature", "geometry": {"type": "Point", "coordinates": [77.74958670958156, 13.113510085793054]}, "properties": {"lst": 28.94, "ndvi": 0.32, "ndbi": 0.019, "risk": "Moderate", "heat_zone": 1, "color": "#f1c40f", "city": "Bengaluru"}}, {"type": "Feature", "geometry": {"type": "Point", "coordinates": [77.61732968342378, 12.964546501539717]}, "properties": {"lst": 31.17, "ndvi": 0.346, "ndbi": -0.001, "risk": "Moderate", "heat_zone": 1, "color": "#f1c40f", "city": "Bengaluru"}}, {"type": "Feature", "geometry": {"type": "Point", "coordinates": [77.51201372566906, 12.910200609068188]}, "properties": {"lst": 32.48, "ndvi": 0.441, "ndbi": 0.056, "risk": "Moderate", "heat_zone": 1, "color": "#f1c40f", "city": "Bengaluru"}}, {"type": "Feature", "geometry": {"type": "Point", "coordinates": [77.4754006508957, 12.96466502889205]}, "properties": {"lst": 30.04, "ndvi": 0.414, "ndbi": -0.003, "risk": "Moderate", "heat_zone": 1, "color": "#f1c40f", "city": "Bengaluru"}}, {"type": "Feature", "geometry": {"type": "Point", "coordinates": [77.67973152789551, 13.0542688235335]}, "properties": {"lst": 30.62, "ndvi": 0.428, "ndbi": -0.089, "risk": "Moderate", "heat_zone": 1, "color": "#f1c40f", "city": "Bengaluru"}}, {"type": "Feature", "geometry": {"type": "Point", "coordinates": [77.576323592264, 12.832806790089917]}, "properties": {"lst": 33.4, "ndvi": 0.439, "ndbi": 0.063, "risk": "Moderate", "heat_zone": 1, "color": "#f1c40f", "city": "Bengaluru"}}, {"type": "Feature", "geometry": {"type": "Point", "coordinates": [77.72120421237317, 13.012730736740256]}, "properties": {"lst": 30.48, "ndvi": 0.451, "ndbi": -0.045, "risk": "Moderate", "heat_zone": 1, "color": "#f1c40f", "city": "Bengaluru"}}, {"type": "Feature", "geometry": {"type": "Point", "coordinates": [77.66763855365146, 13.020120422315088]}, "properties": {"lst": 35.2, "ndvi": 0.489, "ndbi": -0.033, "risk": "Moderate", "heat_zone": 1, "color": "#f1c40f", "city": "Bengaluru"}}, {"type": "Feature", "geometry": {"type": "Point", "coordinates": [77.71275967867865, 13.02768335653774]}, "properties": {"lst": 31.13, "ndvi": 0.433, "ndbi": -0.03, "risk": "Moderate", "heat_zone": 1, "color": "#f1c40f", "city": "Bengaluru"}}, {"type": "Feature", "geometry": {"type": "Point", "coordinates": [77.5397421930081, 12.905026844794072]}, "properties": {"lst": 26.48, "ndvi": 0.381, "ndbi": 0.069, "risk": "Moderate", "heat_zone": 1, "color": "#f1c40f", "city": "Bengaluru"}}, {"type": "Feature", "geometry": {"type": "Point", "coordinates": [77.67847844441215, 13.05135634424722]}, "properties": {"lst": 31.51, "ndvi": 0.454, "ndbi": -0.107, "risk": "Moderate", "heat_zone": 1, "color": "#f1c40f", "city": "Bengaluru"}}, {"type": "Feature", "geometry": {"type": "Point", "coordinates": [77.53714045494893, 12.85833136076285]}, "properties": {"lst": 30.76, "ndvi": 0.552, "ndbi": 0.157, "risk": "Moderate", "heat_zone": 1, "color": "#f1c40f", "city": "Bengaluru"}}, {"type": "Feature", "geometry": {"type": "Point", "coordinates": [77.7598925982186, 12.891773804304709]}, "properties": {"lst": 32.58, "ndvi": 0.389, "ndbi": 0.053, "risk": "Moderate", "heat_zone": 1, "color": "#f1c40f", "city": "Bengaluru"}}, {"type": "Feature", "geometry": {"type": "Point", "coordinates": [77.66000351290602, 13.10201571446289]}, "properties": {"lst": 31.35, "ndvi": 0.322, "ndbi": 0.011, "risk": "Moderate", "heat_zone": 1, "color": "#f1c40f", "city": "Bengaluru"}}, {"type": "Feature", "geometry": {"type": "Point", "coordinates": [77.55708889405787, 13.059004176725235]}, "properties": {"lst": 29.72, "ndvi": 0.489, "ndbi": -0.003, "risk": "Moderate", "heat_zone": 1, "color": "#f1c40f", "city": "Bengaluru"}}, {"type": "Feature", "geometry": {"type": "Point", "coordinates": [77.53893891455645, 12.834261121743516]}, "properties": {"lst": 27.55, "ndvi": 0.39, "ndbi": 0.014, "risk": "Moderate", "heat_zone": 1, "color": "#f1c40f", "city": "Bengaluru"}}, {"type": "Feature", "geometry": {"type": "Point", "coordinates": [77.51300577307364, 12.906996640714638]}, "properties": {"lst": 29.58, "ndvi": 0.226, "ndbi": 0.026, "risk": "Moderate", "heat_zone": 1, "color": "#f1c40f", "city": "Bengaluru"}}, {"type": "Feature", "geometry": {"type": "Point", "coordinates": [77.67923151643492, 12.89646600972788]}, "properties": {"lst": 28.3, "ndvi": 0.468, "ndbi": 0.032, "risk": "Moderate", "heat_zone": 1, "color": "#f1c40f", "city": "Bengaluru"}}, {"type": "Feature", "geometry": {"type": "Point", "coordinates": [77.52217615228932, 12.91394996169146]}, "properties": {"lst": 28.84, "ndvi": 0.357, "ndbi": 0.028, "risk": "Moderate", "heat_zone": 1, "color": "#f1c40f", "city": "Bengaluru"}}, {"type": "Feature", "geometry": {"type": "Point", "coordinates": [77.64645007775607, 12.906743528786764]}, "properties": {"lst": 31.18, "ndvi": 0.393, "ndbi": 0.004, "risk": "Moderate", "heat_zone": 1, "color": "#f1c40f", "city": "Bengaluru"}}, {"type": "Feature", "geometry": {"type": "Point", "coordinates": [77.53732955888538, 12.849383151680282]}, "properties": {"lst": 33.34, "ndvi": 0.427, "ndbi": -0.01, "risk": "Moderate", "heat_zone": 1, "color": "#f1c40f", "city": "Bengaluru"}}, {"type": "Feature", "geometry": {"type": "Point", "coordinates": [77.66844975178198, 12.972271560145014]}, "properties": {"lst": 30.79, "ndvi": 0.415, "ndbi": -0.008, "risk": "Moderate", "heat_zone": 1, "color": "#f1c40f", "city": "Bengaluru"}}, {"type": "Feature", "geometry": {"type": "Point", "coordinates": [77.71893011041838, 13.057147377183712]}, "properties": {"lst": 27.61, "ndvi": 0.457, "ndbi": -0.01, "risk": "Moderate", "heat_zone": 1, "color": "#f1c40f", "city": "Bengaluru"}}, {"type": "Feature", "geometry": {"type": "Point", "coordinates": [77.70674833023774, 13.018086834662403]}, "properties": {"lst": 30.89, "ndvi": 0.365, "ndbi": 0.057, "risk": "Moderate", "heat_zone": 1, "color": "#f1c40f", "city": "Bengaluru"}}, {"type": "Feature", "geometry": {"type": "Point", "coordinates": [77.70108093920716, 13.038590217265403]}, "properties": {"lst": 32.39, "ndvi": 0.441, "ndbi": 0.03, "risk": "Moderate", "heat_zone": 1, "color": "#f1c40f", "city": "Bengaluru"}}, {"type": "Feature", "geometry": {"type": "Point", "coordinates": [77.51194839387844, 12.855156245346237]}, "properties": {"lst": 28.78, "ndvi": 0.379, "ndbi": -0.147, "risk": "Moderate", "heat_zone": 1, "color": "#f1c40f", "city": "Bengaluru"}}, {"type": "Feature", "geometry": {"type": "Point", "coordinates": [77.47916703250489, 13.124962120154803]}, "properties": {"lst": 29.73, "ndvi": 0.459, "ndbi": 0.033, "risk": "Moderate", "heat_zone": 1, "color": "#f1c40f", "city": "Bengaluru"}}, {"type": "Feature", "geometry": {"type": "Point", "coordinates": [77.68065311340084, 13.089932468491336]}, "properties": {"lst": 30.03, "ndvi": 0.449, "ndbi": 0.01, "risk": "Moderate", "heat_zone": 1, "color": "#f1c40f", "city": "Bengaluru"}}, {"type": "Feature", "geometry": {"type": "Point", "coordinates": [77.57155458055213, 13.079577998733656]}, "properties": {"lst": 28.43, "ndvi": 0.325, "ndbi": -0.001, "risk": "Moderate", "heat_zone": 1, "color": "#f1c40f", "city": "Bengaluru"}}, {"type": "Feature", "geometry": {"type": "Point", "coordinates": [77.5926742547131, 13.085124979562949]}, "properties": {"lst": 31.3, "ndvi": 0.487, "ndbi": -0.019, "risk": "Moderate", "heat_zone": 1, "color": "#f1c40f", "city": "Bengaluru"}}, {"type": "Feature", "geometry": {"type": "Point", "coordinates": [77.46027920062183, 13.119140257521156]}, "properties": {"lst": 29.76, "ndvi": 0.357, "ndbi": 0.056, "risk": "Moderate", "heat_zone": 1, "color": "#f1c40f", "city": "Bengaluru"}}, {"type": "Feature", "geometry": {"type": "Point", "coordinates": [77.53566022826077, 12.998718729495248]}, "properties": {"lst": 30.84, "ndvi": 0.465, "ndbi": 0.047, "risk": "Moderate", "heat_zone": 1, "color": "#f1c40f", "city": "Bengaluru"}}, {"type": "Feature", "geometry": {"type": "Point", "coordinates": [77.46111321327858, 12.892087425538964]}, "properties": {"lst": 28.23, "ndvi": 0.429, "ndbi": -0.039, "risk": "Moderate", "heat_zone": 1, "color": "#f1c40f", "city": "Bengaluru"}}, {"type": "Feature", "geometry": {"type": "Point", "coordinates": [77.74013130495841, 13.021202918434287]}, "properties": {"lst": 29.13, "ndvi": 0.547, "ndbi": 0.02, "risk": "Moderate", "heat_zone": 1, "color": "#f1c40f", "city": "Bengaluru"}}, {"type": "Feature", "geometry": {"type": "Point", "coordinates": [77.53032090546212, 13.060293263037062]}, "properties": {"lst": 31.44, "ndvi": 0.382, "ndbi": -0.049, "risk": "Moderate", "heat_zone": 1, "color": "#f1c40f", "city": "Bengaluru"}}, {"type": "Feature", "geometry": {"type": "Point", "coordinates": [77.63392126595909, 13.058754391939749]}, "properties": {"lst": 29.25, "ndvi": 0.372, "ndbi": -0.069, "risk": "Moderate", "heat_zone": 1, "color": "#f1c40f", "city": "Bengaluru"}}, {"type": "Feature", "geometry": {"type": "Point", "coordinates": [77.46286317581817, 12.991649197491734]}, "properties": {"lst": 33.45, "ndvi": 0.398, "ndbi": -0.031, "risk": "Moderate", "heat_zone": 1, "color": "#f1c40f", "city": "Bengaluru"}}, {"type": "Feature", "geometry": {"type": "Point", "coordinates": [77.67005963913087, 12.851222202993409]}, "properties": {"lst": 29.2, "ndvi": 0.376, "ndbi": 0.043, "risk": "Moderate", "heat_zone": 1, "color": "#f1c40f", "city": "Bengaluru"}}, {"type": "Feature", "geometry": {"type": "Point", "coordinates": [77.55659902409886, 12.94504501091334]}, "properties": {"lst": 30.45, "ndvi": 0.464, "ndbi": 0.048, "risk": "Moderate", "heat_zone": 1, "color": "#f1c40f", "city": "Bengaluru"}}, {"type": "Feature", "geometry": {"type": "Point", "coordinates": [77.74631333169603, 13.115437648623642]}, "properties": {"lst": 31.87, "ndvi": 0.271, "ndbi": 0.026, "risk": "Moderate", "heat_zone": 1, "color": "#f1c40f", "city": "Bengaluru"}}, {"type": "Feature", "geometry": {"type": "Point", "coordinates": [77.74307900234824, 13.011179162024805]}, "properties": {"lst": 27.16, "ndvi": 0.316, "ndbi": 0.036, "risk": "Moderate", "heat_zone": 1, "color": "#f1c40f", "city": "Bengaluru"}}, {"type": "Feature", "geometry": {"type": "Point", "coordinates": [77.55734590405937, 12.996882902409272]}, "properties": {"lst": 26.48, "ndvi": 0.315, "ndbi": 0.026, "risk": "Moderate", "heat_zone": 1, "color": "#f1c40f", "city": "Bengaluru"}}, {"type": "Feature", "geometry": {"type": "Point", "coordinates": [77.74731709557786, 12.91334458945848]}, "properties": {"lst": 26.95, "ndvi": 0.476, "ndbi": -0.032, "risk": "Moderate", "heat_zone": 1, "color": "#f1c40f", "city": "Bengaluru"}}, {"type": "Feature", "geometry": {"type": "Point", "coordinates": [77.7787320322546, 12.94421916517414]}, "properties": {"lst": 32.53, "ndvi": 0.537, "ndbi": 0.022, "risk": "Moderate", "heat_zone": 1, "color": "#f1c40f", "city": "Bengaluru"}}, {"type": "Feature", "geometry": {"type": "Point", "coordinates": [77.72238716916091, 13.107557287637484]}, "properties": {"lst": 28.9, "ndvi": 0.392, "ndbi": 0.04, "risk": "Moderate", "heat_zone": 1, "color": "#f1c40f", "city": "Bengaluru"}}, {"type": "Feature", "geometry": {"type": "Point", "coordinates": [77.72880754475922, 13.03660354473332]}, "properties": {"lst": 35.12, "ndvi": 0.386, "ndbi": 0.038, "risk": "Moderate", "heat_zone": 1, "color": "#f1c40f", "city": "Bengaluru"}}, {"type": "Feature", "geometry": {"type": "Point", "coordinates": [77.532172882916, 13.074089978293223]}, "properties": {"lst": 28.87, "ndvi": 0.406, "ndbi": 0.059, "risk": "Moderate", "heat_zone": 1, "color": "#f1c40f", "city": "Bengaluru"}}, {"type": "Feature", "geometry": {"type": "Point", "coordinates": [77.64031179162306, 12.970847081150971]}, "properties": {"lst": 30.37, "ndvi": 0.493, "ndbi": 0.035, "risk": "Moderate", "heat_zone": 1, "color": "#f1c40f", "city": "Bengaluru"}}, {"type": "Feature", "geometry": {"type": "Point", "coordinates": [77.47219445160924, 13.025376638031409]}, "properties": {"lst": 33.08, "ndvi": 0.326, "ndbi": 0.018, "risk": "Moderate", "heat_zone": 1, "color": "#f1c40f", "city": "Bengaluru"}}, {"type": "Feature", "geometry": {"type": "Point", "coordinates": [77.48132291915115, 12.906998918710396]}, "properties": {"lst": 34.01, "ndvi": 0.419, "ndbi": 0.054, "risk": "Moderate", "heat_zone": 1, "color": "#f1c40f", "city": "Bengaluru"}}, {"type": "Feature", "geometry": {"type": "Point", "coordinates": [77.779634561971, 13.04869285738788]}, "properties": {"lst": 34.12, "ndvi": 0.478, "ndbi": -0.001, "risk": "Moderate", "heat_zone": 1, "color": "#f1c40f", "city": "Bengaluru"}}, {"type": "Feature", "geometry": {"type": "Point", "coordinates": [77.55779095231055, 12.962556413448034]}, "properties": {"lst": 32.42, "ndvi": 0.44, "ndbi": -0.044, "risk": "Moderate", "heat_zone": 1, "color": "#f1c40f", "city": "Bengaluru"}}, {"type": "Feature", "geometry": {"type": "Point", "coordinates": [77.69690069097612, 12.96718910959257]}, "properties": {"lst": 32.05, "ndvi": 0.415, "ndbi": -0.008, "risk": "Moderate", "heat_zone": 1, "color": "#f1c40f", "city": "Bengaluru"}}, {"type": "Feature", "geometry": {"type": "Point", "coordinates": [77.71619946749885, 13.031289920618834]}, "properties": {"lst": 31.19, "ndvi": 0.48, "ndbi": -0.037, "risk": "Moderate", "heat_zone": 1, "color": "#f1c40f", "city": "Bengaluru"}}, {"type": "Feature", "geometry": {"type": "Point", "coordinates": [77.73314767943239, 13.120246992655368]}, "properties": {"lst": 31.56, "ndvi": 0.184, "ndbi": -0.034, "risk": "Moderate", "heat_zone": 1, "color": "#f1c40f", "city": "Bengaluru"}}, {"type": "Feature", "geometry": {"type": "Point", "coordinates": [77.77921733814271, 12.849841967448672]}, "properties": {"lst": 28.9, "ndvi": 0.454, "ndbi": -0.007, "risk": "Moderate", "heat_zone": 1, "color": "#f1c40f", "city": "Bengaluru"}}, {"type": "Feature", "geometry": {"type": "Point", "coordinates": [77.52969384013477, 13.085670403577572]}, "properties": {"lst": 28.36, "ndvi": 0.348, "ndbi": -0.04, "risk": "Moderate", "heat_zone": 1, "color": "#f1c40f", "city": "Bengaluru"}}, {"type": "Feature", "geometry": {"type": "Point", "coordinates": [77.46331577286371, 12.92063876422778]}, "properties": {"lst": 29.99, "ndvi": 0.254, "ndbi": -0.015, "risk": "Moderate", "heat_zone": 1, "color": "#f1c40f", "city": "Bengaluru"}}, {"type": "Feature", "geometry": {"type": "Point", "coordinates": [77.58569320093821, 12.967615030896978]}, "properties": {"lst": 29.66, "ndvi": 0.441, "ndbi": -0.095, "risk": "Moderate", "heat_zone": 1, "color": "#f1c40f", "city": "Bengaluru"}}, {"type": "Feature", "geometry": {"type": "Point", "coordinates": [77.49292662104355, 12.836793131920253]}, "properties": {"lst": 29.09, "ndvi": 0.51, "ndbi": 0.011, "risk": "Moderate", "heat_zone": 1, "color": "#f1c40f", "city": "Bengaluru"}}, {"type": "Feature", "geometry": {"type": "Point", "coordinates": [77.45740054342347, 12.923324284128638]}, "properties": {"lst": 31.39, "ndvi": 0.389, "ndbi": 0.0, "risk": "Moderate", "heat_zone": 1, "color": "#f1c40f", "city": "Bengaluru"}}, {"type": "Feature", "geometry": {"type": "Point", "coordinates": [77.56894085295669, 12.98581568521534]}, "properties": {"lst": 31.91, "ndvi": 0.476, "ndbi": -0.041, "risk": "Moderate", "heat_zone": 1, "color": "#f1c40f", "city": "Bengaluru"}}, {"type": "Feature", "geometry": {"type": "Point", "coordinates": [77.70863362285483, 12.847414583977706]}, "properties": {"lst": 30.18, "ndvi": 0.529, "ndbi": 0.033, "risk": "Moderate", "heat_zone": 1, "color": "#f1c40f", "city": "Bengaluru"}}, {"type": "Feature", "geometry": {"type": "Point", "coordinates": [77.63683962810427, 12.98223967610878]}, "properties": {"lst": 32.96, "ndvi": 0.505, "ndbi": 0.047, "risk": "Moderate", "heat_zone": 1, "color": "#f1c40f", "city": "Bengaluru"}}, {"type": "Feature", "geometry": {"type": "Point", "coordinates": [77.55321673643942, 13.117404294946112]}, "properties": {"lst": 27.72, "ndvi": 0.531, "ndbi": -0.08, "risk": "Moderate", "heat_zone": 1, "color": "#f1c40f", "city": "Bengaluru"}}, {"type": "Feature", "geometry": {"type": "Point", "coordinates": [77.66593286181259, 12.86267189761342]}, "properties": {"lst": 29.61, "ndvi": 0.459, "ndbi": -0.038, "risk": "Moderate", "heat_zone": 1, "color": "#f1c40f", "city": "Bengaluru"}}, {"type": "Feature", "geometry": {"type": "Point", "coordinates": [77.52656599950191, 13.066976625703408]}, "properties": {"lst": 28.57, "ndvi": 0.406, "ndbi": -0.038, "risk": "Moderate", "heat_zone": 1, "color": "#f1c40f", "city": "Bengaluru"}}, {"type": "Feature", "geometry": {"type": "Point", "coordinates": [77.45474587720379, 12.956998026546556]}, "properties": {"lst": 26.27, "ndvi": 0.272, "ndbi": -0.047, "risk": "Moderate", "heat_zone": 1, "color": "#f1c40f", "city": "Bengaluru"}}, {"type": "Feature", "geometry": {"type": "Point", "coordinates": [77.70223661752402, 13.033103851502544]}, "properties": {"lst": 29.83, "ndvi": 0.38, "ndbi": 0.041, "risk": "Moderate", "heat_zone": 1, "color": "#f1c40f", "city": "Bengaluru"}}, {"type": "Feature", "geometry": {"type": "Point", "coordinates": [77.65583521800512, 12.910673345375422]}, "properties": {"lst": 29.76, "ndvi": 0.333, "ndbi": -0.01, "risk": "Moderate", "heat_zone": 1, "color": "#f1c40f", "city": "Bengaluru"}}, {"type": "Feature", "geometry": {"type": "Point", "coordinates": [77.70155986608532, 12.87944260138782]}, "properties": {"lst": 33.03, "ndvi": 0.574, "ndbi": -0.013, "risk": "Moderate", "heat_zone": 1, "color": "#f1c40f", "city": "Bengaluru"}}, {"type": "Feature", "geometry": {"type": "Point", "coordinates": [77.46284954550693, 12.87974341042408]}, "properties": {"lst": 31.26, "ndvi": 0.386, "ndbi": -0.1, "risk": "Moderate", "heat_zone": 1, "color": "#f1c40f", "city": "Bengaluru"}}, {"type": "Feature", "geometry": {"type": "Point", "coordinates": [77.72624947718411, 12.851852503149376]}, "properties": {"lst": 27.95, "ndvi": 0.41, "ndbi": 0.032, "risk": "Moderate", "heat_zone": 1, "color": "#f1c40f", "city": "Bengaluru"}}, {"type": "Feature", "geometry": {"type": "Point", "coordinates": [77.65444364601198, 12.887550478519383]}, "properties": {"lst": 33.71, "ndvi": 0.444, "ndbi": -0.062, "risk": "Moderate", "heat_zone": 1, "color": "#f1c40f", "city": "Bengaluru"}}, {"type": "Feature", "geometry": {"type": "Point", "coordinates": [77.63592046573517, 13.03590800934658]}, "properties": {"lst": 32.44, "ndvi": 0.403, "ndbi": 0.003, "risk": "Moderate", "heat_zone": 1, "color": "#f1c40f", "city": "Bengaluru"}}, {"type": "Feature", "geometry": {"type": "Point", "coordinates": [77.6561226358778, 13.103324089671489]}, "properties": {"lst": 31.16, "ndvi": 0.536, "ndbi": 0.014, "risk": "Moderate", "heat_zone": 1, "color": "#f1c40f", "city": "Bengaluru"}}, {"type": "Feature", "geometry": {"type": "Point", "coordinates": [77.73526297146657, 13.08237896253326]}, "properties": {"lst": 29.55, "ndvi": 0.35, "ndbi": 0.068, "risk": "Moderate", "heat_zone": 1, "color": "#f1c40f", "city": "Bengaluru"}}, {"type": "Feature", "geometry": {"type": "Point", "coordinates": [77.64368904716444, 13.04239163606109]}, "properties": {"lst": 28.08, "ndvi": 0.416, "ndbi": -0.065, "risk": "Moderate", "heat_zone": 1, "color": "#f1c40f", "city": "Bengaluru"}}, {"type": "Feature", "geometry": {"type": "Point", "coordinates": [77.6417136253631, 12.864233877657442]}, "properties": {"lst": 29.26, "ndvi": 0.341, "ndbi": -0.151, "risk": "Moderate", "heat_zone": 1, "color": "#f1c40f", "city": "Bengaluru"}}, {"type": "Feature", "geometry": {"type": "Point", "coordinates": [77.7769241218317, 12.919648108351744]}, "properties": {"lst": 32.18, "ndvi": 0.294, "ndbi": 0.009, "risk": "Moderate", "heat_zone": 1, "color": "#f1c40f", "city": "Bengaluru"}}, {"type": "Feature", "geometry": {"type": "Point", "coordinates": [77.69972095513263, 12.926040131349966]}, "properties": {"lst": 33.77, "ndvi": 0.351, "ndbi": 0.09, "risk": "Moderate", "heat_zone": 1, "color": "#f1c40f", "city": "Bengaluru"}}, {"type": "Feature", "geometry": {"type": "Point", "coordinates": [77.59595695579888, 12.907486653383264]}, "properties": {"lst": 33.09, "ndvi": 0.397, "ndbi": 0.062, "risk": "Moderate", "heat_zone": 1, "color": "#f1c40f", "city": "Bengaluru"}}, {"type": "Feature", "geometry": {"type": "Point", "coordinates": [77.68344101001087, 12.989651754510014]}, "properties": {"lst": 29.02, "ndvi": 0.366, "ndbi": 0.01, "risk": "Moderate", "heat_zone": 1, "color": "#f1c40f", "city": "Bengaluru"}}, {"type": "Feature", "geometry": {"type": "Point", "coordinates": [77.57844605565829, 12.9960216826127]}, "properties": {"lst": 27.76, "ndvi": 0.345, "ndbi": -0.025, "risk": "Moderate", "heat_zone": 1, "color": "#f1c40f", "city": "Bengaluru"}}, {"type": "Feature", "geometry": {"type": "Point", "coordinates": [77.52552890261956, 12.940634652303045]}, "properties": {"lst": 30.28, "ndvi": 0.287, "ndbi": 0.04, "risk": "Moderate", "heat_zone": 1, "color": "#f1c40f", "city": "Bengaluru"}}, {"type": "Feature", "geometry": {"type": "Point", "coordinates": [77.64696111937296, 12.939674639208295]}, "properties": {"lst": 26.46, "ndvi": 0.393, "ndbi": -0.049, "risk": "Moderate", "heat_zone": 1, "color": "#f1c40f", "city": "Bengaluru"}}, {"type": "Feature", "geometry": {"type": "Point", "coordinates": [77.7563000923776, 13.086852235350886]}, "properties": {"lst": 30.65, "ndvi": 0.28, "ndbi": 0.024, "risk": "Moderate", "heat_zone": 1, "color": "#f1c40f", "city": "Bengaluru"}}, {"type": "Feature", "geometry": {"type": "Point", "coordinates": [77.7566160416051, 13.074680782979105]}, "properties": {"lst": 29.7, "ndvi": 0.461, "ndbi": 0.025, "risk": "Moderate", "heat_zone": 1, "color": "#f1c40f", "city": "Bengaluru"}}, {"type": "Feature", "geometry": {"type": "Point", "coordinates": [77.56282874177481, 12.925416707821032]}, "properties": {"lst": 29.07, "ndvi": 0.407, "ndbi": 0.053, "risk": "Moderate", "heat_zone": 1, "color": "#f1c40f", "city": "Bengaluru"}}, {"type": "Feature", "geometry": {"type": "Point", "coordinates": [77.62413356385316, 13.11327441760071]}, "properties": {"lst": 26.81, "ndvi": 0.283, "ndbi": 0.138, "risk": "Moderate", "heat_zone": 1, "color": "#f1c40f", "city": "Bengaluru"}}, {"type": "Feature", "geometry": {"type": "Point", "coordinates": [77.51983984652806, 13.125372655270777]}, "properties": {"lst": 31.03, "ndvi": 0.375, "ndbi": 0.02, "risk": "Moderate", "heat_zone": 1, "color": "#f1c40f", "city": "Bengaluru"}}, {"type": "Feature", "geometry": {"type": "Point", "coordinates": [77.77855826613464, 12.931290188029314]}, "properties": {"lst": 28.93, "ndvi": 0.34, "ndbi": -0.025, "risk": "Moderate", "heat_zone": 1, "color": "#f1c40f", "city": "Bengaluru"}}, {"type": "Feature", "geometry": {"type": "Point", "coordinates": [77.77376890959641, 12.939871734125846]}, "properties": {"lst": 27.66, "ndvi": 0.426, "ndbi": -0.001, "risk": "Moderate", "heat_zone": 1, "color": "#f1c40f", "city": "Bengaluru"}}, {"type": "Feature", "geometry": {"type": "Point", "coordinates": [77.66433794680346, 12.986746587560807]}, "properties": {"lst": 24.26, "ndvi": 0.507, "ndbi": -0.088, "risk": "Low", "heat_zone": 0, "color": "#2ecc71", "city": "Bengaluru"}}, {"type": "Feature", "geometry": {"type": "Point", "coordinates": [77.71545663969357, 13.12174745188544]}, "properties": {"lst": 29.94, "ndvi": 0.25, "ndbi": -0.035, "risk": "Moderate", "heat_zone": 1, "color": "#f1c40f", "city": "Bengaluru"}}, {"type": "Feature", "geometry": {"type": "Point", "coordinates": [77.68598305322362, 13.101659024274117]}, "properties": {"lst": 33.54, "ndvi": 0.409, "ndbi": -0.02, "risk": "Moderate", "heat_zone": 1, "color": "#f1c40f", "city": "Bengaluru"}}, {"type": "Feature", "geometry": {"type": "Point", "coordinates": [77.64574221228303, 12.861796068400912]}, "properties": {"lst": 33.32, "ndvi": 0.387, "ndbi": -0.026, "risk": "Moderate", "heat_zone": 1, "color": "#f1c40f", "city": "Bengaluru"}}, {"type": "Feature", "geometry": {"type": "Point", "coordinates": [77.46760483900634, 12.95174653041414]}, "properties": {"lst": 29.09, "ndvi": 0.454, "ndbi": 0.008, "risk": "Moderate", "heat_zone": 1, "color": "#f1c40f", "city": "Bengaluru"}}, {"type": "Feature", "geometry": {"type": "Point", "coordinates": [77.60007223304238, 13.001545068822429]}, "properties": {"lst": 28.8, "ndvi": 0.417, "ndbi": -0.041, "risk": "Moderate", "heat_zone": 1, "color": "#f1c40f", "city": "Bengaluru"}}, {"type": "Feature", "geometry": {"type": "Point", "coordinates": [77.67267947971524, 12.985971066490976]}, "properties": {"lst": 30.94, "ndvi": 0.34, "ndbi": 0.056, "risk": "Moderate", "heat_zone": 1, "color": "#f1c40f", "city": "Bengaluru"}}, {"type": "Feature", "geometry": {"type": "Point", "coordinates": [77.67358543258162, 12.890097551060435]}, "properties": {"lst": 28.0, "ndvi": 0.374, "ndbi": 0.0, "risk": "Moderate", "heat_zone": 1, "color": "#f1c40f", "city": "Bengaluru"}}, {"type": "Feature", "geometry": {"type": "Point", "coordinates": [77.57313046407938, 13.096233199062128]}, "properties": {"lst": 30.6, "ndvi": 0.336, "ndbi": -0.0, "risk": "Moderate", "heat_zone": 1, "color": "#f1c40f", "city": "Bengaluru"}}, {"type": "Feature", "geometry": {"type": "Point", "coordinates": [77.76075835559715, 13.03985164272902]}, "properties": {"lst": 31.53, "ndvi": 0.486, "ndbi": -0.016, "risk": "Moderate", "heat_zone": 1, "color": "#f1c40f", "city": "Bengaluru"}}, {"type": "Feature", "geometry": {"type": "Point", "coordinates": [77.50522782063814, 13.08975159620406]}, "properties": {"lst": 32.45, "ndvi": 0.402, "ndbi": 0.008, "risk": "Moderate", "heat_zone": 1, "color": "#f1c40f", "city": "Bengaluru"}}, {"type": "Feature", "geometry": {"type": "Point", "coordinates": [77.61511861725114, 13.096216926598338]}, "properties": {"lst": 29.8, "ndvi": 0.552, "ndbi": 0.041, "risk": "Moderate", "heat_zone": 1, "color": "#f1c40f", "city": "Bengaluru"}}, {"type": "Feature", "geometry": {"type": "Point", "coordinates": [77.67799171226177, 13.06199031463638]}, "properties": {"lst": 29.59, "ndvi": 0.395, "ndbi": -0.043, "risk": "Moderate", "heat_zone": 1, "color": "#f1c40f", "city": "Bengaluru"}}, {"type": "Feature", "geometry": {"type": "Point", "coordinates": [77.6800548159443, 12.966155286387412]}, "properties": {"lst": 28.24, "ndvi": 0.343, "ndbi": -0.033, "risk": "Moderate", "heat_zone": 1, "color": "#f1c40f", "city": "Bengaluru"}}, {"type": "Feature", "geometry": {"type": "Point", "coordinates": [77.6640508557337, 13.019269494054782]}, "properties": {"lst": 28.35, "ndvi": 0.279, "ndbi": -0.015, "risk": "Moderate", "heat_zone": 1, "color": "#f1c40f", "city": "Bengaluru"}}, {"type": "Feature", "geometry": {"type": "Point", "coordinates": [77.54084511043912, 12.87971327589712]}, "properties": {"lst": 29.55, "ndvi": 0.256, "ndbi": -0.067, "risk": "Moderate", "heat_zone": 1, "color": "#f1c40f", "city": "Bengaluru"}}, {"type": "Feature", "geometry": {"type": "Point", "coordinates": [77.50154816766658, 13.038830079417222]}, "properties": {"lst": 30.73, "ndvi": 0.273, "ndbi": -0.041, "risk": "Moderate", "heat_zone": 1, "color": "#f1c40f", "city": "Bengaluru"}}, {"type": "Feature", "geometry": {"type": "Point", "coordinates": [77.65986030785281, 12.885568509279178]}, "properties": {"lst": 31.83, "ndvi": 0.421, "ndbi": -0.024, "risk": "Moderate", "heat_zone": 1, "color": "#f1c40f", "city": "Bengaluru"}}, {"type": "Feature", "geometry": {"type": "Point", "coordinates": [77.64776969832602, 13.04512437305815]}, "properties": {"lst": 28.39, "ndvi": 0.441, "ndbi": 0.044, "risk": "Moderate", "heat_zone": 1, "color": "#f1c40f", "city": "Bengaluru"}}, {"type": "Feature", "geometry": {"type": "Point", "coordinates": [77.50918748339545, 12.90117542983373]}, "properties": {"lst": 32.99, "ndvi": 0.274, "ndbi": 0.013, "risk": "Moderate", "heat_zone": 1, "color": "#f1c40f", "city": "Bengaluru"}}, {"type": "Feature", "geometry": {"type": "Point", "coordinates": [77.68269591803829, 12.866440903046568]}, "properties": {"lst": 29.46, "ndvi": 0.472, "ndbi": 0.01, "risk": "Moderate", "heat_zone": 1, "color": "#f1c40f", "city": "Bengaluru"}}, {"type": "Feature", "geometry": {"type": "Point", "coordinates": [77.6002067572721, 12.881238191944316]}, "properties": {"lst": 29.96, "ndvi": 0.361, "ndbi": 0.043, "risk": "Moderate", "heat_zone": 1, "color": "#f1c40f", "city": "Bengaluru"}}, {"type": "Feature", "geometry": {"type": "Point", "coordinates": [77.67036099522905, 12.830617561917911]}, "properties": {"lst": 28.51, "ndvi": 0.412, "ndbi": -0.007, "risk": "Moderate", "heat_zone": 1, "color": "#f1c40f", "city": "Bengaluru"}}, {"type": "Feature", "geometry": {"type": "Point", "coordinates": [77.72633113632415, 13.052809281534596]}, "properties": {"lst": 25.15, "ndvi": 0.529, "ndbi": 0.02, "risk": "Moderate", "heat_zone": 1, "color": "#f1c40f", "city": "Bengaluru"}}, {"type": "Feature", "geometry": {"type": "Point", "coordinates": [77.50601038143039, 13.057044325208098]}, "properties": {"lst": 31.77, "ndvi": 0.472, "ndbi": -0.005, "risk": "Moderate", "heat_zone": 1, "color": "#f1c40f", "city": "Bengaluru"}}, {"type": "Feature", "geometry": {"type": "Point", "coordinates": [77.45631780643896, 12.989629338473112]}, "properties": {"lst": 31.47, "ndvi": 0.379, "ndbi": 0.013, "risk": "Moderate", "heat_zone": 1, "color": "#f1c40f", "city": "Bengaluru"}}, {"type": "Feature", "geometry": {"type": "Point", "coordinates": [77.70710385351062, 12.88002246832717]}, "properties": {"lst": 29.44, "ndvi": 0.329, "ndbi": -0.029, "risk": "Moderate", "heat_zone": 1, "color": "#f1c40f", "city": "Bengaluru"}}, {"type": "Feature", "geometry": {"type": "Point", "coordinates": [77.65120015030037, 12.855901844628312]}, "properties": {"lst": 30.13, "ndvi": 0.228, "ndbi": -0.122, "risk": "Moderate", "heat_zone": 1, "color": "#f1c40f", "city": "Bengaluru"}}, {"type": "Feature", "geometry": {"type": "Point", "coordinates": [77.6808810579753, 12.83592997959556]}, "properties": {"lst": 31.03, "ndvi": 0.342, "ndbi": -0.007, "risk": "Moderate", "heat_zone": 1, "color": "#f1c40f", "city": "Bengaluru"}}, {"type": "Feature", "geometry": {"type": "Point", "coordinates": [77.72659114174625, 12.88138193485922]}, "properties": {"lst": 26.87, "ndvi": 0.383, "ndbi": 0.071, "risk": "Moderate", "heat_zone": 1, "color": "#f1c40f", "city": "Bengaluru"}}, {"type": "Feature", "geometry": {"type": "Point", "coordinates": [77.71492760849209, 13.106165215844776]}, "properties": {"lst": 28.94, "ndvi": 0.321, "ndbi": 0.046, "risk": "Moderate", "heat_zone": 1, "color": "#f1c40f", "city": "Bengaluru"}}, {"type": "Feature", "geometry": {"type": "Point", "coordinates": [77.76710364848651, 12.904876420927522]}, "properties": {"lst": 31.59, "ndvi": 0.389, "ndbi": 0.048, "risk": "Moderate", "heat_zone": 1, "color": "#f1c40f", "city": "Bengaluru"}}, {"type": "Feature", "geometry": {"type": "Point", "coordinates": [77.6268585760212, 12.939824111437336]}, "properties": {"lst": 27.49, "ndvi": 0.406, "ndbi": 0.062, "risk": "Moderate", "heat_zone": 1, "color": "#f1c40f", "city": "Bengaluru"}}, {"type": "Feature", "geometry": {"type": "Point", "coordinates": [77.61120355877777, 12.862657100189214]}, "properties": {"lst": 30.59, "ndvi": 0.382, "ndbi": 0.004, "risk": "Moderate", "heat_zone": 1, "color": "#f1c40f", "city": "Bengaluru"}}, {"type": "Feature", "geometry": {"type": "Point", "coordinates": [77.58262277596394, 12.898932004471932]}, "properties": {"lst": 27.29, "ndvi": 0.348, "ndbi": 0.01, "risk": "Moderate", "heat_zone": 1, "color": "#f1c40f", "city": "Bengaluru"}}, {"type": "Feature", "geometry": {"type": "Point", "coordinates": [77.5007180441386, 12.990959616941865]}, "properties": {"lst": 30.93, "ndvi": 0.413, "ndbi": -0.031, "risk": "Moderate", "heat_zone": 1, "color": "#f1c40f", "city": "Bengaluru"}}, {"type": "Feature", "geometry": {"type": "Point", "coordinates": [77.63896038685107, 13.018403331759652]}, "properties": {"lst": 29.93, "ndvi": 0.435, "ndbi": -0.016, "risk": "Moderate", "heat_zone": 1, "color": "#f1c40f", "city": "Bengaluru"}}, {"type": "Feature", "geometry": {"type": "Point", "coordinates": [77.54141413302757, 12.906059217391526]}, "properties": {"lst": 26.77, "ndvi": 0.313, "ndbi": 0.031, "risk": "Moderate", "heat_zone": 1, "color": "#f1c40f", "city": "Bengaluru"}}, {"type": "Feature", "geometry": {"type": "Point", "coordinates": [77.75403147903029, 12.847896969359786]}, "properties": {"lst": 32.33, "ndvi": 0.513, "ndbi": 0.06, "risk": "Moderate", "heat_zone": 1, "color": "#f1c40f", "city": "Bengaluru"}}, {"type": "Feature", "geometry": {"type": "Point", "coordinates": [77.64245296541145, 12.951220189429494]}, "properties": {"lst": 28.53, "ndvi": 0.392, "ndbi": -0.007, "risk": "Moderate", "heat_zone": 1, "color": "#f1c40f", "city": "Bengaluru"}}, {"type": "Feature", "geometry": {"type": "Point", "coordinates": [77.64563725956768, 12.902603044987163]}, "properties": {"lst": 28.38, "ndvi": 0.402, "ndbi": -0.023, "risk": "Moderate", "heat_zone": 1, "color": "#f1c40f", "city": "Bengaluru"}}, {"type": "Feature", "geometry": {"type": "Point", "coordinates": [77.56712513808941, 12.89806171620124]}, "properties": {"lst": 30.4, "ndvi": 0.457, "ndbi": 0.0, "risk": "Moderate", "heat_zone": 1, "color": "#f1c40f", "city": "Bengaluru"}}, {"type": "Feature", "geometry": {"type": "Point", "coordinates": [77.46715648615265, 13.127557468841172]}, "properties": {"lst": 32.3, "ndvi": 0.419, "ndbi": 0.03, "risk": "Moderate", "heat_zone": 1, "color": "#f1c40f", "city": "Bengaluru"}}, {"type": "Feature", "geometry": {"type": "Point", "coordinates": [77.46047544257308, 13.021053150636977]}, "properties": {"lst": 27.97, "ndvi": 0.476, "ndbi": -0.072, "risk": "Moderate", "heat_zone": 1, "color": "#f1c40f", "city": "Bengaluru"}}, {"type": "Feature", "geometry": {"type": "Point", "coordinates": [77.58970059757056, 13.00263231738335]}, "properties": {"lst": 30.12, "ndvi": 0.423, "ndbi": -0.115, "risk": "Moderate", "heat_zone": 1, "color": "#f1c40f", "city": "Bengaluru"}}, {"type": "Feature", "geometry": {"type": "Point", "coordinates": [77.47790657477209, 12.95889028209223]}, "properties": {"lst": 30.86, "ndvi": 0.351, "ndbi": -0.028, "risk": "Moderate", "heat_zone": 1, "color": "#f1c40f", "city": "Bengaluru"}}, {"type": "Feature", "geometry": {"type": "Point", "coordinates": [77.65025949532824, 12.962972743363345]}, "properties": {"lst": 31.39, "ndvi": 0.429, "ndbi": -0.061, "risk": "Moderate", "heat_zone": 1, "color": "#f1c40f", "city": "Bengaluru"}}, {"type": "Feature", "geometry": {"type": "Point", "coordinates": [77.74072109186109, 12.997680551189806]}, "properties": {"lst": 30.35, "ndvi": 0.309, "ndbi": -0.025, "risk": "Moderate", "heat_zone": 1, "color": "#f1c40f", "city": "Bengaluru"}}, {"type": "Feature", "geometry": {"type": "Point", "coordinates": [77.74136188945118, 13.045893240181194]}, "properties": {"lst": 29.27, "ndvi": 0.409, "ndbi": -0.007, "risk": "Moderate", "heat_zone": 1, "color": "#f1c40f", "city": "Bengaluru"}}, {"type": "Feature", "geometry": {"type": "Point", "coordinates": [77.66748498534363, 13.047665289816369]}, "properties": {"lst": 28.34, "ndvi": 0.397, "ndbi": -0.023, "risk": "Moderate", "heat_zone": 1, "color": "#f1c40f", "city": "Bengaluru"}}, {"type": "Feature", "geometry": {"type": "Point", "coordinates": [77.51970650438606, 12.88322511138869]}, "properties": {"lst": 30.17, "ndvi": 0.383, "ndbi": 0.073, "risk": "Moderate", "heat_zone": 1, "color": "#f1c40f", "city": "Bengaluru"}}, {"type": "Feature", "geometry": {"type": "Point", "coordinates": [77.73478895434843, 12.985034953143757]}, "properties": {"lst": 27.86, "ndvi": 0.39, "ndbi": 0.016, "risk": "Moderate", "heat_zone": 1, "color": "#f1c40f", "city": "Bengaluru"}}, {"type": "Feature", "geometry": {"type": "Point", "coordinates": [77.74241083365337, 12.957707009460572]}, "properties": {"lst": 24.16, "ndvi": 0.249, "ndbi": 0.015, "risk": "Moderate", "heat_zone": 1, "color": "#f1c40f", "city": "Bengaluru"}}, {"type": "Feature", "geometry": {"type": "Point", "coordinates": [77.51489568303448, 13.099863359543509]}, "properties": {"lst": 30.87, "ndvi": 0.356, "ndbi": 0.031, "risk": "Moderate", "heat_zone": 1, "color": "#f1c40f", "city": "Bengaluru"}}, {"type": "Feature", "geometry": {"type": "Point", "coordinates": [77.69335060830433, 13.025739865577696]}, "properties": {"lst": 31.81, "ndvi": 0.407, "ndbi": -0.057, "risk": "Moderate", "heat_zone": 1, "color": "#f1c40f", "city": "Bengaluru"}}, {"type": "Feature", "geometry": {"type": "Point", "coordinates": [77.54455145114595, 12.995076260588954]}, "properties": {"lst": 25.27, "ndvi": 0.413, "ndbi": 0.052, "risk": "Moderate", "heat_zone": 1, "color": "#f1c40f", "city": "Bengaluru"}}, {"type": "Feature", "geometry": {"type": "Point", "coordinates": [77.71487130307646, 12.865772339075464]}, "properties": {"lst": 27.98, "ndvi": 0.318, "ndbi": -0.004, "risk": "Moderate", "heat_zone": 1, "color": "#f1c40f", "city": "Bengaluru"}}, {"type": "Feature", "geometry": {"type": "Point", "coordinates": [77.7790885069682, 13.017747745690258]}, "properties": {"lst": 31.24, "ndvi": 0.501, "ndbi": 0.034, "risk": "Moderate", "heat_zone": 1, "color": "#f1c40f", "city": "Bengaluru"}}, {"type": "Feature", "geometry": {"type": "Point", "coordinates": [77.4599085817587, 12.866333210760873]}, "properties": {"lst": 34.11, "ndvi": 0.331, "ndbi": -0.054, "risk": "Moderate", "heat_zone": 1, "color": "#f1c40f", "city": "Bengaluru"}}, {"type": "Feature", "geometry": {"type": "Point", "coordinates": [77.746130735711, 12.934534038425385]}, "properties": {"lst": 30.04, "ndvi": 0.478, "ndbi": -0.078, "risk": "Moderate", "heat_zone": 1, "color": "#f1c40f", "city": "Bengaluru"}}, {"type": "Feature", "geometry": {"type": "Point", "coordinates": [77.65546807608756, 12.874281009092442]}, "properties": {"lst": 28.54, "ndvi": 0.434, "ndbi": 0.041, "risk": "Moderate", "heat_zone": 1, "color": "#f1c40f", "city": "Bengaluru"}}, {"type": "Feature", "geometry": {"type": "Point", "coordinates": [77.7712162643244, 13.044542830577557]}, "properties": {"lst": 29.63, "ndvi": 0.348, "ndbi": 0.019, "risk": "Moderate", "heat_zone": 1, "color": "#f1c40f", "city": "Bengaluru"}}, {"type": "Feature", "geometry": {"type": "Point", "coordinates": [77.60345314078373, 12.893938155289208]}, "properties": {"lst": 32.75, "ndvi": 0.542, "ndbi": -0.045, "risk": "Moderate", "heat_zone": 1, "color": "#f1c40f", "city": "Bengaluru"}}, {"type": "Feature", "geometry": {"type": "Point", "coordinates": [77.72963801708856, 12.951476405688288]}, "properties": {"lst": 28.71, "ndvi": 0.305, "ndbi": -0.043, "risk": "Moderate", "heat_zone": 1, "color": "#f1c40f", "city": "Bengaluru"}}, {"type": "Feature", "geometry": {"type": "Point", "coordinates": [77.47059004263744, 13.10765918106182]}, "properties": {"lst": 28.4, "ndvi": 0.474, "ndbi": 0.056, "risk": "Moderate", "heat_zone": 1, "color": "#f1c40f", "city": "Bengaluru"}}, {"type": "Feature", "geometry": {"type": "Point", "coordinates": [77.56064208652585, 12.89333807885368]}, "properties": {"lst": 29.03, "ndvi": 0.48, "ndbi": -0.059, "risk": "Moderate", "heat_zone": 1, "color": "#f1c40f", "city": "Bengaluru"}}, {"type": "Feature", "geometry": {"type": "Point", "coordinates": [77.4721154574579, 12.98741956982722]}, "properties": {"lst": 28.09, "ndvi": 0.346, "ndbi": 0.082, "risk": "Moderate", "heat_zone": 1, "color": "#f1c40f", "city": "Bengaluru"}}, {"type": "Feature", "geometry": {"type": "Point", "coordinates": [77.7718632340481, 12.959974214961466]}, "properties": {"lst": 30.25, "ndvi": 0.511, "ndbi": -0.045, "risk": "Moderate", "heat_zone": 1, "color": "#f1c40f", "city": "Bengaluru"}}, {"type": "Feature", "geometry": {"type": "Point", "coordinates": [77.71960138939971, 12.835618452724177]}, "properties": {"lst": 33.25, "ndvi": 0.38, "ndbi": 0.032, "risk": "Moderate", "heat_zone": 1, "color": "#f1c40f", "city": "Bengaluru"}}, {"type": "Feature", "geometry": {"type": "Point", "coordinates": [77.73134064901117, 13.075755015207571]}, "properties": {"lst": 30.65, "ndvi": 0.423, "ndbi": -0.016, "risk": "Moderate", "heat_zone": 1, "color": "#f1c40f", "city": "Bengaluru"}}, {"type": "Feature", "geometry": {"type": "Point", "coordinates": [77.75952852637319, 12.851404230957526]}, "properties": {"lst": 29.5, "ndvi": 0.421, "ndbi": 0.03, "risk": "Moderate", "heat_zone": 1, "color": "#f1c40f", "city": "Bengaluru"}}, {"type": "Feature", "geometry": {"type": "Point", "coordinates": [77.47808415041953, 12.977019056502856]}, "properties": {"lst": 29.42, "ndvi": 0.389, "ndbi": -0.027, "risk": "Moderate", "heat_zone": 1, "color": "#f1c40f", "city": "Bengaluru"}}, {"type": "Feature", "geometry": {"type": "Point", "coordinates": [77.5772472055294, 13.003810271431076]}, "properties": {"lst": 26.87, "ndvi": 0.465, "ndbi": -0.008, "risk": "Moderate", "heat_zone": 1, "color": "#f1c40f", "city": "Bengaluru"}}, {"type": "Feature", "geometry": {"type": "Point", "coordinates": [77.47344151338453, 13.024812201550525]}, "properties": {"lst": 31.77, "ndvi": 0.463, "ndbi": 0.002, "risk": "Moderate", "heat_zone": 1, "color": "#f1c40f", "city": "Bengaluru"}}, {"type": "Feature", "geometry": {"type": "Point", "coordinates": [77.51956172351152, 13.043475805085444]}, "properties": {"lst": 29.84, "ndvi": 0.26, "ndbi": -0.05, "risk": "Moderate", "heat_zone": 1, "color": "#f1c40f", "city": "Bengaluru"}}, {"type": "Feature", "geometry": {"type": "Point", "coordinates": [77.52569070642244, 12.90851443889204]}, "properties": {"lst": 29.64, "ndvi": 0.504, "ndbi": 0.037, "risk": "Moderate", "heat_zone": 1, "color": "#f1c40f", "city": "Bengaluru"}}, {"type": "Feature", "geometry": {"type": "Point", "coordinates": [77.6048053796457, 12.83309342076412]}, "properties": {"lst": 36.39, "ndvi": 0.267, "ndbi": -0.026, "risk": "Moderate", "heat_zone": 1, "color": "#f1c40f", "city": "Bengaluru"}}, {"type": "Feature", "geometry": {"type": "Point", "coordinates": [77.53862551525971, 13.054267535330023]}, "properties": {"lst": 30.6, "ndvi": 0.483, "ndbi": -0.011, "risk": "Moderate", "heat_zone": 1, "color": "#f1c40f", "city": "Bengaluru"}}, {"type": "Feature", "geometry": {"type": "Point", "coordinates": [77.48332277524986, 12.99605354579775]}, "properties": {"lst": 28.5, "ndvi": 0.49, "ndbi": -0.05, "risk": "Moderate", "heat_zone": 1, "color": "#f1c40f", "city": "Bengaluru"}}, {"type": "Feature", "geometry": {"type": "Point", "coordinates": [77.50527205940107, 13.089196487994249]}, "properties": {"lst": 29.15, "ndvi": 0.313, "ndbi": -0.128, "risk": "Moderate", "heat_zone": 1, "color": "#f1c40f", "city": "Bengaluru"}}, {"type": "Feature", "geometry": {"type": "Point", "coordinates": [77.49860093597219, 13.084630392499216]}, "properties": {"lst": 32.3, "ndvi": 0.367, "ndbi": -0.01, "risk": "Moderate", "heat_zone": 1, "color": "#f1c40f", "city": "Bengaluru"}}, {"type": "Feature", "geometry": {"type": "Point", "coordinates": [77.77111534331107, 13.091431112014243]}, "properties": {"lst": 30.23, "ndvi": 0.312, "ndbi": 0.121, "risk": "Moderate", "heat_zone": 1, "color": "#f1c40f", "city": "Bengaluru"}}, {"type": "Feature", "geometry": {"type": "Point", "coordinates": [77.7005665272831, 12.980379344593658]}, "properties": {"lst": 27.12, "ndvi": 0.383, "ndbi": 0.039, "risk": "Moderate", "heat_zone": 1, "color": "#f1c40f", "city": "Bengaluru"}}, {"type": "Feature", "geometry": {"type": "Point", "coordinates": [77.76936128353896, 12.933424802709428]}, "properties": {"lst": 31.84, "ndvi": 0.375, "ndbi": -0.001, "risk": "Moderate", "heat_zone": 1, "color": "#f1c40f", "city": "Bengaluru"}}, {"type": "Feature", "geometry": {"type": "Point", "coordinates": [77.59511436054761, 13.075383042803326]}, "properties": {"lst": 28.66, "ndvi": 0.462, "ndbi": -0.013, "risk": "Moderate", "heat_zone": 1, "color": "#f1c40f", "city": "Bengaluru"}}, {"type": "Feature", "geometry": {"type": "Point", "coordinates": [77.54186159894869, 12.96990117503907]}, "properties": {"lst": 33.75, "ndvi": 0.505, "ndbi": 0.001, "risk": "Moderate", "heat_zone": 1, "color": "#f1c40f", "city": "Bengaluru"}}, {"type": "Feature", "geometry": {"type": "Point", "coordinates": [77.71343675507903, 12.886867080885064]}, "properties": {"lst": 32.16, "ndvi": 0.512, "ndbi": 0.027, "risk": "Moderate", "heat_zone": 1, "color": "#f1c40f", "city": "Bengaluru"}}, {"type": "Feature", "geometry": {"type": "Point", "coordinates": [77.55766379295358, 13.095041946064056]}, "properties": {"lst": 29.11, "ndvi": 0.355, "ndbi": -0.059, "risk": "Moderate", "heat_zone": 1, "color": "#f1c40f", "city": "Bengaluru"}}, {"type": "Feature", "geometry": {"type": "Point", "coordinates": [77.54879651332277, 13.103593561799428]}, "properties": {"lst": 32.56, "ndvi": 0.383, "ndbi": 0.056, "risk": "Moderate", "heat_zone": 1, "color": "#f1c40f", "city": "Bengaluru"}}, {"type": "Feature", "geometry": {"type": "Point", "coordinates": [77.52672697742858, 12.974556024403451]}, "properties": {"lst": 30.14, "ndvi": 0.265, "ndbi": 0.036, "risk": "Moderate", "heat_zone": 1, "color": "#f1c40f", "city": "Bengaluru"}}, {"type": "Feature", "geometry": {"type": "Point", "coordinates": [77.492794062814, 12.853466915466036]}, "properties": {"lst": 31.71, "ndvi": 0.336, "ndbi": 0.036, "risk": "Moderate", "heat_zone": 1, "color": "#f1c40f", "city": "Bengaluru"}}, {"type": "Feature", "geometry": {"type": "Point", "coordinates": [77.53463281013553, 12.950226087874247]}, "properties": {"lst": 30.97, "ndvi": 0.477, "ndbi": 0.022, "risk": "Moderate", "heat_zone": 1, "color": "#f1c40f", "city": "Bengaluru"}}, {"type": "Feature", "geometry": {"type": "Point", "coordinates": [77.56725551699638, 13.079096674433409]}, "properties": {"lst": 28.31, "ndvi": 0.529, "ndbi": 0.001, "risk": "Moderate", "heat_zone": 1, "color": "#f1c40f", "city": "Bengaluru"}}, {"type": "Feature", "geometry": {"type": "Point", "coordinates": [77.67241808868809, 13.109549948849333]}, "properties": {"lst": 28.71, "ndvi": 0.301, "ndbi": 0.034, "risk": "Moderate", "heat_zone": 1, "color": "#f1c40f", "city": "Bengaluru"}}, {"type": "Feature", "geometry": {"type": "Point", "coordinates": [77.47064639793243, 12.893076550174255]}, "properties": {"lst": 32.06, "ndvi": 0.353, "ndbi": 0.03, "risk": "Moderate", "heat_zone": 1, "color": "#f1c40f", "city": "Bengaluru"}}, {"type": "Feature", "geometry": {"type": "Point", "coordinates": [77.51946729008957, 12.850761819727834]}, "properties": {"lst": 29.33, "ndvi": 0.398, "ndbi": -0.018, "risk": "Moderate", "heat_zone": 1, "color": "#f1c40f", "city": "Bengaluru"}}, {"type": "Feature", "geometry": {"type": "Point", "coordinates": [77.71697780129625, 13.10197864047118]}, "properties": {"lst": 29.19, "ndvi": 0.422, "ndbi": -0.029, "risk": "Moderate", "heat_zone": 1, "color": "#f1c40f", "city": "Bengaluru"}}, {"type": "Feature", "geometry": {"type": "Point", "coordinates": [77.49848423478265, 12.950715531083452]}, "properties": {"lst": 28.09, "ndvi": 0.335, "ndbi": 0.005, "risk": "Moderate", "heat_zone": 1, "color": "#f1c40f", "city": "Bengaluru"}}, {"type": "Feature", "geometry": {"type": "Point", "coordinates": [77.56307289835243, 12.997945898922945]}, "properties": {"lst": 30.85, "ndvi": 0.434, "ndbi": 0.077, "risk": "Moderate", "heat_zone": 1, "color": "#f1c40f", "city": "Bengaluru"}}, {"type": "Feature", "geometry": {"type": "Point", "coordinates": [77.73533744421319, 13.130100401735737]}, "properties": {"lst": 34.13, "ndvi": 0.362, "ndbi": -0.062, "risk": "Moderate", "heat_zone": 1, "color": "#f1c40f", "city": "Bengaluru"}}, {"type": "Feature", "geometry": {"type": "Point", "coordinates": [77.50112535267733, 12.850635065653409]}, "properties": {"lst": 27.86, "ndvi": 0.399, "ndbi": -0.073, "risk": "Moderate", "heat_zone": 1, "color": "#f1c40f", "city": "Bengaluru"}}, {"type": "Feature", "geometry": {"type": "Point", "coordinates": [77.477303155754, 13.03097858231015]}, "properties": {"lst": 30.05, "ndvi": 0.444, "ndbi": 0.008, "risk": "Moderate", "heat_zone": 1, "color": "#f1c40f", "city": "Bengaluru"}}, {"type": "Feature", "geometry": {"type": "Point", "coordinates": [77.6098975383764, 12.852972680998208]}, "properties": {"lst": 32.82, "ndvi": 0.401, "ndbi": 0.003, "risk": "Moderate", "heat_zone": 1, "color": "#f1c40f", "city": "Bengaluru"}}, {"type": "Feature", "geometry": {"type": "Point", "coordinates": [77.54979843872192, 12.946395367824616]}, "properties": {"lst": 29.84, "ndvi": 0.365, "ndbi": 0.009, "risk": "Moderate", "heat_zone": 1, "color": "#f1c40f", "city": "Bengaluru"}}, {"type": "Feature", "geometry": {"type": "Point", "coordinates": [77.63592476027968, 13.07918250900997]}, "properties": {"lst": 30.9, "ndvi": 0.391, "ndbi": 0.012, "risk": "Moderate", "heat_zone": 1, "color": "#f1c40f", "city": "Bengaluru"}}, {"type": "Feature", "geometry": {"type": "Point", "coordinates": [77.63242890898705, 12.918097131670637]}, "properties": {"lst": 35.28, "ndvi": 0.234, "ndbi": 0.042, "risk": "High", "heat_zone": 2, "color": "#e67e22", "city": "Bengaluru"}}, {"type": "Feature", "geometry": {"type": "Point", "coordinates": [77.694418981752, 12.919580242725528]}, "properties": {"lst": 36.6, "ndvi": 0.296, "ndbi": 0.157, "risk": "High", "heat_zone": 2, "color": "#e67e22", "city": "Bengaluru"}}, {"type": "Feature", "geometry": {"type": "Point", "coordinates": [77.61005593588294, 12.946886718610529]}, "properties": {"lst": 36.37, "ndvi": 0.09, "ndbi": 0.117, "risk": "High", "heat_zone": 2, "color": "#e67e22", "city": "Bengaluru"}}, {"type": "Feature", "geometry": {"type": "Point", "coordinates": [77.4781829999537, 12.951929407819408]}, "properties": {"lst": 41.39, "ndvi": 0.143, "ndbi": 0.053, "risk": "High", "heat_zone": 2, "color": "#e67e22", "city": "Bengaluru"}}, {"type": "Feature", "geometry": {"type": "Point", "coordinates": [77.7709122587092, 12.99881215064295]}, "properties": {"lst": 36.7, "ndvi": 0.177, "ndbi": 0.111, "risk": "High", "heat_zone": 2, "color": "#e67e22", "city": "Bengaluru"}}, {"type": "Feature", "geometry": {"type": "Point", "coordinates": [77.62094344235412, 12.879562726643597]}, "properties": {"lst": 33.99, "ndvi": 0.137, "ndbi": 0.049, "risk": "High", "heat_zone": 2, "color": "#e67e22", "city": "Bengaluru"}}, {"type": "Feature", "geometry": {"type": "Point", "coordinates": [77.65268146062527, 13.044286465773656]}, "properties": {"lst": 35.81, "ndvi": 0.339, "ndbi": 0.155, "risk": "High", "heat_zone": 2, "color": "#e67e22", "city": "Bengaluru"}}, {"type": "Feature", "geometry": {"type": "Point", "coordinates": [77.52808122829347, 12.881945627184397]}, "properties": {"lst": 32.45, "ndvi": 0.131, "ndbi": 0.153, "risk": "High", "heat_zone": 2, "color": "#e67e22", "city": "Bengaluru"}}, {"type": "Feature", "geometry": {"type": "Point", "coordinates": [77.60955436808524, 12.92619562945241]}, "properties": {"lst": 35.84, "ndvi": 0.156, "ndbi": 0.127, "risk": "High", "heat_zone": 2, "color": "#e67e22", "city": "Bengaluru"}}, {"type": "Feature", "geometry": {"type": "Point", "coordinates": [77.59161933234626, 12.986036990487907]}, "properties": {"lst": 34.33, "ndvi": 0.216, "ndbi": 0.118, "risk": "High", "heat_zone": 2, "color": "#e67e22", "city": "Bengaluru"}}, {"type": "Feature", "geometry": {"type": "Point", "coordinates": [77.47471562786066, 13.07689657407228]}, "properties": {"lst": 37.83, "ndvi": 0.104, "ndbi": 0.188, "risk": "High", "heat_zone": 2, "color": "#e67e22", "city": "Bengaluru"}}, {"type": "Feature", "geometry": {"type": "Point", "coordinates": [77.48503291667066, 13.059235462304006]}, "properties": {"lst": 34.9, "ndvi": 0.168, "ndbi": 0.1, "risk": "High", "heat_zone": 2, "color": "#e67e22", "city": "Bengaluru"}}, {"type": "Feature", "geometry": {"type": "Point", "coordinates": [77.72636593147419, 13.030115650487264]}, "properties": {"lst": 35.77, "ndvi": 0.225, "ndbi": 0.041, "risk": "High", "heat_zone": 2, "color": "#e67e22", "city": "Bengaluru"}}, {"type": "Feature", "geometry": {"type": "Point", "coordinates": [77.52914058422817, 12.878289710779852]}, "properties": {"lst": 34.73, "ndvi": 0.173, "ndbi": 0.122, "risk": "High", "heat_zone": 2, "color": "#e67e22", "city": "Bengaluru"}}, {"type": "Feature", "geometry": {"type": "Point", "coordinates": [77.51433622959455, 12.99958405714083]}, "properties": {"lst": 39.48, "ndvi": 0.193, "ndbi": 0.204, "risk": "Critical", "heat_zone": 3, "color": "#e74c3c", "city": "Bengaluru"}}, {"type": "Feature", "geometry": {"type": "Point", "coordinates": [77.61662077891255, 12.857108415557963]}, "properties": {"lst": 35.36, "ndvi": 0.158, "ndbi": 0.049, "risk": "High", "heat_zone": 2, "color": "#e67e22", "city": "Bengaluru"}}, {"type": "Feature", "geometry": {"type": "Point", "coordinates": [77.70368655334963, 12.946982584806962]}, "properties": {"lst": 39.67, "ndvi": 0.079, "ndbi": 0.082, "risk": "High", "heat_zone": 2, "color": "#e67e22", "city": "Bengaluru"}}, {"type": "Feature", "geometry": {"type": "Point", "coordinates": [77.47044235113107, 12.958190124389889]}, "properties": {"lst": 37.63, "ndvi": 0.226, "ndbi": 0.121, "risk": "High", "heat_zone": 2, "color": "#e67e22", "city": "Bengaluru"}}, {"type": "Feature", "geometry": {"type": "Point", "coordinates": [77.64034661348063, 12.842341546228184]}, "properties": {"lst": 36.96, "ndvi": 0.34, "ndbi": 0.097, "risk": "High", "heat_zone": 2, "color": "#e67e22", "city": "Bengaluru"}}, {"type": "Feature", "geometry": {"type": "Point", "coordinates": [77.4893394461374, 12.914936310835692]}, "properties": {"lst": 36.74, "ndvi": 0.201, "ndbi": 0.051, "risk": "High", "heat_zone": 2, "color": "#e67e22", "city": "Bengaluru"}}, {"type": "Feature", "geometry": {"type": "Point", "coordinates": [77.46203214677246, 13.126251334852611]}, "properties": {"lst": 36.79, "ndvi": 0.218, "ndbi": 0.156, "risk": "High", "heat_zone": 2, "color": "#e67e22", "city": "Bengaluru"}}, {"type": "Feature", "geometry": {"type": "Point", "coordinates": [77.46740550421353, 13.125626108427204]}, "properties": {"lst": 32.14, "ndvi": 0.255, "ndbi": 0.216, "risk": "High", "heat_zone": 2, "color": "#e67e22", "city": "Bengaluru"}}, {"type": "Feature", "geometry": {"type": "Point", "coordinates": [77.72527415570879, 12.939221386818287]}, "properties": {"lst": 35.44, "ndvi": 0.098, "ndbi": 0.11, "risk": "High", "heat_zone": 2, "color": "#e67e22", "city": "Bengaluru"}}, {"type": "Feature", "geometry": {"type": "Point", "coordinates": [77.48893091959727, 12.84336103377398]}, "properties": {"lst": 37.69, "ndvi": 0.336, "ndbi": 0.055, "risk": "High", "heat_zone": 2, "color": "#e67e22", "city": "Bengaluru"}}, {"type": "Feature", "geometry": {"type": "Point", "coordinates": [77.46489995025605, 12.885519431191735]}, "properties": {"lst": 35.9, "ndvi": 0.216, "ndbi": 0.023, "risk": "High", "heat_zone": 2, "color": "#e67e22", "city": "Bengaluru"}}, {"type": "Feature", "geometry": {"type": "Point", "coordinates": [77.59450696275717, 12.951587515964398]}, "properties": {"lst": 33.19, "ndvi": 0.331, "ndbi": 0.113, "risk": "High", "heat_zone": 2, "color": "#e67e22", "city": "Bengaluru"}}, {"type": "Feature", "geometry": {"type": "Point", "coordinates": [77.72851784574087, 13.123811706370462]}, "properties": {"lst": 35.9, "ndvi": 0.141, "ndbi": 0.155, "risk": "High", "heat_zone": 2, "color": "#e67e22", "city": "Bengaluru"}}, {"type": "Feature", "geometry": {"type": "Point", "coordinates": [77.53659476424147, 12.873771709696529]}, "properties": {"lst": 39.41, "ndvi": 0.345, "ndbi": 0.124, "risk": "High", "heat_zone": 2, "color": "#e67e22", "city": "Bengaluru"}}, {"type": "Feature", "geometry": {"type": "Point", "coordinates": [77.58916516378355, 13.066689911537146]}, "properties": {"lst": 38.49, "ndvi": 0.262, "ndbi": 0.1, "risk": "High", "heat_zone": 2, "color": "#e67e22", "city": "Bengaluru"}}, {"type": "Feature", "geometry": {"type": "Point", "coordinates": [77.46317443574604, 12.863691587206157]}, "properties": {"lst": 35.88, "ndvi": 0.244, "ndbi": 0.071, "risk": "High", "heat_zone": 2, "color": "#e67e22", "city": "Bengaluru"}}, {"type": "Feature", "geometry": {"type": "Point", "coordinates": [77.59819590966451, 13.134189848991296]}, "properties": {"lst": 37.9, "ndvi": 0.219, "ndbi": 0.045, "risk": "High", "heat_zone": 2, "color": "#e67e22", "city": "Bengaluru"}}, {"type": "Feature", "geometry": {"type": "Point", "coordinates": [77.64061231661026, 12.948301114723831]}, "properties": {"lst": 35.27, "ndvi": 0.18, "ndbi": 0.142, "risk": "High", "heat_zone": 2, "color": "#e67e22", "city": "Bengaluru"}}, {"type": "Feature", "geometry": {"type": "Point", "coordinates": [77.63839932773821, 13.070322707058708]}, "properties": {"lst": 32.59, "ndvi": 0.296, "ndbi": 0.146, "risk": "High", "heat_zone": 2, "color": "#e67e22", "city": "Bengaluru"}}, {"type": "Feature", "geometry": {"type": "Point", "coordinates": [77.55970080841755, 12.936203235671451]}, "properties": {"lst": 34.15, "ndvi": 0.211, "ndbi": 0.023, "risk": "High", "heat_zone": 2, "color": "#e67e22", "city": "Bengaluru"}}, {"type": "Feature", "geometry": {"type": "Point", "coordinates": [77.55412594961884, 13.02457735191923]}, "properties": {"lst": 39.13, "ndvi": 0.043, "ndbi": 0.179, "risk": "High", "heat_zone": 2, "color": "#e67e22", "city": "Bengaluru"}}, {"type": "Feature", "geometry": {"type": "Point", "coordinates": [77.48518579424908, 12.88952498626941]}, "properties": {"lst": 35.45, "ndvi": 0.111, "ndbi": 0.129, "risk": "High", "heat_zone": 2, "color": "#e67e22", "city": "Bengaluru"}}, {"type": "Feature", "geometry": {"type": "Point", "coordinates": [77.57104344581327, 12.87526651598206]}, "properties": {"lst": 35.51, "ndvi": 0.185, "ndbi": 0.17, "risk": "High", "heat_zone": 2, "color": "#e67e22", "city": "Bengaluru"}}, {"type": "Feature", "geometry": {"type": "Point", "coordinates": [77.48283324072808, 13.12079988326612]}, "properties": {"lst": 35.4, "ndvi": 0.225, "ndbi": 0.033, "risk": "High", "heat_zone": 2, "color": "#e67e22", "city": "Bengaluru"}}, {"type": "Feature", "geometry": {"type": "Point", "coordinates": [77.70297666175497, 13.114470656150376]}, "properties": {"lst": 39.81, "ndvi": 0.195, "ndbi": 0.032, "risk": "High", "heat_zone": 2, "color": "#e67e22", "city": "Bengaluru"}}, {"type": "Feature", "geometry": {"type": "Point", "coordinates": [77.7688705182569, 13.105115371465994]}, "properties": {"lst": 39.25, "ndvi": 0.298, "ndbi": 0.093, "risk": "High", "heat_zone": 2, "color": "#e67e22", "city": "Bengaluru"}}, {"type": "Feature", "geometry": {"type": "Point", "coordinates": [77.77012457070002, 13.023884369551643]}, "properties": {"lst": 40.44, "ndvi": 0.044, "ndbi": 0.125, "risk": "High", "heat_zone": 2, "color": "#e67e22", "city": "Bengaluru"}}, {"type": "Feature", "geometry": {"type": "Point", "coordinates": [77.73547346279388, 13.080563145477049]}, "properties": {"lst": 35.68, "ndvi": 0.211, "ndbi": 0.19, "risk": "High", "heat_zone": 2, "color": "#e67e22", "city": "Bengaluru"}}, {"type": "Feature", "geometry": {"type": "Point", "coordinates": [77.64826140928207, 12.851401450442529]}, "properties": {"lst": 36.59, "ndvi": 0.055, "ndbi": 0.135, "risk": "High", "heat_zone": 2, "color": "#e67e22", "city": "Bengaluru"}}, {"type": "Feature", "geometry": {"type": "Point", "coordinates": [77.68128568009048, 12.93378460298611]}, "properties": {"lst": 32.97, "ndvi": 0.261, "ndbi": 0.088, "risk": "High", "heat_zone": 2, "color": "#e67e22", "city": "Bengaluru"}}, {"type": "Feature", "geometry": {"type": "Point", "coordinates": [77.54411791488454, 12.92724796867472]}, "properties": {"lst": 38.95, "ndvi": 0.192, "ndbi": 0.049, "risk": "High", "heat_zone": 2, "color": "#e67e22", "city": "Bengaluru"}}, {"type": "Feature", "geometry": {"type": "Point", "coordinates": [77.65815423865696, 13.027050049805313]}, "properties": {"lst": 33.66, "ndvi": 0.234, "ndbi": 0.162, "risk": "High", "heat_zone": 2, "color": "#e67e22", "city": "Bengaluru"}}, {"type": "Feature", "geometry": {"type": "Point", "coordinates": [77.60036435131516, 12.9403469097759]}, "properties": {"lst": 36.43, "ndvi": 0.131, "ndbi": 0.052, "risk": "High", "heat_zone": 2, "color": "#e67e22", "city": "Bengaluru"}}, {"type": "Feature", "geometry": {"type": "Point", "coordinates": [77.60906572212639, 12.87603710230954]}, "properties": {"lst": 33.81, "ndvi": 0.302, "ndbi": 0.181, "risk": "High", "heat_zone": 2, "color": "#e67e22", "city": "Bengaluru"}}, {"type": "Feature", "geometry": {"type": "Point", "coordinates": [77.7000662649238, 13.014904793378198]}, "properties": {"lst": 34.82, "ndvi": 0.283, "ndbi": 0.086, "risk": "High", "heat_zone": 2, "color": "#e67e22", "city": "Bengaluru"}}, {"type": "Feature", "geometry": {"type": "Point", "coordinates": [77.5430330573471, 13.082459015407416]}, "properties": {"lst": 34.33, "ndvi": 0.247, "ndbi": 0.18, "risk": "High", "heat_zone": 2, "color": "#e67e22", "city": "Bengaluru"}}, {"type": "Feature", "geometry": {"type": "Point", "coordinates": [77.55495307185919, 12.948458283282593]}, "properties": {"lst": 34.78, "ndvi": 0.19, "ndbi": 0.134, "risk": "High", "heat_zone": 2, "color": "#e67e22", "city": "Bengaluru"}}, {"type": "Feature", "geometry": {"type": "Point", "coordinates": [77.75513179107246, 12.87100330168053]}, "properties": {"lst": 34.92, "ndvi": 0.246, "ndbi": 0.093, "risk": "High", "heat_zone": 2, "color": "#e67e22", "city": "Bengaluru"}}, {"type": "Feature", "geometry": {"type": "Point", "coordinates": [77.46855401730082, 12.890973341166974]}, "properties": {"lst": 34.9, "ndvi": 0.143, "ndbi": 0.074, "risk": "High", "heat_zone": 2, "color": "#e67e22", "city": "Bengaluru"}}, {"type": "Feature", "geometry": {"type": "Point", "coordinates": [77.61025931847641, 12.90361982460251]}, "properties": {"lst": 37.67, "ndvi": 0.268, "ndbi": 0.083, "risk": "High", "heat_zone": 2, "color": "#e67e22", "city": "Bengaluru"}}, {"type": "Feature", "geometry": {"type": "Point", "coordinates": [77.75122426413459, 12.922968253828309]}, "properties": {"lst": 33.79, "ndvi": 0.332, "ndbi": 0.121, "risk": "High", "heat_zone": 2, "color": "#e67e22", "city": "Bengaluru"}}, {"type": "Feature", "geometry": {"type": "Point", "coordinates": [77.65141979258, 13.029266471856957]}, "properties": {"lst": 36.44, "ndvi": 0.286, "ndbi": 0.104, "risk": "High", "heat_zone": 2, "color": "#e67e22", "city": "Bengaluru"}}, {"type": "Feature", "geometry": {"type": "Point", "coordinates": [77.63031433449001, 13.016293100206694]}, "properties": {"lst": 38.44, "ndvi": 0.142, "ndbi": 0.07, "risk": "High", "heat_zone": 2, "color": "#e67e22", "city": "Bengaluru"}}, {"type": "Feature", "geometry": {"type": "Point", "coordinates": [77.53241557914569, 13.045784757085782]}, "properties": {"lst": 34.97, "ndvi": 0.229, "ndbi": 0.092, "risk": "High", "heat_zone": 2, "color": "#e67e22", "city": "Bengaluru"}}, {"type": "Feature", "geometry": {"type": "Point", "coordinates": [77.56328091139127, 12.942375615204767]}, "properties": {"lst": 34.56, "ndvi": 0.097, "ndbi": 0.104, "risk": "High", "heat_zone": 2, "color": "#e67e22", "city": "Bengaluru"}}, {"type": "Feature", "geometry": {"type": "Point", "coordinates": [77.73117597721556, 13.085439272082796]}, "properties": {"lst": 35.54, "ndvi": 0.246, "ndbi": -0.006, "risk": "High", "heat_zone": 2, "color": "#e67e22", "city": "Bengaluru"}}, {"type": "Feature", "geometry": {"type": "Point", "coordinates": [77.63454198348359, 12.893267174958286]}, "properties": {"lst": 38.36, "ndvi": 0.236, "ndbi": 0.123, "risk": "High", "heat_zone": 2, "color": "#e67e22", "city": "Bengaluru"}}, {"type": "Feature", "geometry": {"type": "Point", "coordinates": [77.61986492393974, 12.975402631730628]}, "properties": {"lst": 36.39, "ndvi": 0.05, "ndbi": 0.051, "risk": "High", "heat_zone": 2, "color": "#e67e22", "city": "Bengaluru"}}, {"type": "Feature", "geometry": {"type": "Point", "coordinates": [77.4828613054682, 13.078291003677844]}, "properties": {"lst": 34.94, "ndvi": 0.107, "ndbi": 0.042, "risk": "High", "heat_zone": 2, "color": "#e67e22", "city": "Bengaluru"}}, {"type": "Feature", "geometry": {"type": "Point", "coordinates": [77.4552892916302, 12.885849180797113]}, "properties": {"lst": 36.97, "ndvi": 0.177, "ndbi": 0.016, "risk": "High", "heat_zone": 2, "color": "#e67e22", "city": "Bengaluru"}}, {"type": "Feature", "geometry": {"type": "Point", "coordinates": [77.76801611226672, 12.864057565259644]}, "properties": {"lst": 33.8, "ndvi": 0.176, "ndbi": 0.01, "risk": "High", "heat_zone": 2, "color": "#e67e22", "city": "Bengaluru"}}, {"type": "Feature", "geometry": {"type": "Point", "coordinates": [77.57440543520465, 13.103942029983278]}, "properties": {"lst": 37.36, "ndvi": 0.103, "ndbi": 0.032, "risk": "High", "heat_zone": 2, "color": "#e67e22", "city": "Bengaluru"}}, {"type": "Feature", "geometry": {"type": "Point", "coordinates": [77.64906031049284, 12.936308195455352]}, "properties": {"lst": 36.82, "ndvi": 0.231, "ndbi": 0.065, "risk": "High", "heat_zone": 2, "color": "#e67e22", "city": "Bengaluru"}}, {"type": "Feature", "geometry": {"type": "Point", "coordinates": [77.47630597415181, 13.0419997387218]}, "properties": {"lst": 35.38, "ndvi": 0.22, "ndbi": 0.198, "risk": "High", "heat_zone": 2, "color": "#e67e22", "city": "Bengaluru"}}, {"type": "Feature", "geometry": {"type": "Point", "coordinates": [77.6754277142886, 12.837858067321822]}, "properties": {"lst": 34.32, "ndvi": 0.184, "ndbi": 0.074, "risk": "High", "heat_zone": 2, "color": "#e67e22", "city": "Bengaluru"}}, {"type": "Feature", "geometry": {"type": "Point", "coordinates": [77.75774701387297, 13.04391453540693]}, "properties": {"lst": 34.23, "ndvi": 0.14, "ndbi": 0.109, "risk": "High", "heat_zone": 2, "color": "#e67e22", "city": "Bengaluru"}}, {"type": "Feature", "geometry": {"type": "Point", "coordinates": [77.63996953348915, 12.927991406579562]}, "properties": {"lst": 37.07, "ndvi": 0.284, "ndbi": 0.12, "risk": "High", "heat_zone": 2, "color": "#e67e22", "city": "Bengaluru"}}, {"type": "Feature", "geometry": {"type": "Point", "coordinates": [77.49161805638389, 12.847279664612108]}, "properties": {"lst": 38.46, "ndvi": 0.332, "ndbi": 0.107, "risk": "High", "heat_zone": 2, "color": "#e67e22", "city": "Bengaluru"}}, {"type": "Feature", "geometry": {"type": "Point", "coordinates": [77.64196810406625, 13.019041956079915]}, "properties": {"lst": 34.73, "ndvi": 0.161, "ndbi": 0.096, "risk": "High", "heat_zone": 2, "color": "#e67e22", "city": "Bengaluru"}}, {"type": "Feature", "geometry": {"type": "Point", "coordinates": [77.70289458032454, 12.904649182982684]}, "properties": {"lst": 36.92, "ndvi": 0.151, "ndbi": 0.04, "risk": "High", "heat_zone": 2, "color": "#e67e22", "city": "Bengaluru"}}, {"type": "Feature", "geometry": {"type": "Point", "coordinates": [77.58411745706942, 12.949910245036085]}, "properties": {"lst": 31.83, "ndvi": 0.239, "ndbi": 0.173, "risk": "High", "heat_zone": 2, "color": "#e67e22", "city": "Bengaluru"}}, {"type": "Feature", "geometry": {"type": "Point", "coordinates": [77.74034645682069, 12.85498005180882]}, "properties": {"lst": 34.83, "ndvi": 0.171, "ndbi": 0.19, "risk": "High", "heat_zone": 2, "color": "#e67e22", "city": "Bengaluru"}}, {"type": "Feature", "geometry": {"type": "Point", "coordinates": [77.66406537460793, 12.875620607839434]}, "properties": {"lst": 35.94, "ndvi": 0.189, "ndbi": 0.016, "risk": "High", "heat_zone": 2, "color": "#e67e22", "city": "Bengaluru"}}, {"type": "Feature", "geometry": {"type": "Point", "coordinates": [77.74675214303544, 12.922372943003712]}, "properties": {"lst": 34.18, "ndvi": 0.259, "ndbi": 0.049, "risk": "High", "heat_zone": 2, "color": "#e67e22", "city": "Bengaluru"}}, {"type": "Feature", "geometry": {"type": "Point", "coordinates": [77.65575675271162, 12.85782544517365]}, "properties": {"lst": 34.13, "ndvi": 0.047, "ndbi": 0.086, "risk": "High", "heat_zone": 2, "color": "#e67e22", "city": "Bengaluru"}}, {"type": "Feature", "geometry": {"type": "Point", "coordinates": [77.4933250307616, 13.11235614205276]}, "properties": {"lst": 34.66, "ndvi": 0.305, "ndbi": 0.052, "risk": "High", "heat_zone": 2, "color": "#e67e22", "city": "Bengaluru"}}, {"type": "Feature", "geometry": {"type": "Point", "coordinates": [77.55219826466471, 12.831874583387034]}, "properties": {"lst": 36.58, "ndvi": 0.206, "ndbi": 0.125, "risk": "High", "heat_zone": 2, "color": "#e67e22", "city": "Bengaluru"}}, {"type": "Feature", "geometry": {"type": "Point", "coordinates": [77.51659233292331, 12.979996667847937]}, "properties": {"lst": 35.63, "ndvi": 0.167, "ndbi": 0.064, "risk": "High", "heat_zone": 2, "color": "#e67e22", "city": "Bengaluru"}}, {"type": "Feature", "geometry": {"type": "Point", "coordinates": [77.74991274424657, 12.868206712021092]}, "properties": {"lst": 31.52, "ndvi": 0.193, "ndbi": 0.208, "risk": "High", "heat_zone": 2, "color": "#e67e22", "city": "Bengaluru"}}, {"type": "Feature", "geometry": {"type": "Point", "coordinates": [77.70093202220487, 12.925380517738164]}, "properties": {"lst": 31.76, "ndvi": 0.197, "ndbi": 0.16, "risk": "High", "heat_zone": 2, "color": "#e67e22", "city": "Bengaluru"}}, {"type": "Feature", "geometry": {"type": "Point", "coordinates": [77.67321146174031, 13.117078463543663]}, "properties": {"lst": 34.79, "ndvi": 0.062, "ndbi": 0.111, "risk": "High", "heat_zone": 2, "color": "#e67e22", "city": "Bengaluru"}}, {"type": "Feature", "geometry": {"type": "Point", "coordinates": [77.54931888547844, 12.880125311514936]}, "properties": {"lst": 36.92, "ndvi": 0.32, "ndbi": 0.151, "risk": "High", "heat_zone": 2, "color": "#e67e22", "city": "Bengaluru"}}, {"type": "Feature", "geometry": {"type": "Point", "coordinates": [77.51073477477658, 13.129408019112685]}, "properties": {"lst": 30.5, "ndvi": 0.203, "ndbi": 0.155, "risk": "High", "heat_zone": 2, "color": "#e67e22", "city": "Bengaluru"}}, {"type": "Feature", "geometry": {"type": "Point", "coordinates": [77.69962885903634, 12.893796256866722]}, "properties": {"lst": 35.0, "ndvi": 0.235, "ndbi": 0.072, "risk": "High", "heat_zone": 2, "color": "#e67e22", "city": "Bengaluru"}}, {"type": "Feature", "geometry": {"type": "Point", "coordinates": [77.6064721221401, 13.059885493624718]}, "properties": {"lst": 34.95, "ndvi": 0.276, "ndbi": 0.059, "risk": "High", "heat_zone": 2, "color": "#e67e22", "city": "Bengaluru"}}, {"type": "Feature", "geometry": {"type": "Point", "coordinates": [77.5245105522097, 12.999469952118169]}, "properties": {"lst": 38.78, "ndvi": 0.118, "ndbi": 0.104, "risk": "High", "heat_zone": 2, "color": "#e67e22", "city": "Bengaluru"}}, {"type": "Feature", "geometry": {"type": "Point", "coordinates": [77.65348525279454, 13.104188405554996]}, "properties": {"lst": 35.23, "ndvi": 0.238, "ndbi": 0.143, "risk": "High", "heat_zone": 2, "color": "#e67e22", "city": "Bengaluru"}}, {"type": "Feature", "geometry": {"type": "Point", "coordinates": [77.46331017120569, 13.001737909205971]}, "properties": {"lst": 36.77, "ndvi": 0.179, "ndbi": 0.107, "risk": "High", "heat_zone": 2, "color": "#e67e22", "city": "Bengaluru"}}, {"type": "Feature", "geometry": {"type": "Point", "coordinates": [77.55763618386233, 12.995713357938456]}, "properties": {"lst": 36.28, "ndvi": 0.268, "ndbi": 0.021, "risk": "High", "heat_zone": 2, "color": "#e67e22", "city": "Bengaluru"}}, {"type": "Feature", "geometry": {"type": "Point", "coordinates": [77.60462380821508, 12.890591980114204]}, "properties": {"lst": 31.74, "ndvi": 0.03, "ndbi": 0.06, "risk": "High", "heat_zone": 2, "color": "#e67e22", "city": "Bengaluru"}}, {"type": "Feature", "geometry": {"type": "Point", "coordinates": [77.4988262502561, 12.881531102236014]}, "properties": {"lst": 37.54, "ndvi": 0.192, "ndbi": 0.096, "risk": "High", "heat_zone": 2, "color": "#e67e22", "city": "Bengaluru"}}, {"type": "Feature", "geometry": {"type": "Point", "coordinates": [77.77493597760498, 13.11411163684581]}, "properties": {"lst": 36.43, "ndvi": 0.152, "ndbi": 0.096, "risk": "High", "heat_zone": 2, "color": "#e67e22", "city": "Bengaluru"}}, {"type": "Feature", "geometry": {"type": "Point", "coordinates": [77.51900213031458, 12.931629841643511]}, "properties": {"lst": 37.02, "ndvi": 0.235, "ndbi": 0.199, "risk": "High", "heat_zone": 2, "color": "#e67e22", "city": "Bengaluru"}}, {"type": "Feature", "geometry": {"type": "Point", "coordinates": [77.49301653291428, 12.945345499038496]}, "properties": {"lst": 43.85, "ndvi": 0.238, "ndbi": 0.031, "risk": "High", "heat_zone": 2, "color": "#e67e22", "city": "Bengaluru"}}, {"type": "Feature", "geometry": {"type": "Point", "coordinates": [77.51716650838267, 13.065545334112802]}, "properties": {"lst": 31.83, "ndvi": 0.143, "ndbi": 0.125, "risk": "High", "heat_zone": 2, "color": "#e67e22", "city": "Bengaluru"}}, {"type": "Feature", "geometry": {"type": "Point", "coordinates": [77.7037901739427, 12.935035279551071]}, "properties": {"lst": 39.45, "ndvi": 0.143, "ndbi": 0.174, "risk": "High", "heat_zone": 2, "color": "#e67e22", "city": "Bengaluru"}}, {"type": "Feature", "geometry": {"type": "Point", "coordinates": [77.59041686755971, 13.12513935845809]}, "properties": {"lst": 35.43, "ndvi": 0.191, "ndbi": 0.214, "risk": "High", "heat_zone": 2, "color": "#e67e22", "city": "Bengaluru"}}, {"type": "Feature", "geometry": {"type": "Point", "coordinates": [77.63658726011833, 13.058757608389628]}, "properties": {"lst": 36.57, "ndvi": 0.128, "ndbi": 0.08, "risk": "High", "heat_zone": 2, "color": "#e67e22", "city": "Bengaluru"}}, {"type": "Feature", "geometry": {"type": "Point", "coordinates": [77.4569330218055, 13.01520306519776]}, "properties": {"lst": 35.91, "ndvi": 0.267, "ndbi": 0.125, "risk": "High", "heat_zone": 2, "color": "#e67e22", "city": "Bengaluru"}}, {"type": "Feature", "geometry": {"type": "Point", "coordinates": [77.46136233182919, 13.103077499768874]}, "properties": {"lst": 35.15, "ndvi": 0.17, "ndbi": 0.128, "risk": "High", "heat_zone": 2, "color": "#e67e22", "city": "Bengaluru"}}, {"type": "Feature", "geometry": {"type": "Point", "coordinates": [77.59712243144291, 12.84537783158834]}, "properties": {"lst": 34.86, "ndvi": -0.033, "ndbi": 0.11, "risk": "High", "heat_zone": 2, "color": "#e67e22", "city": "Bengaluru"}}, {"type": "Feature", "geometry": {"type": "Point", "coordinates": [77.71949623025654, 12.909689434578654]}, "properties": {"lst": 36.66, "ndvi": 0.17, "ndbi": 0.095, "risk": "High", "heat_zone": 2, "color": "#e67e22", "city": "Bengaluru"}}, {"type": "Feature", "geometry": {"type": "Point", "coordinates": [77.7421288299735, 12.974161263608485]}, "properties": {"lst": 32.97, "ndvi": 0.117, "ndbi": 0.122, "risk": "High", "heat_zone": 2, "color": "#e67e22", "city": "Bengaluru"}}, {"type": "Feature", "geometry": {"type": "Point", "coordinates": [77.47861316730656, 12.900363347236173]}, "properties": {"lst": 37.5, "ndvi": 0.069, "ndbi": -0.027, "risk": "High", "heat_zone": 2, "color": "#e67e22", "city": "Bengaluru"}}, {"type": "Feature", "geometry": {"type": "Point", "coordinates": [77.62765982369334, 13.060610608063667]}, "properties": {"lst": 35.17, "ndvi": 0.101, "ndbi": 0.134, "risk": "High", "heat_zone": 2, "color": "#e67e22", "city": "Bengaluru"}}, {"type": "Feature", "geometry": {"type": "Point", "coordinates": [77.75136579647216, 13.114954489626657]}, "properties": {"lst": 33.74, "ndvi": 0.209, "ndbi": 0.106, "risk": "High", "heat_zone": 2, "color": "#e67e22", "city": "Bengaluru"}}, {"type": "Feature", "geometry": {"type": "Point", "coordinates": [77.5780310089513, 12.961368737178589]}, "properties": {"lst": 35.1, "ndvi": 0.306, "ndbi": 0.089, "risk": "High", "heat_zone": 2, "color": "#e67e22", "city": "Bengaluru"}}, {"type": "Feature", "geometry": {"type": "Point", "coordinates": [77.72375672437137, 12.936061106034687]}, "properties": {"lst": 38.51, "ndvi": 0.225, "ndbi": 0.202, "risk": "High", "heat_zone": 2, "color": "#e67e22", "city": "Bengaluru"}}, {"type": "Feature", "geometry": {"type": "Point", "coordinates": [77.49411956595182, 13.128080726962644]}, "properties": {"lst": 34.93, "ndvi": 0.151, "ndbi": 0.066, "risk": "High", "heat_zone": 2, "color": "#e67e22", "city": "Bengaluru"}}, {"type": "Feature", "geometry": {"type": "Point", "coordinates": [77.75868018159038, 12.967904254176538]}, "properties": {"lst": 36.72, "ndvi": 0.236, "ndbi": 0.08, "risk": "High", "heat_zone": 2, "color": "#e67e22", "city": "Bengaluru"}}, {"type": "Feature", "geometry": {"type": "Point", "coordinates": [77.69796969478533, 12.981605004139276]}, "properties": {"lst": 34.54, "ndvi": 0.163, "ndbi": 0.2, "risk": "High", "heat_zone": 2, "color": "#e67e22", "city": "Bengaluru"}}, {"type": "Feature", "geometry": {"type": "Point", "coordinates": [77.76064034961968, 12.939011460425991]}, "properties": {"lst": 37.52, "ndvi": 0.144, "ndbi": 0.058, "risk": "High", "heat_zone": 2, "color": "#e67e22", "city": "Bengaluru"}}, {"type": "Feature", "geometry": {"type": "Point", "coordinates": [77.67328368707233, 13.111960026633763]}, "properties": {"lst": 37.37, "ndvi": 0.108, "ndbi": 0.072, "risk": "High", "heat_zone": 2, "color": "#e67e22", "city": "Bengaluru"}}, {"type": "Feature", "geometry": {"type": "Point", "coordinates": [77.56992329755981, 13.006376199817376]}, "properties": {"lst": 39.7, "ndvi": 0.06, "ndbi": 0.093, "risk": "Critical", "heat_zone": 3, "color": "#e74c3c", "city": "Bengaluru"}}, {"type": "Feature", "geometry": {"type": "Point", "coordinates": [77.75959978693317, 13.06627412202631]}, "properties": {"lst": 35.65, "ndvi": 0.169, "ndbi": 0.142, "risk": "High", "heat_zone": 2, "color": "#e67e22", "city": "Bengaluru"}}, {"type": "Feature", "geometry": {"type": "Point", "coordinates": [77.54093703618203, 13.081660082688774]}, "properties": {"lst": 37.34, "ndvi": 0.213, "ndbi": 0.11, "risk": "High", "heat_zone": 2, "color": "#e67e22", "city": "Bengaluru"}}, {"type": "Feature", "geometry": {"type": "Point", "coordinates": [77.55961693228038, 12.93597320299435]}, "properties": {"lst": 36.2, "ndvi": 0.192, "ndbi": 0.035, "risk": "High", "heat_zone": 2, "color": "#e67e22", "city": "Bengaluru"}}, {"type": "Feature", "geometry": {"type": "Point", "coordinates": [77.68126677794058, 12.96444524270932]}, "properties": {"lst": 38.59, "ndvi": 0.167, "ndbi": 0.073, "risk": "High", "heat_zone": 2, "color": "#e67e22", "city": "Bengaluru"}}, {"type": "Feature", "geometry": {"type": "Point", "coordinates": [77.70255437884337, 13.093026250065943]}, "properties": {"lst": 34.56, "ndvi": 0.124, "ndbi": 0.07, "risk": "High", "heat_zone": 2, "color": "#e67e22", "city": "Bengaluru"}}, {"type": "Feature", "geometry": {"type": "Point", "coordinates": [77.75670314967022, 12.9426091590195]}, "properties": {"lst": 37.49, "ndvi": 0.249, "ndbi": 0.096, "risk": "High", "heat_zone": 2, "color": "#e67e22", "city": "Bengaluru"}}, {"type": "Feature", "geometry": {"type": "Point", "coordinates": [77.51758479498855, 13.076119891370077]}, "properties": {"lst": 35.61, "ndvi": 0.095, "ndbi": 0.121, "risk": "High", "heat_zone": 2, "color": "#e67e22", "city": "Bengaluru"}}, {"type": "Feature", "geometry": {"type": "Point", "coordinates": [77.71333935162235, 13.121707619998077]}, "properties": {"lst": 35.87, "ndvi": 0.262, "ndbi": 0.121, "risk": "High", "heat_zone": 2, "color": "#e67e22", "city": "Bengaluru"}}, {"type": "Feature", "geometry": {"type": "Point", "coordinates": [77.693720197621, 13.023195215651082]}, "properties": {"lst": 36.18, "ndvi": 0.12, "ndbi": 0.011, "risk": "High", "heat_zone": 2, "color": "#e67e22", "city": "Bengaluru"}}, {"type": "Feature", "geometry": {"type": "Point", "coordinates": [77.47105220356369, 13.059904459110086]}, "properties": {"lst": 36.5, "ndvi": 0.14, "ndbi": 0.153, "risk": "High", "heat_zone": 2, "color": "#e67e22", "city": "Bengaluru"}}, {"type": "Feature", "geometry": {"type": "Point", "coordinates": [77.57778363659936, 13.079580166732752]}, "properties": {"lst": 35.77, "ndvi": 0.083, "ndbi": 0.113, "risk": "High", "heat_zone": 2, "color": "#e67e22", "city": "Bengaluru"}}, {"type": "Feature", "geometry": {"type": "Point", "coordinates": [77.54331260082984, 13.09196229115796]}, "properties": {"lst": 36.43, "ndvi": 0.16, "ndbi": 0.169, "risk": "High", "heat_zone": 2, "color": "#e67e22", "city": "Bengaluru"}}, {"type": "Feature", "geometry": {"type": "Point", "coordinates": [77.55048184003684, 12.952466534735606]}, "properties": {"lst": 39.16, "ndvi": 0.278, "ndbi": 0.122, "risk": "High", "heat_zone": 2, "color": "#e67e22", "city": "Bengaluru"}}, {"type": "Feature", "geometry": {"type": "Point", "coordinates": [77.77437247025306, 12.84589167234456]}, "properties": {"lst": 37.97, "ndvi": 0.241, "ndbi": 0.155, "risk": "High", "heat_zone": 2, "color": "#e67e22", "city": "Bengaluru"}}, {"type": "Feature", "geometry": {"type": "Point", "coordinates": [77.66211654644837, 12.95458164408339]}, "properties": {"lst": 37.74, "ndvi": 0.278, "ndbi": 0.123, "risk": "High", "heat_zone": 2, "color": "#e67e22", "city": "Bengaluru"}}, {"type": "Feature", "geometry": {"type": "Point", "coordinates": [77.68683313207185, 13.038864431233067]}, "properties": {"lst": 35.09, "ndvi": 0.242, "ndbi": 0.167, "risk": "High", "heat_zone": 2, "color": "#e67e22", "city": "Bengaluru"}}, {"type": "Feature", "geometry": {"type": "Point", "coordinates": [77.77228382031396, 12.969608619592046]}, "properties": {"lst": 34.22, "ndvi": 0.112, "ndbi": 0.126, "risk": "High", "heat_zone": 2, "color": "#e67e22", "city": "Bengaluru"}}, {"type": "Feature", "geometry": {"type": "Point", "coordinates": [77.57447658821103, 13.062178576766724]}, "properties": {"lst": 37.91, "ndvi": 0.174, "ndbi": 0.095, "risk": "High", "heat_zone": 2, "color": "#e67e22", "city": "Bengaluru"}}, {"type": "Feature", "geometry": {"type": "Point", "coordinates": [77.71460725558943, 12.940664553135289]}, "properties": {"lst": 37.75, "ndvi": 0.138, "ndbi": 0.214, "risk": "High", "heat_zone": 2, "color": "#e67e22", "city": "Bengaluru"}}, {"type": "Feature", "geometry": {"type": "Point", "coordinates": [77.59339521789049, 13.02677068374225]}, "properties": {"lst": 38.95, "ndvi": 0.306, "ndbi": 0.144, "risk": "High", "heat_zone": 2, "color": "#e67e22", "city": "Bengaluru"}}, {"type": "Feature", "geometry": {"type": "Point", "coordinates": [77.73694611169894, 12.887790139504732]}, "properties": {"lst": 34.79, "ndvi": 0.104, "ndbi": 0.129, "risk": "High", "heat_zone": 2, "color": "#e67e22", "city": "Bengaluru"}}, {"type": "Feature", "geometry": {"type": "Point", "coordinates": [77.50961698863273, 13.062304525359938]}, "properties": {"lst": 35.54, "ndvi": 0.271, "ndbi": 0.036, "risk": "High", "heat_zone": 2, "color": "#e67e22", "city": "Bengaluru"}}, {"type": "Feature", "geometry": {"type": "Point", "coordinates": [77.76273643843122, 12.999165750332038]}, "properties": {"lst": 32.72, "ndvi": 0.271, "ndbi": 0.036, "risk": "High", "heat_zone": 2, "color": "#e67e22", "city": "Bengaluru"}}, {"type": "Feature", "geometry": {"type": "Point", "coordinates": [77.5221946637756, 12.893259960449448]}, "properties": {"lst": 35.22, "ndvi": 0.346, "ndbi": 0.115, "risk": "High", "heat_zone": 2, "color": "#e67e22", "city": "Bengaluru"}}, {"type": "Feature", "geometry": {"type": "Point", "coordinates": [77.55765276730371, 12.92049246378432]}, "properties": {"lst": 37.99, "ndvi": 0.167, "ndbi": 0.107, "risk": "High", "heat_zone": 2, "color": "#e67e22", "city": "Bengaluru"}}, {"type": "Feature", "geometry": {"type": "Point", "coordinates": [77.69954343725524, 13.062068699660369]}, "properties": {"lst": 35.07, "ndvi": 0.257, "ndbi": 0.069, "risk": "High", "heat_zone": 2, "color": "#e67e22", "city": "Bengaluru"}}, {"type": "Feature", "geometry": {"type": "Point", "coordinates": [77.57993919671658, 12.979606383055073]}, "properties": {"lst": 37.28, "ndvi": 0.383, "ndbi": 0.107, "risk": "High", "heat_zone": 2, "color": "#e67e22", "city": "Bengaluru"}}, {"type": "Feature", "geometry": {"type": "Point", "coordinates": [77.65070975433292, 12.896969746521853]}, "properties": {"lst": 35.62, "ndvi": 0.151, "ndbi": 0.179, "risk": "High", "heat_zone": 2, "color": "#e67e22", "city": "Bengaluru"}}, {"type": "Feature", "geometry": {"type": "Point", "coordinates": [77.59670925535292, 13.129854069014792]}, "properties": {"lst": 36.65, "ndvi": 0.077, "ndbi": 0.135, "risk": "High", "heat_zone": 2, "color": "#e67e22", "city": "Bengaluru"}}, {"type": "Feature", "geometry": {"type": "Point", "coordinates": [77.69498207923964, 13.051688756143236]}, "properties": {"lst": 33.7, "ndvi": 0.05, "ndbi": 0.043, "risk": "High", "heat_zone": 2, "color": "#e67e22", "city": "Bengaluru"}}, {"type": "Feature", "geometry": {"type": "Point", "coordinates": [77.52534931328164, 13.126711798087335]}, "properties": {"lst": 36.17, "ndvi": 0.257, "ndbi": 0.094, "risk": "High", "heat_zone": 2, "color": "#e67e22", "city": "Bengaluru"}}, {"type": "Feature", "geometry": {"type": "Point", "coordinates": [77.46929113578817, 12.962402564061708]}, "properties": {"lst": 30.02, "ndvi": 0.049, "ndbi": 0.06, "risk": "High", "heat_zone": 2, "color": "#e67e22", "city": "Bengaluru"}}, {"type": "Feature", "geometry": {"type": "Point", "coordinates": [77.54897670116611, 12.977281105614434]}, "properties": {"lst": 35.63, "ndvi": 0.17, "ndbi": 0.081, "risk": "High", "heat_zone": 2, "color": "#e67e22", "city": "Bengaluru"}}, {"type": "Feature", "geometry": {"type": "Point", "coordinates": [77.60652185940658, 13.108366117017356]}, "properties": {"lst": 32.74, "ndvi": 0.235, "ndbi": 0.079, "risk": "High", "heat_zone": 2, "color": "#e67e22", "city": "Bengaluru"}}, {"type": "Feature", "geometry": {"type": "Point", "coordinates": [77.50544661722358, 12.992765295476069]}, "properties": {"lst": 38.41, "ndvi": 0.215, "ndbi": 0.076, "risk": "High", "heat_zone": 2, "color": "#e67e22", "city": "Bengaluru"}}, {"type": "Feature", "geometry": {"type": "Point", "coordinates": [77.5670831055866, 13.049256462690757]}, "properties": {"lst": 37.55, "ndvi": 0.234, "ndbi": 0.037, "risk": "High", "heat_zone": 2, "color": "#e67e22", "city": "Bengaluru"}}, {"type": "Feature", "geometry": {"type": "Point", "coordinates": [77.58199439603688, 12.908173592023614]}, "properties": {"lst": 36.93, "ndvi": 0.218, "ndbi": 0.094, "risk": "High", "heat_zone": 2, "color": "#e67e22", "city": "Bengaluru"}}, {"type": "Feature", "geometry": {"type": "Point", "coordinates": [77.46893930841713, 12.96848520529782]}, "properties": {"lst": 39.04, "ndvi": 0.302, "ndbi": 0.072, "risk": "High", "heat_zone": 2, "color": "#e67e22", "city": "Bengaluru"}}, {"type": "Feature", "geometry": {"type": "Point", "coordinates": [77.64249139190079, 12.86826945840121]}, "properties": {"lst": 34.1, "ndvi": 0.124, "ndbi": -0.046, "risk": "High", "heat_zone": 2, "color": "#e67e22", "city": "Bengaluru"}}, {"type": "Feature", "geometry": {"type": "Point", "coordinates": [77.74183333123052, 12.893853811121858]}, "properties": {"lst": 39.49, "ndvi": 0.146, "ndbi": 0.203, "risk": "Critical", "heat_zone": 3, "color": "#e74c3c", "city": "Bengaluru"}}, {"type": "Feature", "geometry": {"type": "Point", "coordinates": [77.50007516127451, 12.830292458732966]}, "properties": {"lst": 37.86, "ndvi": 0.138, "ndbi": 0.154, "risk": "High", "heat_zone": 2, "color": "#e67e22", "city": "Bengaluru"}}, {"type": "Feature", "geometry": {"type": "Point", "coordinates": [77.6472766444225, 12.842172166011084]}, "properties": {"lst": 35.53, "ndvi": 0.266, "ndbi": 0.081, "risk": "High", "heat_zone": 2, "color": "#e67e22", "city": "Bengaluru"}}, {"type": "Feature", "geometry": {"type": "Point", "coordinates": [77.66936393762059, 13.132957985184849]}, "properties": {"lst": 38.27, "ndvi": 0.272, "ndbi": 0.101, "risk": "High", "heat_zone": 2, "color": "#e67e22", "city": "Bengaluru"}}, {"type": "Feature", "geometry": {"type": "Point", "coordinates": [77.58838044453837, 12.905129645492396]}, "properties": {"lst": 33.79, "ndvi": 0.236, "ndbi": 0.041, "risk": "High", "heat_zone": 2, "color": "#e67e22", "city": "Bengaluru"}}, {"type": "Feature", "geometry": {"type": "Point", "coordinates": [77.6813622038302, 13.03562631994624]}, "properties": {"lst": 34.35, "ndvi": 0.295, "ndbi": 0.185, "risk": "High", "heat_zone": 2, "color": "#e67e22", "city": "Bengaluru"}}, {"type": "Feature", "geometry": {"type": "Point", "coordinates": [77.58554140935203, 13.09012090662788]}, "properties": {"lst": 34.78, "ndvi": 0.106, "ndbi": 0.195, "risk": "High", "heat_zone": 2, "color": "#e67e22", "city": "Bengaluru"}}, {"type": "Feature", "geometry": {"type": "Point", "coordinates": [77.61653030503255, 13.000704742363336]}, "properties": {"lst": 34.94, "ndvi": 0.333, "ndbi": 0.108, "risk": "High", "heat_zone": 2, "color": "#e67e22", "city": "Bengaluru"}}, {"type": "Feature", "geometry": {"type": "Point", "coordinates": [77.45242650470297, 12.877474795026028]}, "properties": {"lst": 33.89, "ndvi": 0.322, "ndbi": 0.151, "risk": "High", "heat_zone": 2, "color": "#e67e22", "city": "Bengaluru"}}, {"type": "Feature", "geometry": {"type": "Point", "coordinates": [77.67826763766445, 13.055716095574212]}, "properties": {"lst": 38.45, "ndvi": 0.259, "ndbi": 0.109, "risk": "High", "heat_zone": 2, "color": "#e67e22", "city": "Bengaluru"}}, {"type": "Feature", "geometry": {"type": "Point", "coordinates": [77.66824308405177, 13.016077937130872]}, "properties": {"lst": 35.48, "ndvi": 0.343, "ndbi": 0.033, "risk": "High", "heat_zone": 2, "color": "#e67e22", "city": "Bengaluru"}}, {"type": "Feature", "geometry": {"type": "Point", "coordinates": [77.4626722895177, 13.056687682697689]}, "properties": {"lst": 36.71, "ndvi": 0.067, "ndbi": 0.079, "risk": "High", "heat_zone": 2, "color": "#e67e22", "city": "Bengaluru"}}, {"type": "Feature", "geometry": {"type": "Point", "coordinates": [77.5715225354404, 13.068621453085695]}, "properties": {"lst": 34.86, "ndvi": 0.158, "ndbi": 0.107, "risk": "High", "heat_zone": 2, "color": "#e67e22", "city": "Bengaluru"}}, {"type": "Feature", "geometry": {"type": "Point", "coordinates": [77.77308050746124, 13.132377213982272]}, "properties": {"lst": 32.36, "ndvi": 0.141, "ndbi": 0.077, "risk": "High", "heat_zone": 2, "color": "#e67e22", "city": "Bengaluru"}}, {"type": "Feature", "geometry": {"type": "Point", "coordinates": [77.58884306564765, 13.00780461680828]}, "properties": {"lst": 36.54, "ndvi": 0.258, "ndbi": 0.089, "risk": "High", "heat_zone": 2, "color": "#e67e22", "city": "Bengaluru"}}, {"type": "Feature", "geometry": {"type": "Point", "coordinates": [77.61564198369351, 12.935908744934087]}, "properties": {"lst": 32.18, "ndvi": 0.116, "ndbi": 0.095, "risk": "High", "heat_zone": 2, "color": "#e67e22", "city": "Bengaluru"}}, {"type": "Feature", "geometry": {"type": "Point", "coordinates": [77.7502769521927, 13.031024012639074]}, "properties": {"lst": 35.86, "ndvi": 0.261, "ndbi": 0.096, "risk": "High", "heat_zone": 2, "color": "#e67e22", "city": "Bengaluru"}}, {"type": "Feature", "geometry": {"type": "Point", "coordinates": [77.6866964190357, 12.851216619865214]}, "properties": {"lst": 33.26, "ndvi": 0.31, "ndbi": 0.103, "risk": "High", "heat_zone": 2, "color": "#e67e22", "city": "Bengaluru"}}, {"type": "Feature", "geometry": {"type": "Point", "coordinates": [77.642083143271, 13.108193168679692]}, "properties": {"lst": 39.97, "ndvi": 0.256, "ndbi": 0.047, "risk": "High", "heat_zone": 2, "color": "#e67e22", "city": "Bengaluru"}}, {"type": "Feature", "geometry": {"type": "Point", "coordinates": [77.71327554484256, 12.86700811351484]}, "properties": {"lst": 37.82, "ndvi": 0.223, "ndbi": 0.064, "risk": "High", "heat_zone": 2, "color": "#e67e22", "city": "Bengaluru"}}, {"type": "Feature", "geometry": {"type": "Point", "coordinates": [77.73524086793047, 12.931631279744604]}, "properties": {"lst": 36.21, "ndvi": 0.121, "ndbi": 0.036, "risk": "High", "heat_zone": 2, "color": "#e67e22", "city": "Bengaluru"}}, {"type": "Feature", "geometry": {"type": "Point", "coordinates": [77.6007730636733, 13.082881067994098]}, "properties": {"lst": 38.53, "ndvi": 0.132, "ndbi": 0.149, "risk": "High", "heat_zone": 2, "color": "#e67e22", "city": "Bengaluru"}}, {"type": "Feature", "geometry": {"type": "Point", "coordinates": [77.60678576042751, 13.01516683728252]}, "properties": {"lst": 34.31, "ndvi": 0.3, "ndbi": -0.005, "risk": "High", "heat_zone": 2, "color": "#e67e22", "city": "Bengaluru"}}, {"type": "Feature", "geometry": {"type": "Point", "coordinates": [77.5773968087651, 12.952027011286008]}, "properties": {"lst": 37.09, "ndvi": 0.262, "ndbi": 0.158, "risk": "High", "heat_zone": 2, "color": "#e67e22", "city": "Bengaluru"}}, {"type": "Feature", "geometry": {"type": "Point", "coordinates": [77.7690130262061, 12.976765054406258]}, "properties": {"lst": 36.4, "ndvi": 0.197, "ndbi": 0.169, "risk": "High", "heat_zone": 2, "color": "#e67e22", "city": "Bengaluru"}}, {"type": "Feature", "geometry": {"type": "Point", "coordinates": [77.68006486391582, 13.094909691892676]}, "properties": {"lst": 36.53, "ndvi": 0.167, "ndbi": 0.085, "risk": "High", "heat_zone": 2, "color": "#e67e22", "city": "Bengaluru"}}, {"type": "Feature", "geometry": {"type": "Point", "coordinates": [77.47746361184866, 12.935401359678568]}, "properties": {"lst": 38.54, "ndvi": 0.038, "ndbi": -0.03, "risk": "High", "heat_zone": 2, "color": "#e67e22", "city": "Bengaluru"}}, {"type": "Feature", "geometry": {"type": "Point", "coordinates": [77.7347766756933, 13.099591402291772]}, "properties": {"lst": 37.46, "ndvi": 0.114, "ndbi": 0.082, "risk": "High", "heat_zone": 2, "color": "#e67e22", "city": "Bengaluru"}}, {"type": "Feature", "geometry": {"type": "Point", "coordinates": [77.60858478047597, 12.857321673602774]}, "properties": {"lst": 36.58, "ndvi": 0.353, "ndbi": 0.097, "risk": "High", "heat_zone": 2, "color": "#e67e22", "city": "Bengaluru"}}, {"type": "Feature", "geometry": {"type": "Point", "coordinates": [77.47268878911942, 13.070807515534677]}, "properties": {"lst": 32.69, "ndvi": 0.098, "ndbi": 0.049, "risk": "High", "heat_zone": 2, "color": "#e67e22", "city": "Bengaluru"}}, {"type": "Feature", "geometry": {"type": "Point", "coordinates": [77.63140669420389, 13.092739766246968]}, "properties": {"lst": 34.08, "ndvi": 0.215, "ndbi": 0.074, "risk": "High", "heat_zone": 2, "color": "#e67e22", "city": "Bengaluru"}}, {"type": "Feature", "geometry": {"type": "Point", "coordinates": [77.58766421206198, 12.886363472379577]}, "properties": {"lst": 35.75, "ndvi": 0.281, "ndbi": 0.177, "risk": "High", "heat_zone": 2, "color": "#e67e22", "city": "Bengaluru"}}, {"type": "Feature", "geometry": {"type": "Point", "coordinates": [77.73965730360467, 12.963407425035385]}, "properties": {"lst": 36.19, "ndvi": 0.1, "ndbi": 0.133, "risk": "High", "heat_zone": 2, "color": "#e67e22", "city": "Bengaluru"}}, {"type": "Feature", "geometry": {"type": "Point", "coordinates": [77.5173182191911, 12.881304930145731]}, "properties": {"lst": 33.74, "ndvi": 0.215, "ndbi": 0.054, "risk": "High", "heat_zone": 2, "color": "#e67e22", "city": "Bengaluru"}}, {"type": "Feature", "geometry": {"type": "Point", "coordinates": [77.72273332113242, 13.049047279988208]}, "properties": {"lst": 40.82, "ndvi": 0.275, "ndbi": 0.02, "risk": "High", "heat_zone": 2, "color": "#e67e22", "city": "Bengaluru"}}, {"type": "Feature", "geometry": {"type": "Point", "coordinates": [77.6340372680912, 12.995957808099114]}, "properties": {"lst": 39.03, "ndvi": 0.201, "ndbi": 0.084, "risk": "High", "heat_zone": 2, "color": "#e67e22", "city": "Bengaluru"}}, {"type": "Feature", "geometry": {"type": "Point", "coordinates": [77.46802140006045, 13.02695023747958]}, "properties": {"lst": 37.2, "ndvi": 0.429, "ndbi": 0.089, "risk": "High", "heat_zone": 2, "color": "#e67e22", "city": "Bengaluru"}}, {"type": "Feature", "geometry": {"type": "Point", "coordinates": [77.7707089494374, 12.890910959756424]}, "properties": {"lst": 36.14, "ndvi": 0.067, "ndbi": 0.125, "risk": "High", "heat_zone": 2, "color": "#e67e22", "city": "Bengaluru"}}, {"type": "Feature", "geometry": {"type": "Point", "coordinates": [77.61916303055406, 12.89564121723625]}, "properties": {"lst": 35.58, "ndvi": 0.285, "ndbi": 0.073, "risk": "High", "heat_zone": 2, "color": "#e67e22", "city": "Bengaluru"}}, {"type": "Feature", "geometry": {"type": "Point", "coordinates": [77.54598936189643, 12.84286417090807]}, "properties": {"lst": 34.1, "ndvi": 0.186, "ndbi": 0.126, "risk": "High", "heat_zone": 2, "color": "#e67e22", "city": "Bengaluru"}}, {"type": "Feature", "geometry": {"type": "Point", "coordinates": [77.60490425785646, 12.929840935910676]}, "properties": {"lst": 36.15, "ndvi": 0.262, "ndbi": 0.197, "risk": "High", "heat_zone": 2, "color": "#e67e22", "city": "Bengaluru"}}, {"type": "Feature", "geometry": {"type": "Point", "coordinates": [77.73309306856078, 13.00352084501344]}, "properties": {"lst": 36.52, "ndvi": 0.235, "ndbi": 0.141, "risk": "High", "heat_zone": 2, "color": "#e67e22", "city": "Bengaluru"}}, {"type": "Feature", "geometry": {"type": "Point", "coordinates": [77.55061803104708, 13.095959823339172]}, "properties": {"lst": 33.52, "ndvi": 0.141, "ndbi": 0.098, "risk": "High", "heat_zone": 2, "color": "#e67e22", "city": "Bengaluru"}}, {"type": "Feature", "geometry": {"type": "Point", "coordinates": [77.51358321084061, 13.03674750871219]}, "properties": {"lst": 36.67, "ndvi": 0.218, "ndbi": 0.091, "risk": "High", "heat_zone": 2, "color": "#e67e22", "city": "Bengaluru"}}, {"type": "Feature", "geometry": {"type": "Point", "coordinates": [77.4925935114872, 12.964972860253924]}, "properties": {"lst": 35.69, "ndvi": 0.051, "ndbi": 0.082, "risk": "High", "heat_zone": 2, "color": "#e67e22", "city": "Bengaluru"}}, {"type": "Feature", "geometry": {"type": "Point", "coordinates": [77.54829360146877, 13.125467235462184]}, "properties": {"lst": 32.18, "ndvi": 0.248, "ndbi": 0.159, "risk": "High", "heat_zone": 2, "color": "#e67e22", "city": "Bengaluru"}}, {"type": "Feature", "geometry": {"type": "Point", "coordinates": [77.70741586872322, 13.052966012178508]}, "properties": {"lst": 34.28, "ndvi": 0.224, "ndbi": 0.069, "risk": "High", "heat_zone": 2, "color": "#e67e22", "city": "Bengaluru"}}, {"type": "Feature", "geometry": {"type": "Point", "coordinates": [77.60563670051444, 13.118351212887392]}, "properties": {"lst": 35.17, "ndvi": 0.251, "ndbi": 0.102, "risk": "High", "heat_zone": 2, "color": "#e67e22", "city": "Bengaluru"}}, {"type": "Feature", "geometry": {"type": "Point", "coordinates": [77.52506892921888, 12.993552271714371]}, "properties": {"lst": 39.78, "ndvi": 0.285, "ndbi": 0.103, "risk": "High", "heat_zone": 2, "color": "#e67e22", "city": "Bengaluru"}}, {"type": "Feature", "geometry": {"type": "Point", "coordinates": [77.50484104987122, 12.910260325185874]}, "properties": {"lst": 37.11, "ndvi": 0.229, "ndbi": 0.075, "risk": "High", "heat_zone": 2, "color": "#e67e22", "city": "Bengaluru"}}, {"type": "Feature", "geometry": {"type": "Point", "coordinates": [77.55980072724843, 12.846376272773064]}, "properties": {"lst": 33.33, "ndvi": 0.212, "ndbi": 0.031, "risk": "High", "heat_zone": 2, "color": "#e67e22", "city": "Bengaluru"}}, {"type": "Feature", "geometry": {"type": "Point", "coordinates": [77.76017504305229, 13.055086303959994]}, "properties": {"lst": 36.97, "ndvi": 0.13, "ndbi": 0.116, "risk": "High", "heat_zone": 2, "color": "#e67e22", "city": "Bengaluru"}}, {"type": "Feature", "geometry": {"type": "Point", "coordinates": [77.5631988151547, 12.867603929381715]}, "properties": {"lst": 32.91, "ndvi": 0.143, "ndbi": 0.097, "risk": "High", "heat_zone": 2, "color": "#e67e22", "city": "Bengaluru"}}, {"type": "Feature", "geometry": {"type": "Point", "coordinates": [77.77608094506503, 12.92386028976431]}, "properties": {"lst": 38.17, "ndvi": 0.295, "ndbi": 0.125, "risk": "High", "heat_zone": 2, "color": "#e67e22", "city": "Bengaluru"}}, {"type": "Feature", "geometry": {"type": "Point", "coordinates": [77.61012605040257, 12.995065981444007]}, "properties": {"lst": 35.06, "ndvi": 0.315, "ndbi": 0.073, "risk": "High", "heat_zone": 2, "color": "#e67e22", "city": "Bengaluru"}}, {"type": "Feature", "geometry": {"type": "Point", "coordinates": [77.50912409303575, 13.004969142211722]}, "properties": {"lst": 35.81, "ndvi": 0.181, "ndbi": 0.161, "risk": "High", "heat_zone": 2, "color": "#e67e22", "city": "Bengaluru"}}, {"type": "Feature", "geometry": {"type": "Point", "coordinates": [77.74407623029185, 13.016180791066011]}, "properties": {"lst": 38.65, "ndvi": 0.204, "ndbi": 0.056, "risk": "High", "heat_zone": 2, "color": "#e67e22", "city": "Bengaluru"}}, {"type": "Feature", "geometry": {"type": "Point", "coordinates": [77.60191727313449, 12.881539152408408]}, "properties": {"lst": 33.43, "ndvi": 0.128, "ndbi": 0.186, "risk": "High", "heat_zone": 2, "color": "#e67e22", "city": "Bengaluru"}}, {"type": "Feature", "geometry": {"type": "Point", "coordinates": [77.68419154335649, 12.947718595494711]}, "properties": {"lst": 33.21, "ndvi": 0.294, "ndbi": 0.013, "risk": "High", "heat_zone": 2, "color": "#e67e22", "city": "Bengaluru"}}, {"type": "Feature", "geometry": {"type": "Point", "coordinates": [77.77462482245902, 13.02133021040626]}, "properties": {"lst": 34.83, "ndvi": 0.253, "ndbi": 0.122, "risk": "High", "heat_zone": 2, "color": "#e67e22", "city": "Bengaluru"}}, {"type": "Feature", "geometry": {"type": "Point", "coordinates": [77.4665578656056, 13.130643848036474]}, "properties": {"lst": 38.08, "ndvi": 0.355, "ndbi": 0.124, "risk": "High", "heat_zone": 2, "color": "#e67e22", "city": "Bengaluru"}}, {"type": "Feature", "geometry": {"type": "Point", "coordinates": [77.4819092047299, 13.055565652686903]}, "properties": {"lst": 32.96, "ndvi": 0.13, "ndbi": 0.06, "risk": "High", "heat_zone": 2, "color": "#e67e22", "city": "Bengaluru"}}, {"type": "Feature", "geometry": {"type": "Point", "coordinates": [77.68775072468272, 13.116007164699129]}, "properties": {"lst": 30.34, "ndvi": 0.17, "ndbi": 0.121, "risk": "High", "heat_zone": 2, "color": "#e67e22", "city": "Bengaluru"}}, {"type": "Feature", "geometry": {"type": "Point", "coordinates": [77.54300225108751, 13.066285738077395]}, "properties": {"lst": 35.1, "ndvi": 0.219, "ndbi": 0.164, "risk": "High", "heat_zone": 2, "color": "#e67e22", "city": "Bengaluru"}}, {"type": "Feature", "geometry": {"type": "Point", "coordinates": [77.51081946099353, 13.013432260356645]}, "properties": {"lst": 37.1, "ndvi": 0.252, "ndbi": -0.011, "risk": "High", "heat_zone": 2, "color": "#e67e22", "city": "Bengaluru"}}, {"type": "Feature", "geometry": {"type": "Point", "coordinates": [77.46298942034052, 12.889527244432267]}, "properties": {"lst": 38.4, "ndvi": 0.183, "ndbi": 0.125, "risk": "High", "heat_zone": 2, "color": "#e67e22", "city": "Bengaluru"}}, {"type": "Feature", "geometry": {"type": "Point", "coordinates": [77.45720941495544, 13.03667255208668]}, "properties": {"lst": 35.07, "ndvi": 0.13, "ndbi": -0.025, "risk": "High", "heat_zone": 2, "color": "#e67e22", "city": "Bengaluru"}}, {"type": "Feature", "geometry": {"type": "Point", "coordinates": [77.70558024902954, 13.023247665447572]}, "properties": {"lst": 35.18, "ndvi": 0.271, "ndbi": 0.052, "risk": "High", "heat_zone": 2, "color": "#e67e22", "city": "Bengaluru"}}, {"type": "Feature", "geometry": {"type": "Point", "coordinates": [77.49436303103195, 13.016765442841752]}, "properties": {"lst": 38.31, "ndvi": 0.258, "ndbi": 0.181, "risk": "High", "heat_zone": 2, "color": "#e67e22", "city": "Bengaluru"}}, {"type": "Feature", "geometry": {"type": "Point", "coordinates": [77.60434780327049, 12.981833619076356]}, "properties": {"lst": 32.26, "ndvi": 0.127, "ndbi": 0.071, "risk": "High", "heat_zone": 2, "color": "#e67e22", "city": "Bengaluru"}}, {"type": "Feature", "geometry": {"type": "Point", "coordinates": [77.64994594900924, 12.993883547236676]}, "properties": {"lst": 35.22, "ndvi": 0.308, "ndbi": 0.041, "risk": "High", "heat_zone": 2, "color": "#e67e22", "city": "Bengaluru"}}, {"type": "Feature", "geometry": {"type": "Point", "coordinates": [77.59135609418772, 12.933677183406612]}, "properties": {"lst": 36.38, "ndvi": 0.294, "ndbi": 0.09, "risk": "High", "heat_zone": 2, "color": "#e67e22", "city": "Bengaluru"}}, {"type": "Feature", "geometry": {"type": "Point", "coordinates": [77.45894519527096, 12.990986934719114]}, "properties": {"lst": 36.9, "ndvi": 0.211, "ndbi": 0.203, "risk": "High", "heat_zone": 2, "color": "#e67e22", "city": "Bengaluru"}}, {"type": "Feature", "geometry": {"type": "Point", "coordinates": [77.70855549585401, 12.891242330760328]}, "properties": {"lst": 34.98, "ndvi": 0.206, "ndbi": 0.008, "risk": "High", "heat_zone": 2, "color": "#e67e22", "city": "Bengaluru"}}, {"type": "Feature", "geometry": {"type": "Point", "coordinates": [77.45346936409875, 13.079604063181716]}, "properties": {"lst": 36.07, "ndvi": 0.244, "ndbi": 0.047, "risk": "High", "heat_zone": 2, "color": "#e67e22", "city": "Bengaluru"}}, {"type": "Feature", "geometry": {"type": "Point", "coordinates": [77.70142366514457, 12.8875908559566]}, "properties": {"lst": 31.02, "ndvi": 0.131, "ndbi": 0.175, "risk": "High", "heat_zone": 2, "color": "#e67e22", "city": "Bengaluru"}}, {"type": "Feature", "geometry": {"type": "Point", "coordinates": [77.74479048295008, 12.856339549865735]}, "properties": {"lst": 34.68, "ndvi": 0.202, "ndbi": 0.193, "risk": "High", "heat_zone": 2, "color": "#e67e22", "city": "Bengaluru"}}, {"type": "Feature", "geometry": {"type": "Point", "coordinates": [77.59283717394887, 12.96523626817072]}, "properties": {"lst": 36.91, "ndvi": 0.028, "ndbi": 0.095, "risk": "High", "heat_zone": 2, "color": "#e67e22", "city": "Bengaluru"}}, {"type": "Feature", "geometry": {"type": "Point", "coordinates": [77.62672901612227, 13.03407530624688]}, "properties": {"lst": 34.04, "ndvi": 0.27, "ndbi": 0.038, "risk": "High", "heat_zone": 2, "color": "#e67e22", "city": "Bengaluru"}}, {"type": "Feature", "geometry": {"type": "Point", "coordinates": [77.60740451956383, 12.965692215729398]}, "properties": {"lst": 36.12, "ndvi": 0.075, "ndbi": 0.205, "risk": "High", "heat_zone": 2, "color": "#e67e22", "city": "Bengaluru"}}, {"type": "Feature", "geometry": {"type": "Point", "coordinates": [77.57843884414574, 12.915793780904906]}, "properties": {"lst": 36.89, "ndvi": 0.32, "ndbi": 0.18, "risk": "High", "heat_zone": 2, "color": "#e67e22", "city": "Bengaluru"}}, {"type": "Feature", "geometry": {"type": "Point", "coordinates": [77.74285009667221, 13.003033067006037]}, "properties": {"lst": 35.31, "ndvi": 0.174, "ndbi": 0.134, "risk": "High", "heat_zone": 2, "color": "#e67e22", "city": "Bengaluru"}}, {"type": "Feature", "geometry": {"type": "Point", "coordinates": [77.7449980585211, 12.937570723977782]}, "properties": {"lst": 36.34, "ndvi": 0.183, "ndbi": 0.059, "risk": "High", "heat_zone": 2, "color": "#e67e22", "city": "Bengaluru"}}, {"type": "Feature", "geometry": {"type": "Point", "coordinates": [77.56081940033171, 13.119188983939257]}, "properties": {"lst": 34.07, "ndvi": 0.15, "ndbi": 0.098, "risk": "High", "heat_zone": 2, "color": "#e67e22", "city": "Bengaluru"}}, {"type": "Feature", "geometry": {"type": "Point", "coordinates": [77.65297301882485, 13.116019993277108]}, "properties": {"lst": 35.59, "ndvi": 0.177, "ndbi": 0.092, "risk": "High", "heat_zone": 2, "color": "#e67e22", "city": "Bengaluru"}}, {"type": "Feature", "geometry": {"type": "Point", "coordinates": [77.75587949550814, 12.98573526419135]}, "properties": {"lst": 37.22, "ndvi": 0.313, "ndbi": 0.117, "risk": "High", "heat_zone": 2, "color": "#e67e22", "city": "Bengaluru"}}, {"type": "Feature", "geometry": {"type": "Point", "coordinates": [77.76747930465065, 12.93164403814566]}, "properties": {"lst": 36.31, "ndvi": 0.001, "ndbi": 0.173, "risk": "Critical", "heat_zone": 3, "color": "#e74c3c", "city": "Bengaluru"}}, {"type": "Feature", "geometry": {"type": "Point", "coordinates": [77.61795648333928, 13.058511048326558]}, "properties": {"lst": 34.83, "ndvi": 0.302, "ndbi": 0.144, "risk": "High", "heat_zone": 2, "color": "#e67e22", "city": "Bengaluru"}}, {"type": "Feature", "geometry": {"type": "Point", "coordinates": [77.59943218574384, 12.84138101247975]}, "properties": {"lst": 36.45, "ndvi": 0.227, "ndbi": 0.046, "risk": "High", "heat_zone": 2, "color": "#e67e22", "city": "Bengaluru"}}, {"type": "Feature", "geometry": {"type": "Point", "coordinates": [77.54196912425641, 12.977178391873531]}, "properties": {"lst": 37.43, "ndvi": 0.103, "ndbi": 0.169, "risk": "High", "heat_zone": 2, "color": "#e67e22", "city": "Bengaluru"}}, {"type": "Feature", "geometry": {"type": "Point", "coordinates": [77.76642771815284, 12.934260252223805]}, "properties": {"lst": 31.9, "ndvi": 0.114, "ndbi": 0.116, "risk": "High", "heat_zone": 2, "color": "#e67e22", "city": "Bengaluru"}}, {"type": "Feature", "geometry": {"type": "Point", "coordinates": [77.49712872047606, 13.115366124381792]}, "properties": {"lst": 38.32, "ndvi": 0.334, "ndbi": 0.134, "risk": "High", "heat_zone": 2, "color": "#e67e22", "city": "Bengaluru"}}, {"type": "Feature", "geometry": {"type": "Point", "coordinates": [77.64134376009575, 12.833720938454531]}, "properties": {"lst": 35.33, "ndvi": 0.124, "ndbi": 0.173, "risk": "High", "heat_zone": 2, "color": "#e67e22", "city": "Bengaluru"}}, {"type": "Feature", "geometry": {"type": "Point", "coordinates": [77.64767364459048, 13.115434499826968]}, "properties": {"lst": 40.03, "ndvi": 0.107, "ndbi": 0.247, "risk": "Critical", "heat_zone": 3, "color": "#e74c3c", "city": "Bengaluru"}}, {"type": "Feature", "geometry": {"type": "Point", "coordinates": [77.47367266343666, 13.010292539733424]}, "properties": {"lst": 40.06, "ndvi": 0.065, "ndbi": 0.243, "risk": "Critical", "heat_zone": 3, "color": "#e74c3c", "city": "Bengaluru"}}, {"type": "Feature", "geometry": {"type": "Point", "coordinates": [77.52483034374217, 12.995378864710885]}, "properties": {"lst": 42.22, "ndvi": 0.113, "ndbi": 0.243, "risk": "Critical", "heat_zone": 3, "color": "#e74c3c", "city": "Bengaluru"}}, {"type": "Feature", "geometry": {"type": "Point", "coordinates": [77.75739182768325, 13.014882015904664]}, "properties": {"lst": 40.75, "ndvi": 0.064, "ndbi": 0.215, "risk": "Critical", "heat_zone": 3, "color": "#e74c3c", "city": "Bengaluru"}}, {"type": "Feature", "geometry": {"type": "Point", "coordinates": [77.74977533539862, 12.94346876238142]}, "properties": {"lst": 42.99, "ndvi": -0.008, "ndbi": 0.276, "risk": "Critical", "heat_zone": 3, "color": "#e74c3c", "city": "Bengaluru"}}, {"type": "Feature", "geometry": {"type": "Point", "coordinates": [77.70782591364387, 13.08020317629905]}, "properties": {"lst": 36.29, "ndvi": -0.017, "ndbi": 0.201, "risk": "Critical", "heat_zone": 3, "color": "#e74c3c", "city": "Bengaluru"}}, {"type": "Feature", "geometry": {"type": "Point", "coordinates": [77.45640241105401, 12.992218737283078]}, "properties": {"lst": 40.29, "ndvi": -0.028, "ndbi": 0.258, "risk": "Critical", "heat_zone": 3, "color": "#e74c3c", "city": "Bengaluru"}}, {"type": "Feature", "geometry": {"type": "Point", "coordinates": [77.55791223360372, 12.866191849858328]}, "properties": {"lst": 39.75, "ndvi": 0.083, "ndbi": 0.218, "risk": "Critical", "heat_zone": 3, "color": "#e74c3c", "city": "Bengaluru"}}, {"type": "Feature", "geometry": {"type": "Point", "coordinates": [77.65722638266317, 12.870010188697009]}, "properties": {"lst": 41.49, "ndvi": 0.109, "ndbi": 0.196, "risk": "Critical", "heat_zone": 3, "color": "#e74c3c", "city": "Bengaluru"}}, {"type": "Feature", "geometry": {"type": "Point", "coordinates": [77.54081276988525, 12.996426335415812]}, "properties": {"lst": 40.92, "ndvi": 0.142, "ndbi": 0.244, "risk": "Critical", "heat_zone": 3, "color": "#e74c3c", "city": "Bengaluru"}}, {"type": "Feature", "geometry": {"type": "Point", "coordinates": [77.75016360936775, 13.12033676760196]}, "properties": {"lst": 43.6, "ndvi": 0.092, "ndbi": 0.236, "risk": "Critical", "heat_zone": 3, "color": "#e74c3c", "city": "Bengaluru"}}, {"type": "Feature", "geometry": {"type": "Point", "coordinates": [77.6591835224047, 12.925589157719624]}, "properties": {"lst": 38.28, "ndvi": 0.108, "ndbi": 0.234, "risk": "Critical", "heat_zone": 3, "color": "#e74c3c", "city": "Bengaluru"}}, {"type": "Feature", "geometry": {"type": "Point", "coordinates": [77.47372921671443, 13.099557762346356]}, "properties": {"lst": 42.09, "ndvi": 0.021, "ndbi": 0.223, "risk": "Critical", "heat_zone": 3, "color": "#e74c3c", "city": "Bengaluru"}}, {"type": "Feature", "geometry": {"type": "Point", "coordinates": [77.74997184431578, 13.066869631839452]}, "properties": {"lst": 43.12, "ndvi": -0.008, "ndbi": 0.218, "risk": "Critical", "heat_zone": 3, "color": "#e74c3c", "city": "Bengaluru"}}, {"type": "Feature", "geometry": {"type": "Point", "coordinates": [77.76606299719815, 12.90682185730114]}, "properties": {"lst": 45.71, "ndvi": 0.093, "ndbi": 0.316, "risk": "Critical", "heat_zone": 3, "color": "#e74c3c", "city": "Bengaluru"}}, {"type": "Feature", "geometry": {"type": "Point", "coordinates": [77.47564509806928, 12.841265631978036]}, "properties": {"lst": 41.04, "ndvi": 0.071, "ndbi": 0.267, "risk": "Critical", "heat_zone": 3, "color": "#e74c3c", "city": "Bengaluru"}}, {"type": "Feature", "geometry": {"type": "Point", "coordinates": [77.62567887750424, 12.86157265219414]}, "properties": {"lst": 42.65, "ndvi": 0.055, "ndbi": 0.249, "risk": "Critical", "heat_zone": 3, "color": "#e74c3c", "city": "Bengaluru"}}, {"type": "Feature", "geometry": {"type": "Point", "coordinates": [77.55011021313068, 13.055833119492709]}, "properties": {"lst": 38.39, "ndvi": 0.069, "ndbi": 0.224, "risk": "Critical", "heat_zone": 3, "color": "#e74c3c", "city": "Bengaluru"}}, {"type": "Feature", "geometry": {"type": "Point", "coordinates": [77.57963689523886, 12.8918976187926]}, "properties": {"lst": 37.22, "ndvi": 0.066, "ndbi": 0.26, "risk": "Critical", "heat_zone": 3, "color": "#e74c3c", "city": "Bengaluru"}}, {"type": "Feature", "geometry": {"type": "Point", "coordinates": [77.50928490192527, 12.945093985356673]}, "properties": {"lst": 43.69, "ndvi": 0.114, "ndbi": 0.241, "risk": "Critical", "heat_zone": 3, "color": "#e74c3c", "city": "Bengaluru"}}, {"type": "Feature", "geometry": {"type": "Point", "coordinates": [77.64076379366409, 12.985526741461992]}, "properties": {"lst": 41.99, "ndvi": 0.115, "ndbi": 0.221, "risk": "Critical", "heat_zone": 3, "color": "#e74c3c", "city": "Bengaluru"}}, {"type": "Feature", "geometry": {"type": "Point", "coordinates": [77.76613318657213, 13.054895132219553]}, "properties": {"lst": 44.36, "ndvi": 0.077, "ndbi": 0.208, "risk": "Critical", "heat_zone": 3, "color": "#e74c3c", "city": "Bengaluru"}}, {"type": "Feature", "geometry": {"type": "Point", "coordinates": [77.61601395808964, 12.86510167921033]}, "properties": {"lst": 39.25, "ndvi": 0.092, "ndbi": 0.217, "risk": "Critical", "heat_zone": 3, "color": "#e74c3c", "city": "Bengaluru"}}, {"type": "Feature", "geometry": {"type": "Point", "coordinates": [77.47736181186018, 12.955973585636013]}, "properties": {"lst": 43.04, "ndvi": 0.076, "ndbi": 0.093, "risk": "Critical", "heat_zone": 3, "color": "#e74c3c", "city": "Bengaluru"}}, {"type": "Feature", "geometry": {"type": "Point", "coordinates": [77.65460044004755, 12.980372601834237]}, "properties": {"lst": 45.74, "ndvi": 0.027, "ndbi": 0.228, "risk": "Critical", "heat_zone": 3, "color": "#e74c3c", "city": "Bengaluru"}}, {"type": "Feature", "geometry": {"type": "Point", "coordinates": [77.56227358816892, 12.997656389831178]}, "properties": {"lst": 42.84, "ndvi": 0.088, "ndbi": 0.2, "risk": "Critical", "heat_zone": 3, "color": "#e74c3c", "city": "Bengaluru"}}, {"type": "Feature", "geometry": {"type": "Point", "coordinates": [77.73245531256514, 13.083691798832518]}, "properties": {"lst": 42.55, "ndvi": -0.02, "ndbi": 0.284, "risk": "Critical", "heat_zone": 3, "color": "#e74c3c", "city": "Bengaluru"}}, {"type": "Feature", "geometry": {"type": "Point", "coordinates": [77.59344378894444, 12.883220240463398]}, "properties": {"lst": 42.02, "ndvi": 0.103, "ndbi": 0.221, "risk": "Critical", "heat_zone": 3, "color": "#e74c3c", "city": "Bengaluru"}}, {"type": "Feature", "geometry": {"type": "Point", "coordinates": [77.51363707095095, 13.080427750066251]}, "properties": {"lst": 38.86, "ndvi": -0.01, "ndbi": 0.172, "risk": "Critical", "heat_zone": 3, "color": "#e74c3c", "city": "Bengaluru"}}, {"type": "Feature", "geometry": {"type": "Point", "coordinates": [77.51306485548808, 13.044792312585962]}, "properties": {"lst": 44.71, "ndvi": 0.064, "ndbi": 0.218, "risk": "Critical", "heat_zone": 3, "color": "#e74c3c", "city": "Bengaluru"}}, {"type": "Feature", "geometry": {"type": "Point", "coordinates": [77.70369217963798, 13.002319952401676]}, "properties": {"lst": 40.78, "ndvi": 0.008, "ndbi": 0.178, "risk": "Critical", "heat_zone": 3, "color": "#e74c3c", "city": "Bengaluru"}}, {"type": "Feature", "geometry": {"type": "Point", "coordinates": [77.53764390744143, 13.046853639824798]}, "properties": {"lst": 43.01, "ndvi": 0.078, "ndbi": 0.239, "risk": "Critical", "heat_zone": 3, "color": "#e74c3c", "city": "Bengaluru"}}, {"type": "Feature", "geometry": {"type": "Point", "coordinates": [77.70318702007255, 12.957725499075014]}, "properties": {"lst": 38.87, "ndvi": 0.048, "ndbi": 0.232, "risk": "Critical", "heat_zone": 3, "color": "#e74c3c", "city": "Bengaluru"}}, {"type": "Feature", "geometry": {"type": "Point", "coordinates": [77.51794281255297, 12.87290325165012]}, "properties": {"lst": 39.64, "ndvi": -0.03, "ndbi": 0.258, "risk": "Critical", "heat_zone": 3, "color": "#e74c3c", "city": "Bengaluru"}}, {"type": "Feature", "geometry": {"type": "Point", "coordinates": [77.55615650167144, 13.036387224482263]}, "properties": {"lst": 44.87, "ndvi": 0.071, "ndbi": 0.188, "risk": "Critical", "heat_zone": 3, "color": "#e74c3c", "city": "Bengaluru"}}, {"type": "Feature", "geometry": {"type": "Point", "coordinates": [77.60361070090511, 12.992648415072544]}, "properties": {"lst": 41.31, "ndvi": 0.021, "ndbi": 0.221, "risk": "Critical", "heat_zone": 3, "color": "#e74c3c", "city": "Bengaluru"}}, {"type": "Feature", "geometry": {"type": "Point", "coordinates": [77.76125463039884, 13.02820618816826]}, "properties": {"lst": 44.91, "ndvi": 0.094, "ndbi": 0.165, "risk": "Critical", "heat_zone": 3, "color": "#e74c3c", "city": "Bengaluru"}}, {"type": "Feature", "geometry": {"type": "Point", "coordinates": [77.75747137016876, 12.934779622118832]}, "properties": {"lst": 41.84, "ndvi": 0.05, "ndbi": 0.248, "risk": "Critical", "heat_zone": 3, "color": "#e74c3c", "city": "Bengaluru"}}, {"type": "Feature", "geometry": {"type": "Point", "coordinates": [77.51826771888936, 13.11112863897535]}, "properties": {"lst": 38.32, "ndvi": 0.07, "ndbi": 0.241, "risk": "Critical", "heat_zone": 3, "color": "#e74c3c", "city": "Bengaluru"}}, {"type": "Feature", "geometry": {"type": "Point", "coordinates": [77.56821228361022, 13.012084659258427]}, "properties": {"lst": 43.78, "ndvi": 0.002, "ndbi": 0.24, "risk": "Critical", "heat_zone": 3, "color": "#e74c3c", "city": "Bengaluru"}}, {"type": "Feature", "geometry": {"type": "Point", "coordinates": [77.49930179818975, 12.856474770130172]}, "properties": {"lst": 40.82, "ndvi": 0.021, "ndbi": 0.22, "risk": "Critical", "heat_zone": 3, "color": "#e74c3c", "city": "Bengaluru"}}, {"type": "Feature", "geometry": {"type": "Point", "coordinates": [77.61829507617345, 12.969439237118372]}, "properties": {"lst": 43.4, "ndvi": 0.027, "ndbi": 0.237, "risk": "Critical", "heat_zone": 3, "color": "#e74c3c", "city": "Bengaluru"}}, {"type": "Feature", "geometry": {"type": "Point", "coordinates": [77.60199224172925, 13.064470376970528]}, "properties": {"lst": 42.05, "ndvi": 0.093, "ndbi": 0.284, "risk": "Critical", "heat_zone": 3, "color": "#e74c3c", "city": "Bengaluru"}}, {"type": "Feature", "geometry": {"type": "Point", "coordinates": [77.74725085360875, 13.076181714137006]}, "properties": {"lst": 38.91, "ndvi": 0.134, "ndbi": 0.209, "risk": "Critical", "heat_zone": 3, "color": "#e74c3c", "city": "Bengaluru"}}, {"type": "Feature", "geometry": {"type": "Point", "coordinates": [77.75690177467105, 12.983325086356766]}, "properties": {"lst": 42.33, "ndvi": 0.01, "ndbi": 0.226, "risk": "Critical", "heat_zone": 3, "color": "#e74c3c", "city": "Bengaluru"}}, {"type": "Feature", "geometry": {"type": "Point", "coordinates": [77.5765772390324, 13.107371746957703]}, "properties": {"lst": 46.39, "ndvi": 0.104, "ndbi": 0.177, "risk": "Critical", "heat_zone": 3, "color": "#e74c3c", "city": "Bengaluru"}}, {"type": "Feature", "geometry": {"type": "Point", "coordinates": [77.61227352119627, 12.912977215530232]}, "properties": {"lst": 42.99, "ndvi": -0.058, "ndbi": 0.185, "risk": "Critical", "heat_zone": 3, "color": "#e74c3c", "city": "Bengaluru"}}, {"type": "Feature", "geometry": {"type": "Point", "coordinates": [77.74575796221822, 12.957285596143864]}, "properties": {"lst": 41.88, "ndvi": -0.01, "ndbi": 0.224, "risk": "Critical", "heat_zone": 3, "color": "#e74c3c", "city": "Bengaluru"}}, {"type": "Feature", "geometry": {"type": "Point", "coordinates": [77.71621357655587, 13.108565042276382]}, "properties": {"lst": 44.15, "ndvi": 0.002, "ndbi": 0.264, "risk": "Critical", "heat_zone": 3, "color": "#e74c3c", "city": "Bengaluru"}}, {"type": "Feature", "geometry": {"type": "Point", "coordinates": [77.45120658274374, 13.10783958210619]}, "properties": {"lst": 42.42, "ndvi": -0.018, "ndbi": 0.21, "risk": "Critical", "heat_zone": 3, "color": "#e74c3c", "city": "Bengaluru"}}, {"type": "Feature", "geometry": {"type": "Point", "coordinates": [77.55561965618058, 13.042570958335652]}, "properties": {"lst": 42.42, "ndvi": -0.029, "ndbi": 0.211, "risk": "Critical", "heat_zone": 3, "color": "#e74c3c", "city": "Bengaluru"}}, {"type": "Feature", "geometry": {"type": "Point", "coordinates": [77.58918549983892, 13.096283969607889]}, "properties": {"lst": 39.82, "ndvi": 0.071, "ndbi": 0.204, "risk": "Critical", "heat_zone": 3, "color": "#e74c3c", "city": "Bengaluru"}}, {"type": "Feature", "geometry": {"type": "Point", "coordinates": [77.52580637361547, 12.857519712756432]}, "properties": {"lst": 42.47, "ndvi": 0.039, "ndbi": 0.199, "risk": "Critical", "heat_zone": 3, "color": "#e74c3c", "city": "Bengaluru"}}, {"type": "Feature", "geometry": {"type": "Point", "coordinates": [77.51585863324566, 13.098148442624412]}, "properties": {"lst": 44.07, "ndvi": 0.069, "ndbi": 0.232, "risk": "Critical", "heat_zone": 3, "color": "#e74c3c", "city": "Bengaluru"}}, {"type": "Feature", "geometry": {"type": "Point", "coordinates": [77.46246888717658, 12.929392171030573]}, "properties": {"lst": 40.33, "ndvi": 0.085, "ndbi": 0.16, "risk": "Critical", "heat_zone": 3, "color": "#e74c3c", "city": "Bengaluru"}}, {"type": "Feature", "geometry": {"type": "Point", "coordinates": [77.66231200927302, 12.885282768852749]}, "properties": {"lst": 44.85, "ndvi": 0.063, "ndbi": 0.271, "risk": "Critical", "heat_zone": 3, "color": "#e74c3c", "city": "Bengaluru"}}, {"type": "Feature", "geometry": {"type": "Point", "coordinates": [77.53662839585945, 12.904204649266036]}, "properties": {"lst": 41.82, "ndvi": 0.083, "ndbi": 0.193, "risk": "Critical", "heat_zone": 3, "color": "#e74c3c", "city": "Bengaluru"}}, {"type": "Feature", "geometry": {"type": "Point", "coordinates": [77.46727456888233, 12.959570237484304]}, "properties": {"lst": 40.22, "ndvi": 0.047, "ndbi": 0.249, "risk": "Critical", "heat_zone": 3, "color": "#e74c3c", "city": "Bengaluru"}}, {"type": "Feature", "geometry": {"type": "Point", "coordinates": [77.52622317247426, 12.907869521427385]}, "properties": {"lst": 44.0, "ndvi": -0.009, "ndbi": 0.169, "risk": "Critical", "heat_zone": 3, "color": "#e74c3c", "city": "Bengaluru"}}, {"type": "Feature", "geometry": {"type": "Point", "coordinates": [77.71463160443592, 12.929375951665117]}, "properties": {"lst": 41.43, "ndvi": 0.103, "ndbi": 0.247, "risk": "Critical", "heat_zone": 3, "color": "#e74c3c", "city": "Bengaluru"}}, {"type": "Feature", "geometry": {"type": "Point", "coordinates": [77.73099142994336, 12.871843330682209]}, "properties": {"lst": 43.52, "ndvi": 0.021, "ndbi": 0.247, "risk": "Critical", "heat_zone": 3, "color": "#e74c3c", "city": "Bengaluru"}}, {"type": "Feature", "geometry": {"type": "Point", "coordinates": [77.6094118609138, 12.92181479732329]}, "properties": {"lst": 41.42, "ndvi": 0.003, "ndbi": 0.235, "risk": "Critical", "heat_zone": 3, "color": "#e74c3c", "city": "Bengaluru"}}, {"type": "Feature", "geometry": {"type": "Point", "coordinates": [77.58730332123487, 13.00740798250802]}, "properties": {"lst": 41.88, "ndvi": 0.041, "ndbi": 0.18, "risk": "Critical", "heat_zone": 3, "color": "#e74c3c", "city": "Bengaluru"}}, {"type": "Feature", "geometry": {"type": "Point", "coordinates": [77.77269171885558, 12.96697464950823]}, "properties": {"lst": 42.99, "ndvi": 0.004, "ndbi": 0.23, "risk": "Critical", "heat_zone": 3, "color": "#e74c3c", "city": "Bengaluru"}}, {"type": "Feature", "geometry": {"type": "Point", "coordinates": [77.51618633766407, 12.937482815983133]}, "properties": {"lst": 42.58, "ndvi": 0.029, "ndbi": 0.173, "risk": "Critical", "heat_zone": 3, "color": "#e74c3c", "city": "Bengaluru"}}, {"type": "Feature", "geometry": {"type": "Point", "coordinates": [77.52106856334203, 13.061400159945704]}, "properties": {"lst": 38.01, "ndvi": 0.067, "ndbi": 0.21, "risk": "Critical", "heat_zone": 3, "color": "#e74c3c", "city": "Bengaluru"}}, {"type": "Feature", "geometry": {"type": "Point", "coordinates": [77.54631616842201, 13.10698809113193]}, "properties": {"lst": 39.76, "ndvi": 0.067, "ndbi": 0.261, "risk": "Critical", "heat_zone": 3, "color": "#e74c3c", "city": "Bengaluru"}}, {"type": "Feature", "geometry": {"type": "Point", "coordinates": [77.50700991503277, 13.064604659099745]}, "properties": {"lst": 43.86, "ndvi": 0.005, "ndbi": 0.252, "risk": "Critical", "heat_zone": 3, "color": "#e74c3c", "city": "Bengaluru"}}, {"type": "Feature", "geometry": {"type": "Point", "coordinates": [77.57519064740738, 12.93292021765648]}, "properties": {"lst": 41.74, "ndvi": 0.026, "ndbi": 0.221, "risk": "Critical", "heat_zone": 3, "color": "#e74c3c", "city": "Bengaluru"}}, {"type": "Feature", "geometry": {"type": "Point", "coordinates": [77.75057529490662, 13.060777072029644]}, "properties": {"lst": 40.95, "ndvi": 0.104, "ndbi": 0.181, "risk": "Critical", "heat_zone": 3, "color": "#e74c3c", "city": "Bengaluru"}}, {"type": "Feature", "geometry": {"type": "Point", "coordinates": [77.65306478740743, 12.877113856566956]}, "properties": {"lst": 39.28, "ndvi": 0.075, "ndbi": 0.246, "risk": "Critical", "heat_zone": 3, "color": "#e74c3c", "city": "Bengaluru"}}, {"type": "Feature", "geometry": {"type": "Point", "coordinates": [77.58594236104204, 12.8703985763083]}, "properties": {"lst": 39.84, "ndvi": 0.154, "ndbi": 0.221, "risk": "Critical", "heat_zone": 3, "color": "#e74c3c", "city": "Bengaluru"}}, {"type": "Feature", "geometry": {"type": "Point", "coordinates": [77.75835556220851, 12.93714438148121]}, "properties": {"lst": 37.96, "ndvi": 0.109, "ndbi": 0.127, "risk": "High", "heat_zone": 2, "color": "#e67e22", "city": "Bengaluru"}}, {"type": "Feature", "geometry": {"type": "Point", "coordinates": [77.46599319671702, 13.080387734403658]}, "properties": {"lst": 41.8, "ndvi": 0.107, "ndbi": 0.251, "risk": "Critical", "heat_zone": 3, "color": "#e74c3c", "city": "Bengaluru"}}, {"type": "Feature", "geometry": {"type": "Point", "coordinates": [77.51939113870762, 12.906367956645116]}, "properties": {"lst": 40.8, "ndvi": -0.019, "ndbi": 0.219, "risk": "Critical", "heat_zone": 3, "color": "#e74c3c", "city": "Bengaluru"}}, {"type": "Feature", "geometry": {"type": "Point", "coordinates": [77.63674323968358, 12.849608556758591]}, "properties": {"lst": 40.07, "ndvi": 0.088, "ndbi": 0.268, "risk": "Critical", "heat_zone": 3, "color": "#e74c3c", "city": "Bengaluru"}}, {"type": "Feature", "geometry": {"type": "Point", "coordinates": [77.65313236565375, 12.87082995591397]}, "properties": {"lst": 41.86, "ndvi": 0.047, "ndbi": 0.176, "risk": "Critical", "heat_zone": 3, "color": "#e74c3c", "city": "Bengaluru"}}, {"type": "Feature", "geometry": {"type": "Point", "coordinates": [77.46305397716567, 13.09621094024417]}, "properties": {"lst": 42.73, "ndvi": 0.022, "ndbi": 0.093, "risk": "Critical", "heat_zone": 3, "color": "#e74c3c", "city": "Bengaluru"}}, {"type": "Feature", "geometry": {"type": "Point", "coordinates": [77.58300279010936, 13.02647281827166]}, "properties": {"lst": 46.19, "ndvi": 0.058, "ndbi": 0.231, "risk": "Critical", "heat_zone": 3, "color": "#e74c3c", "city": "Bengaluru"}}, {"type": "Feature", "geometry": {"type": "Point", "coordinates": [77.66422080839419, 12.908492360644694]}, "properties": {"lst": 38.98, "ndvi": 0.097, "ndbi": 0.232, "risk": "Critical", "heat_zone": 3, "color": "#e74c3c", "city": "Bengaluru"}}, {"type": "Feature", "geometry": {"type": "Point", "coordinates": [77.68036328031313, 13.002141705851736]}, "properties": {"lst": 44.32, "ndvi": 0.075, "ndbi": 0.152, "risk": "Critical", "heat_zone": 3, "color": "#e74c3c", "city": "Bengaluru"}}, {"type": "Feature", "geometry": {"type": "Point", "coordinates": [77.66058616783037, 12.993549682951858]}, "properties": {"lst": 43.95, "ndvi": 0.006, "ndbi": 0.181, "risk": "Critical", "heat_zone": 3, "color": "#e74c3c", "city": "Bengaluru"}}, {"type": "Feature", "geometry": {"type": "Point", "coordinates": [77.55578586403911, 13.033185153316603]}, "properties": {"lst": 40.44, "ndvi": 0.087, "ndbi": 0.33, "risk": "Critical", "heat_zone": 3, "color": "#e74c3c", "city": "Bengaluru"}}, {"type": "Feature", "geometry": {"type": "Point", "coordinates": [77.48086164078731, 12.9022881418707]}, "properties": {"lst": 42.41, "ndvi": 0.018, "ndbi": 0.208, "risk": "Critical", "heat_zone": 3, "color": "#e74c3c", "city": "Bengaluru"}}, {"type": "Feature", "geometry": {"type": "Point", "coordinates": [77.59094710731839, 13.097964926030263]}, "properties": {"lst": 41.08, "ndvi": 0.061, "ndbi": 0.249, "risk": "Critical", "heat_zone": 3, "color": "#e74c3c", "city": "Bengaluru"}}, {"type": "Feature", "geometry": {"type": "Point", "coordinates": [77.49248896433146, 12.925904254244804]}, "properties": {"lst": 42.37, "ndvi": 0.035, "ndbi": 0.194, "risk": "Critical", "heat_zone": 3, "color": "#e74c3c", "city": "Bengaluru"}}, {"type": "Feature", "geometry": {"type": "Point", "coordinates": [77.76271580731182, 13.045180812732632]}, "properties": {"lst": 45.02, "ndvi": 0.039, "ndbi": 0.136, "risk": "Critical", "heat_zone": 3, "color": "#e74c3c", "city": "Bengaluru"}}, {"type": "Feature", "geometry": {"type": "Point", "coordinates": [77.60680638578746, 12.834998640375389]}, "properties": {"lst": 43.21, "ndvi": 0.088, "ndbi": 0.213, "risk": "Critical", "heat_zone": 3, "color": "#e74c3c", "city": "Bengaluru"}}, {"type": "Feature", "geometry": {"type": "Point", "coordinates": [77.55469552753777, 12.945523710267183]}, "properties": {"lst": 43.02, "ndvi": -0.002, "ndbi": 0.209, "risk": "Critical", "heat_zone": 3, "color": "#e74c3c", "city": "Bengaluru"}}, {"type": "Feature", "geometry": {"type": "Point", "coordinates": [77.70288034346923, 12.93903004356723]}, "properties": {"lst": 41.14, "ndvi": 0.147, "ndbi": 0.204, "risk": "Critical", "heat_zone": 3, "color": "#e74c3c", "city": "Bengaluru"}}, {"type": "Feature", "geometry": {"type": "Point", "coordinates": [77.61432303555215, 12.998480172860734]}, "properties": {"lst": 39.03, "ndvi": -0.041, "ndbi": 0.215, "risk": "Critical", "heat_zone": 3, "color": "#e74c3c", "city": "Bengaluru"}}, {"type": "Feature", "geometry": {"type": "Point", "coordinates": [77.55231122792411, 12.85254824115093]}, "properties": {"lst": 41.58, "ndvi": 0.02, "ndbi": 0.231, "risk": "Critical", "heat_zone": 3, "color": "#e74c3c", "city": "Bengaluru"}}, {"type": "Feature", "geometry": {"type": "Point", "coordinates": [77.71794935498896, 13.074940725855091]}, "properties": {"lst": 44.41, "ndvi": 0.069, "ndbi": 0.214, "risk": "Critical", "heat_zone": 3, "color": "#e74c3c", "city": "Bengaluru"}}, {"type": "Feature", "geometry": {"type": "Point", "coordinates": [77.73616020983037, 12.897512048547949]}, "properties": {"lst": 38.95, "ndvi": 0.079, "ndbi": 0.169, "risk": "Critical", "heat_zone": 3, "color": "#e74c3c", "city": "Bengaluru"}}, {"type": "Feature", "geometry": {"type": "Point", "coordinates": [77.67209269487526, 13.039881722613424]}, "properties": {"lst": 39.89, "ndvi": 0.045, "ndbi": 0.239, "risk": "Critical", "heat_zone": 3, "color": "#e74c3c", "city": "Bengaluru"}}, {"type": "Feature", "geometry": {"type": "Point", "coordinates": [77.46549825939454, 13.07899575820567]}, "properties": {"lst": 42.25, "ndvi": 0.047, "ndbi": 0.142, "risk": "Critical", "heat_zone": 3, "color": "#e74c3c", "city": "Bengaluru"}}, {"type": "Feature", "geometry": {"type": "Point", "coordinates": [77.63688655045496, 13.004181856434869]}, "properties": {"lst": 40.03, "ndvi": 0.071, "ndbi": 0.138, "risk": "Critical", "heat_zone": 3, "color": "#e74c3c", "city": "Bengaluru"}}, {"type": "Feature", "geometry": {"type": "Point", "coordinates": [77.7018873209591, 13.059673794083816]}, "properties": {"lst": 40.41, "ndvi": 0.038, "ndbi": 0.25, "risk": "Critical", "heat_zone": 3, "color": "#e74c3c", "city": "Bengaluru"}}, {"type": "Feature", "geometry": {"type": "Point", "coordinates": [77.49504599398759, 13.035176696786651]}, "properties": {"lst": 41.15, "ndvi": 0.12, "ndbi": 0.24, "risk": "Critical", "heat_zone": 3, "color": "#e74c3c", "city": "Bengaluru"}}, {"type": "Feature", "geometry": {"type": "Point", "coordinates": [77.52546134795692, 12.940214237117123]}, "properties": {"lst": 39.27, "ndvi": 0.092, "ndbi": 0.218, "risk": "Critical", "heat_zone": 3, "color": "#e74c3c", "city": "Bengaluru"}}, {"type": "Feature", "geometry": {"type": "Point", "coordinates": [77.74122338467248, 13.080746147100406]}, "properties": {"lst": 40.05, "ndvi": 0.094, "ndbi": 0.164, "risk": "Critical", "heat_zone": 3, "color": "#e74c3c", "city": "Bengaluru"}}, {"type": "Feature", "geometry": {"type": "Point", "coordinates": [77.45664016821152, 12.921357424664514]}, "properties": {"lst": 43.41, "ndvi": 0.002, "ndbi": 0.192, "risk": "Critical", "heat_zone": 3, "color": "#e74c3c", "city": "Bengaluru"}}, {"type": "Feature", "geometry": {"type": "Point", "coordinates": [77.69839995548257, 13.00707600450297]}, "properties": {"lst": 39.39, "ndvi": 0.046, "ndbi": 0.209, "risk": "Critical", "heat_zone": 3, "color": "#e74c3c", "city": "Bengaluru"}}, {"type": "Feature", "geometry": {"type": "Point", "coordinates": [77.60634518652977, 13.061073299133875]}, "properties": {"lst": 38.8, "ndvi": 0.035, "ndbi": 0.156, "risk": "Critical", "heat_zone": 3, "color": "#e74c3c", "city": "Bengaluru"}}, {"type": "Feature", "geometry": {"type": "Point", "coordinates": [77.59743481241708, 12.947476332041878]}, "properties": {"lst": 40.74, "ndvi": -0.0, "ndbi": 0.19, "risk": "Critical", "heat_zone": 3, "color": "#e74c3c", "city": "Bengaluru"}}, {"type": "Feature", "geometry": {"type": "Point", "coordinates": [77.45234185572332, 12.923857958361404]}, "properties": {"lst": 43.46, "ndvi": 0.068, "ndbi": 0.246, "risk": "Critical", "heat_zone": 3, "color": "#e74c3c", "city": "Bengaluru"}}, {"type": "Feature", "geometry": {"type": "Point", "coordinates": [77.72040141621895, 12.972397263153576]}, "properties": {"lst": 41.61, "ndvi": 0.023, "ndbi": 0.277, "risk": "Critical", "heat_zone": 3, "color": "#e74c3c", "city": "Bengaluru"}}, {"type": "Feature", "geometry": {"type": "Point", "coordinates": [77.56874221721007, 13.083568683248238]}, "properties": {"lst": 41.07, "ndvi": 0.083, "ndbi": 0.203, "risk": "Critical", "heat_zone": 3, "color": "#e74c3c", "city": "Bengaluru"}}, {"type": "Feature", "geometry": {"type": "Point", "coordinates": [77.62845265832918, 13.118275746575156]}, "properties": {"lst": 42.09, "ndvi": -0.004, "ndbi": 0.25, "risk": "Critical", "heat_zone": 3, "color": "#e74c3c", "city": "Bengaluru"}}, {"type": "Feature", "geometry": {"type": "Point", "coordinates": [77.67350922649076, 12.998975857986569]}, "properties": {"lst": 38.51, "ndvi": 0.136, "ndbi": 0.143, "risk": "High", "heat_zone": 2, "color": "#e67e22", "city": "Bengaluru"}}, {"type": "Feature", "geometry": {"type": "Point", "coordinates": [77.68186776022452, 13.035054523650333]}, "properties": {"lst": 42.99, "ndvi": 0.005, "ndbi": 0.246, "risk": "Critical", "heat_zone": 3, "color": "#e74c3c", "city": "Bengaluru"}}, {"type": "Feature", "geometry": {"type": "Point", "coordinates": [77.7654734194126, 13.110014822894064]}, "properties": {"lst": 42.77, "ndvi": 0.061, "ndbi": 0.188, "risk": "Critical", "heat_zone": 3, "color": "#e74c3c", "city": "Bengaluru"}}, {"type": "Feature", "geometry": {"type": "Point", "coordinates": [77.62534218456808, 12.860549523938012]}, "properties": {"lst": 41.18, "ndvi": 0.09, "ndbi": 0.232, "risk": "Critical", "heat_zone": 3, "color": "#e74c3c", "city": "Bengaluru"}}, {"type": "Feature", "geometry": {"type": "Point", "coordinates": [77.58190745182156, 12.901944359138511]}, "properties": {"lst": 44.01, "ndvi": 0.021, "ndbi": 0.21, "risk": "Critical", "heat_zone": 3, "color": "#e74c3c", "city": "Bengaluru"}}, {"type": "Feature", "geometry": {"type": "Point", "coordinates": [77.76472219674227, 13.049759001937993]}, "properties": {"lst": 39.75, "ndvi": 0.093, "ndbi": 0.273, "risk": "Critical", "heat_zone": 3, "color": "#e74c3c", "city": "Bengaluru"}}, {"type": "Feature", "geometry": {"type": "Point", "coordinates": [77.66189637755842, 13.085360783192812]}, "properties": {"lst": 44.26, "ndvi": -0.011, "ndbi": 0.185, "risk": "Critical", "heat_zone": 3, "color": "#e74c3c", "city": "Bengaluru"}}, {"type": "Feature", "geometry": {"type": "Point", "coordinates": [77.54838961757126, 13.09567899878248]}, "properties": {"lst": 42.31, "ndvi": 0.123, "ndbi": 0.245, "risk": "Critical", "heat_zone": 3, "color": "#e74c3c", "city": "Bengaluru"}}, {"type": "Feature", "geometry": {"type": "Point", "coordinates": [77.49173320098318, 12.958683224825029]}, "properties": {"lst": 41.33, "ndvi": 0.051, "ndbi": 0.209, "risk": "Critical", "heat_zone": 3, "color": "#e74c3c", "city": "Bengaluru"}}, {"type": "Feature", "geometry": {"type": "Point", "coordinates": [77.72804298548351, 12.85769536971048]}, "properties": {"lst": 41.96, "ndvi": 0.02, "ndbi": 0.214, "risk": "Critical", "heat_zone": 3, "color": "#e74c3c", "city": "Bengaluru"}}, {"type": "Feature", "geometry": {"type": "Point", "coordinates": [77.56951992892208, 12.965712257962885]}, "properties": {"lst": 41.79, "ndvi": 0.035, "ndbi": 0.213, "risk": "Critical", "heat_zone": 3, "color": "#e74c3c", "city": "Bengaluru"}}, {"type": "Feature", "geometry": {"type": "Point", "coordinates": [77.66795500805027, 12.901527722964186]}, "properties": {"lst": 44.44, "ndvi": 0.09, "ndbi": 0.186, "risk": "Critical", "heat_zone": 3, "color": "#e74c3c", "city": "Bengaluru"}}, {"type": "Feature", "geometry": {"type": "Point", "coordinates": [77.60536941839075, 12.920270901048951]}, "properties": {"lst": 39.85, "ndvi": 0.021, "ndbi": 0.219, "risk": "Critical", "heat_zone": 3, "color": "#e74c3c", "city": "Bengaluru"}}, {"type": "Feature", "geometry": {"type": "Point", "coordinates": [77.51564682733236, 13.069402942619629]}, "properties": {"lst": 40.47, "ndvi": 0.013, "ndbi": 0.217, "risk": "Critical", "heat_zone": 3, "color": "#e74c3c", "city": "Bengaluru"}}, {"type": "Feature", "geometry": {"type": "Point", "coordinates": [77.64855658084475, 12.853413396668024]}, "properties": {"lst": 44.07, "ndvi": 0.039, "ndbi": 0.23, "risk": "Critical", "heat_zone": 3, "color": "#e74c3c", "city": "Bengaluru"}}, {"type": "Feature", "geometry": {"type": "Point", "coordinates": [77.47002541275373, 13.08655017741902]}, "properties": {"lst": 40.81, "ndvi": -0.009, "ndbi": 0.223, "risk": "Critical", "heat_zone": 3, "color": "#e74c3c", "city": "Bengaluru"}}, {"type": "Feature", "geometry": {"type": "Point", "coordinates": [77.5864030117575, 12.962577416605493]}, "properties": {"lst": 43.8, "ndvi": 0.141, "ndbi": 0.252, "risk": "Critical", "heat_zone": 3, "color": "#e74c3c", "city": "Bengaluru"}}, {"type": "Feature", "geometry": {"type": "Point", "coordinates": [77.63038293008901, 13.014779818641184]}, "properties": {"lst": 45.4, "ndvi": 0.022, "ndbi": 0.257, "risk": "Critical", "heat_zone": 3, "color": "#e74c3c", "city": "Bengaluru"}}, {"type": "Feature", "geometry": {"type": "Point", "coordinates": [77.59389550145913, 12.85779219168306]}, "properties": {"lst": 41.2, "ndvi": 0.092, "ndbi": 0.178, "risk": "Critical", "heat_zone": 3, "color": "#e74c3c", "city": "Bengaluru"}}, {"type": "Feature", "geometry": {"type": "Point", "coordinates": [77.69706181783283, 12.934581314290757]}, "properties": {"lst": 43.36, "ndvi": 0.06, "ndbi": 0.255, "risk": "Critical", "heat_zone": 3, "color": "#e74c3c", "city": "Bengaluru"}}, {"type": "Feature", "geometry": {"type": "Point", "coordinates": [77.72321523499996, 12.8578072848946]}, "properties": {"lst": 39.69, "ndvi": 0.001, "ndbi": 0.173, "risk": "Critical", "heat_zone": 3, "color": "#e74c3c", "city": "Bengaluru"}}, {"type": "Feature", "geometry": {"type": "Point", "coordinates": [77.70451021443095, 13.128078554093143]}, "properties": {"lst": 43.51, "ndvi": 0.05, "ndbi": 0.244, "risk": "Critical", "heat_zone": 3, "color": "#e74c3c", "city": "Bengaluru"}}, {"type": "Feature", "geometry": {"type": "Point", "coordinates": [77.46280827277789, 13.08025111129114]}, "properties": {"lst": 42.4, "ndvi": 0.089, "ndbi": 0.245, "risk": "Critical", "heat_zone": 3, "color": "#e74c3c", "city": "Bengaluru"}}, {"type": "Feature", "geometry": {"type": "Point", "coordinates": [77.51406249424717, 12.972486153850504]}, "properties": {"lst": 42.95, "ndvi": 0.041, "ndbi": 0.144, "risk": "Critical", "heat_zone": 3, "color": "#e74c3c", "city": "Bengaluru"}}, {"type": "Feature", "geometry": {"type": "Point", "coordinates": [77.62708047805705, 12.899316789980338]}, "properties": {"lst": 40.71, "ndvi": 0.11, "ndbi": 0.224, "risk": "Critical", "heat_zone": 3, "color": "#e74c3c", "city": "Bengaluru"}}, {"type": "Feature", "geometry": {"type": "Point", "coordinates": [77.75849127334645, 13.119371082627454]}, "properties": {"lst": 38.68, "ndvi": 0.101, "ndbi": 0.201, "risk": "Critical", "heat_zone": 3, "color": "#e74c3c", "city": "Bengaluru"}}, {"type": "Feature", "geometry": {"type": "Point", "coordinates": [77.7255357357672, 12.936824944675362]}, "properties": {"lst": 43.01, "ndvi": 0.096, "ndbi": 0.19, "risk": "Critical", "heat_zone": 3, "color": "#e74c3c", "city": "Bengaluru"}}, {"type": "Feature", "geometry": {"type": "Point", "coordinates": [77.72803638775609, 12.879905173823088]}, "properties": {"lst": 37.87, "ndvi": 0.027, "ndbi": 0.274, "risk": "Critical", "heat_zone": 3, "color": "#e74c3c", "city": "Bengaluru"}}, {"type": "Feature", "geometry": {"type": "Point", "coordinates": [77.55005870394069, 13.004580960420729]}, "properties": {"lst": 41.37, "ndvi": -0.004, "ndbi": 0.194, "risk": "Critical", "heat_zone": 3, "color": "#e74c3c", "city": "Bengaluru"}}, {"type": "Feature", "geometry": {"type": "Point", "coordinates": [77.59171780603597, 13.122569977306894]}, "properties": {"lst": 43.88, "ndvi": 0.019, "ndbi": 0.188, "risk": "Critical", "heat_zone": 3, "color": "#e74c3c", "city": "Bengaluru"}}, {"type": "Feature", "geometry": {"type": "Point", "coordinates": [77.60533296261426, 12.8311873900551]}, "properties": {"lst": 42.38, "ndvi": 0.06, "ndbi": 0.223, "risk": "Critical", "heat_zone": 3, "color": "#e74c3c", "city": "Bengaluru"}}, {"type": "Feature", "geometry": {"type": "Point", "coordinates": [77.50193262250548, 12.90381870140874]}, "properties": {"lst": 45.9, "ndvi": 0.077, "ndbi": 0.247, "risk": "Critical", "heat_zone": 3, "color": "#e74c3c", "city": "Bengaluru"}}, {"type": "Feature", "geometry": {"type": "Point", "coordinates": [77.46025248298068, 13.120918768527227]}, "properties": {"lst": 44.05, "ndvi": -0.059, "ndbi": 0.214, "risk": "Critical", "heat_zone": 3, "color": "#e74c3c", "city": "Bengaluru"}}, {"type": "Feature", "geometry": {"type": "Point", "coordinates": [77.76247795682197, 12.88303664972572]}, "properties": {"lst": 40.69, "ndvi": 0.05, "ndbi": 0.267, "risk": "Critical", "heat_zone": 3, "color": "#e74c3c", "city": "Bengaluru"}}, {"type": "Feature", "geometry": {"type": "Point", "coordinates": [77.52943515326896, 12.865105470008343]}, "properties": {"lst": 42.05, "ndvi": 0.058, "ndbi": 0.241, "risk": "Critical", "heat_zone": 3, "color": "#e74c3c", "city": "Bengaluru"}}, {"type": "Feature", "geometry": {"type": "Point", "coordinates": [77.5291831382288, 13.00675803689794]}, "properties": {"lst": 41.91, "ndvi": 0.036, "ndbi": 0.133, "risk": "Critical", "heat_zone": 3, "color": "#e74c3c", "city": "Bengaluru"}}, {"type": "Feature", "geometry": {"type": "Point", "coordinates": [77.4775150877437, 13.097171585221398]}, "properties": {"lst": 38.84, "ndvi": 0.115, "ndbi": 0.199, "risk": "Critical", "heat_zone": 3, "color": "#e74c3c", "city": "Bengaluru"}}, {"type": "Feature", "geometry": {"type": "Point", "coordinates": [77.75640755814145, 12.977904043485118]}, "properties": {"lst": 40.12, "ndvi": 0.071, "ndbi": 0.198, "risk": "Critical", "heat_zone": 3, "color": "#e74c3c", "city": "Bengaluru"}}, {"type": "Feature", "geometry": {"type": "Point", "coordinates": [77.64131324793013, 13.138314919572204]}, "properties": {"lst": 40.88, "ndvi": 0.116, "ndbi": 0.239, "risk": "Critical", "heat_zone": 3, "color": "#e74c3c", "city": "Bengaluru"}}, {"type": "Feature", "geometry": {"type": "Point", "coordinates": [77.67012216285137, 13.040543226856778]}, "properties": {"lst": 37.93, "ndvi": 0.039, "ndbi": 0.115, "risk": "High", "heat_zone": 2, "color": "#e67e22", "city": "Bengaluru"}}, {"type": "Feature", "geometry": {"type": "Point", "coordinates": [77.75082037279681, 12.85296322123524]}, "properties": {"lst": 42.09, "ndvi": 0.097, "ndbi": 0.322, "risk": "Critical", "heat_zone": 3, "color": "#e74c3c", "city": "Bengaluru"}}, {"type": "Feature", "geometry": {"type": "Point", "coordinates": [77.56405465573727, 13.137777960821412]}, "properties": {"lst": 41.5, "ndvi": 0.132, "ndbi": 0.241, "risk": "Critical", "heat_zone": 3, "color": "#e74c3c", "city": "Bengaluru"}}, {"type": "Feature", "geometry": {"type": "Point", "coordinates": [77.65509741267557, 12.95644721340186]}, "properties": {"lst": 38.65, "ndvi": 0.116, "ndbi": 0.226, "risk": "Critical", "heat_zone": 3, "color": "#e74c3c", "city": "Bengaluru"}}, {"type": "Feature", "geometry": {"type": "Point", "coordinates": [77.46280382006053, 12.9190947854921]}, "properties": {"lst": 42.81, "ndvi": -0.005, "ndbi": 0.267, "risk": "Critical", "heat_zone": 3, "color": "#e74c3c", "city": "Bengaluru"}}, {"type": "Feature", "geometry": {"type": "Point", "coordinates": [77.51163493431628, 13.002942546909145]}, "properties": {"lst": 43.43, "ndvi": 0.037, "ndbi": 0.314, "risk": "Critical", "heat_zone": 3, "color": "#e74c3c", "city": "Bengaluru"}}, {"type": "Feature", "geometry": {"type": "Point", "coordinates": [77.72431111567968, 12.924335353464468]}, "properties": {"lst": 42.45, "ndvi": 0.033, "ndbi": 0.255, "risk": "Critical", "heat_zone": 3, "color": "#e74c3c", "city": "Bengaluru"}}, {"type": "Feature", "geometry": {"type": "Point", "coordinates": [77.70303355759165, 12.856801827207248]}, "properties": {"lst": 41.35, "ndvi": 0.074, "ndbi": 0.258, "risk": "Critical", "heat_zone": 3, "color": "#e74c3c", "city": "Bengaluru"}}, {"type": "Feature", "geometry": {"type": "Point", "coordinates": [77.56571208818086, 12.830442786354546]}, "properties": {"lst": 43.18, "ndvi": 0.084, "ndbi": 0.225, "risk": "Critical", "heat_zone": 3, "color": "#e74c3c", "city": "Bengaluru"}}, {"type": "Feature", "geometry": {"type": "Point", "coordinates": [77.5743475071655, 12.96937083940528]}, "properties": {"lst": 43.36, "ndvi": 0.008, "ndbi": 0.214, "risk": "Critical", "heat_zone": 3, "color": "#e74c3c", "city": "Bengaluru"}}, {"type": "Feature", "geometry": {"type": "Point", "coordinates": [77.62607296307269, 13.089427660890244]}, "properties": {"lst": 42.61, "ndvi": 0.053, "ndbi": 0.201, "risk": "Critical", "heat_zone": 3, "color": "#e74c3c", "city": "Bengaluru"}}, {"type": "Feature", "geometry": {"type": "Point", "coordinates": [77.4500795315461, 13.007417707545324]}, "properties": {"lst": 40.35, "ndvi": -0.051, "ndbi": 0.187, "risk": "Critical", "heat_zone": 3, "color": "#e74c3c", "city": "Bengaluru"}}, {"type": "Feature", "geometry": {"type": "Point", "coordinates": [77.52961063089255, 13.139754262672469]}, "properties": {"lst": 42.55, "ndvi": 0.122, "ndbi": 0.193, "risk": "Critical", "heat_zone": 3, "color": "#e74c3c", "city": "Bengaluru"}}, {"type": "Feature", "geometry": {"type": "Point", "coordinates": [77.51871649684071, 12.918922460150633]}, "properties": {"lst": 44.39, "ndvi": 0.024, "ndbi": 0.166, "risk": "Critical", "heat_zone": 3, "color": "#e74c3c", "city": "Bengaluru"}}, {"type": "Feature", "geometry": {"type": "Point", "coordinates": [77.53265937242742, 12.916941070075618]}, "properties": {"lst": 40.81, "ndvi": 0.053, "ndbi": 0.217, "risk": "Critical", "heat_zone": 3, "color": "#e74c3c", "city": "Bengaluru"}}, {"type": "Feature", "geometry": {"type": "Point", "coordinates": [77.71594892803604, 12.879522332672522]}, "properties": {"lst": 46.2, "ndvi": 0.035, "ndbi": 0.153, "risk": "Critical", "heat_zone": 3, "color": "#e74c3c", "city": "Bengaluru"}}, {"type": "Feature", "geometry": {"type": "Point", "coordinates": [77.54229237266033, 12.880859712362254]}, "properties": {"lst": 40.95, "ndvi": 0.107, "ndbi": 0.228, "risk": "Critical", "heat_zone": 3, "color": "#e74c3c", "city": "Bengaluru"}}, {"type": "Feature", "geometry": {"type": "Point", "coordinates": [77.51320203627655, 12.918407844763117]}, "properties": {"lst": 42.06, "ndvi": -0.092, "ndbi": 0.219, "risk": "Critical", "heat_zone": 3, "color": "#e74c3c", "city": "Bengaluru"}}, {"type": "Feature", "geometry": {"type": "Point", "coordinates": [77.6164069420617, 13.075780414034794]}, "properties": {"lst": 40.66, "ndvi": 0.049, "ndbi": 0.226, "risk": "Critical", "heat_zone": 3, "color": "#e74c3c", "city": "Bengaluru"}}, {"type": "Feature", "geometry": {"type": "Point", "coordinates": [77.735662862003, 13.1107846050973]}, "properties": {"lst": 42.45, "ndvi": 0.045, "ndbi": 0.199, "risk": "Critical", "heat_zone": 3, "color": "#e74c3c", "city": "Bengaluru"}}, {"type": "Feature", "geometry": {"type": "Point", "coordinates": [77.52964540226638, 13.13227702260938]}, "properties": {"lst": 38.52, "ndvi": 0.027, "ndbi": 0.343, "risk": "Critical", "heat_zone": 3, "color": "#e74c3c", "city": "Bengaluru"}}, {"type": "Feature", "geometry": {"type": "Point", "coordinates": [77.47591696012162, 12.9020097927699]}, "properties": {"lst": 40.91, "ndvi": 0.136, "ndbi": 0.274, "risk": "Critical", "heat_zone": 3, "color": "#e74c3c", "city": "Bengaluru"}}, {"type": "Feature", "geometry": {"type": "Point", "coordinates": [77.56761356283039, 13.10320223914037]}, "properties": {"lst": 39.82, "ndvi": 0.006, "ndbi": 0.17, "risk": "Critical", "heat_zone": 3, "color": "#e74c3c", "city": "Bengaluru"}}, {"type": "Feature", "geometry": {"type": "Point", "coordinates": [77.69672510210644, 12.931759077675975]}, "properties": {"lst": 42.27, "ndvi": 0.089, "ndbi": 0.229, "risk": "Critical", "heat_zone": 3, "color": "#e74c3c", "city": "Bengaluru"}}, {"type": "Feature", "geometry": {"type": "Point", "coordinates": [77.63172787974928, 12.864980568800236]}, "properties": {"lst": 43.99, "ndvi": 0.068, "ndbi": 0.196, "risk": "Critical", "heat_zone": 3, "color": "#e74c3c", "city": "Bengaluru"}}, {"type": "Feature", "geometry": {"type": "Point", "coordinates": [77.71954181195953, 13.099707726911252]}, "properties": {"lst": 43.29, "ndvi": 0.113, "ndbi": 0.179, "risk": "Critical", "heat_zone": 3, "color": "#e74c3c", "city": "Bengaluru"}}, {"type": "Feature", "geometry": {"type": "Point", "coordinates": [77.76666540871105, 13.027192746739525]}, "properties": {"lst": 37.26, "ndvi": 0.017, "ndbi": 0.166, "risk": "Critical", "heat_zone": 3, "color": "#e74c3c", "city": "Bengaluru"}}, {"type": "Feature", "geometry": {"type": "Point", "coordinates": [77.71157861732803, 12.881066577785129]}, "properties": {"lst": 46.08, "ndvi": 0.013, "ndbi": 0.237, "risk": "Critical", "heat_zone": 3, "color": "#e74c3c", "city": "Bengaluru"}}, {"type": "Feature", "geometry": {"type": "Point", "coordinates": [77.64925501601844, 12.96324768982903]}, "properties": {"lst": 42.59, "ndvi": 0.105, "ndbi": 0.193, "risk": "Critical", "heat_zone": 3, "color": "#e74c3c", "city": "Bengaluru"}}, {"type": "Feature", "geometry": {"type": "Point", "coordinates": [77.61280272405729, 12.91904988541189]}, "properties": {"lst": 40.45, "ndvi": 0.071, "ndbi": 0.259, "risk": "Critical", "heat_zone": 3, "color": "#e74c3c", "city": "Bengaluru"}}, {"type": "Feature", "geometry": {"type": "Point", "coordinates": [77.46322279849493, 13.05840631630016]}, "properties": {"lst": 42.31, "ndvi": -0.027, "ndbi": 0.26, "risk": "Critical", "heat_zone": 3, "color": "#e74c3c", "city": "Bengaluru"}}, {"type": "Feature", "geometry": {"type": "Point", "coordinates": [77.77482625300864, 12.970559031493524]}, "properties": {"lst": 42.35, "ndvi": 0.023, "ndbi": 0.275, "risk": "Critical", "heat_zone": 3, "color": "#e74c3c", "city": "Bengaluru"}}, {"type": "Feature", "geometry": {"type": "Point", "coordinates": [77.57654877044976, 13.13667678298298]}, "properties": {"lst": 40.67, "ndvi": 0.069, "ndbi": 0.186, "risk": "Critical", "heat_zone": 3, "color": "#e74c3c", "city": "Bengaluru"}}, {"type": "Feature", "geometry": {"type": "Point", "coordinates": [77.50023531059257, 12.846970944500477]}, "properties": {"lst": 42.4, "ndvi": 0.092, "ndbi": 0.239, "risk": "Critical", "heat_zone": 3, "color": "#e74c3c", "city": "Bengaluru"}}, {"type": "Feature", "geometry": {"type": "Point", "coordinates": [77.67001392228083, 12.940054732502237]}, "properties": {"lst": 40.79, "ndvi": 0.016, "ndbi": 0.245, "risk": "Critical", "heat_zone": 3, "color": "#e74c3c", "city": "Bengaluru"}}, {"type": "Feature", "geometry": {"type": "Point", "coordinates": [77.5438151354015, 12.979389051804093]}, "properties": {"lst": 41.19, "ndvi": -0.096, "ndbi": 0.201, "risk": "Critical", "heat_zone": 3, "color": "#e74c3c", "city": "Bengaluru"}}, {"type": "Feature", "geometry": {"type": "Point", "coordinates": [77.64330682940725, 12.98597140197198]}, "properties": {"lst": 40.63, "ndvi": 0.076, "ndbi": 0.189, "risk": "Critical", "heat_zone": 3, "color": "#e74c3c", "city": "Bengaluru"}}, {"type": "Feature", "geometry": {"type": "Point", "coordinates": [77.64363340958872, 12.927940104939548]}, "properties": {"lst": 39.13, "ndvi": -0.011, "ndbi": 0.284, "risk": "Critical", "heat_zone": 3, "color": "#e74c3c", "city": "Bengaluru"}}, {"type": "Feature", "geometry": {"type": "Point", "coordinates": [77.59709084089795, 13.056064477220248]}, "properties": {"lst": 42.29, "ndvi": -0.051, "ndbi": 0.229, "risk": "Critical", "heat_zone": 3, "color": "#e74c3c", "city": "Bengaluru"}}, {"type": "Feature", "geometry": {"type": "Point", "coordinates": [77.72591914312987, 13.101171592781585]}, "properties": {"lst": 43.17, "ndvi": -0.092, "ndbi": 0.245, "risk": "Critical", "heat_zone": 3, "color": "#e74c3c", "city": "Bengaluru"}}, {"type": "Feature", "geometry": {"type": "Point", "coordinates": [77.5374391303133, 13.121002983613138]}, "properties": {"lst": 43.03, "ndvi": 0.091, "ndbi": 0.187, "risk": "Critical", "heat_zone": 3, "color": "#e74c3c", "city": "Bengaluru"}}, {"type": "Feature", "geometry": {"type": "Point", "coordinates": [77.59804875523385, 13.079578946807851]}, "properties": {"lst": 43.64, "ndvi": 0.056, "ndbi": 0.171, "risk": "Critical", "heat_zone": 3, "color": "#e74c3c", "city": "Bengaluru"}}, {"type": "Feature", "geometry": {"type": "Point", "coordinates": [77.62743840243502, 13.093679861165048]}, "properties": {"lst": 42.65, "ndvi": 0.039, "ndbi": 0.197, "risk": "Critical", "heat_zone": 3, "color": "#e74c3c", "city": "Bengaluru"}}, {"type": "Feature", "geometry": {"type": "Point", "coordinates": [77.66899615785321, 13.0006690431922]}, "properties": {"lst": 40.93, "ndvi": 0.119, "ndbi": 0.215, "risk": "Critical", "heat_zone": 3, "color": "#e74c3c", "city": "Bengaluru"}}, {"type": "Feature", "geometry": {"type": "Point", "coordinates": [77.70871071066685, 13.086025350192314]}, "properties": {"lst": 43.68, "ndvi": 0.082, "ndbi": 0.177, "risk": "Critical", "heat_zone": 3, "color": "#e74c3c", "city": "Bengaluru"}}, {"type": "Feature", "geometry": {"type": "Point", "coordinates": [77.58028640334983, 12.924086211835863]}, "properties": {"lst": 39.28, "ndvi": 0.131, "ndbi": 0.22, "risk": "Critical", "heat_zone": 3, "color": "#e74c3c", "city": "Bengaluru"}}, {"type": "Feature", "geometry": {"type": "Point", "coordinates": [77.66319549155187, 12.953528416253857]}, "properties": {"lst": 40.2, "ndvi": -0.02, "ndbi": 0.152, "risk": "Critical", "heat_zone": 3, "color": "#e74c3c", "city": "Bengaluru"}}, {"type": "Feature", "geometry": {"type": "Point", "coordinates": [77.49970161451262, 12.92824303428375]}, "properties": {"lst": 40.07, "ndvi": 0.048, "ndbi": 0.175, "risk": "Critical", "heat_zone": 3, "color": "#e74c3c", "city": "Bengaluru"}}, {"type": "Feature", "geometry": {"type": "Point", "coordinates": [77.75777387317902, 12.974890073988858]}, "properties": {"lst": 44.16, "ndvi": -0.031, "ndbi": 0.247, "risk": "Critical", "heat_zone": 3, "color": "#e74c3c", "city": "Bengaluru"}}, {"type": "Feature", "geometry": {"type": "Point", "coordinates": [77.57640940611893, 12.918529681033975]}, "properties": {"lst": 43.89, "ndvi": 0.039, "ndbi": 0.244, "risk": "Critical", "heat_zone": 3, "color": "#e74c3c", "city": "Bengaluru"}}, {"type": "Feature", "geometry": {"type": "Point", "coordinates": [77.69074206925222, 13.12809954709888]}, "properties": {"lst": 42.97, "ndvi": 0.038, "ndbi": 0.204, "risk": "Critical", "heat_zone": 3, "color": "#e74c3c", "city": "Bengaluru"}}, {"type": "Feature", "geometry": {"type": "Point", "coordinates": [77.45671255702112, 12.926981834681758]}, "properties": {"lst": 44.14, "ndvi": 0.081, "ndbi": 0.179, "risk": "Critical", "heat_zone": 3, "color": "#e74c3c", "city": "Bengaluru"}}, {"type": "Feature", "geometry": {"type": "Point", "coordinates": [77.5177117571586, 12.860393806814391]}, "properties": {"lst": 40.24, "ndvi": 0.052, "ndbi": 0.179, "risk": "Critical", "heat_zone": 3, "color": "#e74c3c", "city": "Bengaluru"}}, {"type": "Feature", "geometry": {"type": "Point", "coordinates": [77.61073723962679, 12.993313321475627]}, "properties": {"lst": 42.7, "ndvi": 0.081, "ndbi": 0.205, "risk": "Critical", "heat_zone": 3, "color": "#e74c3c", "city": "Bengaluru"}}, {"type": "Feature", "geometry": {"type": "Point", "coordinates": [77.73982331435168, 12.847700714318004]}, "properties": {"lst": 41.75, "ndvi": 0.085, "ndbi": 0.246, "risk": "Critical", "heat_zone": 3, "color": "#e74c3c", "city": "Bengaluru"}}, {"type": "Feature", "geometry": {"type": "Point", "coordinates": [77.62399419948373, 12.86426838155566]}, "properties": {"lst": 43.69, "ndvi": 0.158, "ndbi": 0.257, "risk": "Critical", "heat_zone": 3, "color": "#e74c3c", "city": "Bengaluru"}}, {"type": "Feature", "geometry": {"type": "Point", "coordinates": [77.75685725915699, 12.898010710650835]}, "properties": {"lst": 41.77, "ndvi": 0.034, "ndbi": 0.2, "risk": "Critical", "heat_zone": 3, "color": "#e74c3c", "city": "Bengaluru"}}, {"type": "Feature", "geometry": {"type": "Point", "coordinates": [77.60965297587232, 12.973948577463464]}, "properties": {"lst": 41.23, "ndvi": 0.003, "ndbi": 0.174, "risk": "Critical", "heat_zone": 3, "color": "#e74c3c", "city": "Bengaluru"}}, {"type": "Feature", "geometry": {"type": "Point", "coordinates": [77.61184820192287, 12.964307789015798]}, "properties": {"lst": 43.08, "ndvi": 0.062, "ndbi": 0.231, "risk": "Critical", "heat_zone": 3, "color": "#e74c3c", "city": "Bengaluru"}}, {"type": "Feature", "geometry": {"type": "Point", "coordinates": [77.48951644020518, 13.077904477220866]}, "properties": {"lst": 43.75, "ndvi": 0.01, "ndbi": 0.187, "risk": "Critical", "heat_zone": 3, "color": "#e74c3c", "city": "Bengaluru"}}, {"type": "Feature", "geometry": {"type": "Point", "coordinates": [77.71487656057023, 13.059237142704076]}, "properties": {"lst": 40.66, "ndvi": 0.124, "ndbi": 0.199, "risk": "Critical", "heat_zone": 3, "color": "#e74c3c", "city": "Bengaluru"}}, {"type": "Feature", "geometry": {"type": "Point", "coordinates": [77.53149858611414, 12.962158671137118]}, "properties": {"lst": 41.88, "ndvi": 0.036, "ndbi": 0.273, "risk": "Critical", "heat_zone": 3, "color": "#e74c3c", "city": "Bengaluru"}}, {"type": "Feature", "geometry": {"type": "Point", "coordinates": [77.74687212149287, 12.933448304348444]}, "properties": {"lst": 39.88, "ndvi": 0.022, "ndbi": 0.253, "risk": "Critical", "heat_zone": 3, "color": "#e74c3c", "city": "Bengaluru"}}, {"type": "Feature", "geometry": {"type": "Point", "coordinates": [77.75057199270903, 12.928105323059064]}, "properties": {"lst": 37.0, "ndvi": 0.026, "ndbi": 0.226, "risk": "Critical", "heat_zone": 3, "color": "#e74c3c", "city": "Bengaluru"}}, {"type": "Feature", "geometry": {"type": "Point", "coordinates": [77.76129233691847, 13.069938477061145]}, "properties": {"lst": 42.4, "ndvi": 0.086, "ndbi": 0.169, "risk": "Critical", "heat_zone": 3, "color": "#e74c3c", "city": "Bengaluru"}}, {"type": "Feature", "geometry": {"type": "Point", "coordinates": [77.62167606140402, 12.846142445928594]}, "properties": {"lst": 43.22, "ndvi": 0.042, "ndbi": 0.228, "risk": "Critical", "heat_zone": 3, "color": "#e74c3c", "city": "Bengaluru"}}, {"type": "Feature", "geometry": {"type": "Point", "coordinates": [77.67344094897861, 12.833974711348288]}, "properties": {"lst": 42.52, "ndvi": 0.018, "ndbi": 0.263, "risk": "Critical", "heat_zone": 3, "color": "#e74c3c", "city": "Bengaluru"}}, {"type": "Feature", "geometry": {"type": "Point", "coordinates": [77.70691024042036, 13.076618761497262]}, "properties": {"lst": 38.1, "ndvi": 0.133, "ndbi": 0.205, "risk": "Critical", "heat_zone": 3, "color": "#e74c3c", "city": "Bengaluru"}}, {"type": "Feature", "geometry": {"type": "Point", "coordinates": [77.49323482415465, 12.977915376556606]}, "properties": {"lst": 41.3, "ndvi": 0.007, "ndbi": 0.274, "risk": "Critical", "heat_zone": 3, "color": "#e74c3c", "city": "Bengaluru"}}, {"type": "Feature", "geometry": {"type": "Point", "coordinates": [77.64831587434918, 12.870573152951607]}, "properties": {"lst": 37.56, "ndvi": 0.052, "ndbi": 0.272, "risk": "Critical", "heat_zone": 3, "color": "#e74c3c", "city": "Bengaluru"}}, {"type": "Feature", "geometry": {"type": "Point", "coordinates": [77.46131830743009, 12.903025439724296]}, "properties": {"lst": 44.74, "ndvi": 0.083, "ndbi": 0.287, "risk": "Critical", "heat_zone": 3, "color": "#e74c3c", "city": "Bengaluru"}}, {"type": "Feature", "geometry": {"type": "Point", "coordinates": [77.61419680751828, 13.119076225460187]}, "properties": {"lst": 39.83, "ndvi": -0.032, "ndbi": 0.232, "risk": "Critical", "heat_zone": 3, "color": "#e74c3c", "city": "Bengaluru"}}, {"type": "Feature", "geometry": {"type": "Point", "coordinates": [77.50109808493468, 13.09644592244372]}, "properties": {"lst": 44.51, "ndvi": 0.074, "ndbi": 0.243, "risk": "Critical", "heat_zone": 3, "color": "#e74c3c", "city": "Bengaluru"}}, {"type": "Feature", "geometry": {"type": "Point", "coordinates": [77.51036456556749, 13.050033365569432]}, "properties": {"lst": 43.89, "ndvi": -0.003, "ndbi": 0.277, "risk": "Critical", "heat_zone": 3, "color": "#e74c3c", "city": "Bengaluru"}}, {"type": "Feature", "geometry": {"type": "Point", "coordinates": [77.57046569700856, 12.979489821404572]}, "properties": {"lst": 40.2, "ndvi": 0.091, "ndbi": 0.238, "risk": "Critical", "heat_zone": 3, "color": "#e74c3c", "city": "Bengaluru"}}, {"type": "Feature", "geometry": {"type": "Point", "coordinates": [77.59270426501645, 12.99130032411933]}, "properties": {"lst": 39.73, "ndvi": 0.002, "ndbi": 0.2, "risk": "Critical", "heat_zone": 3, "color": "#e74c3c", "city": "Bengaluru"}}, {"type": "Feature", "geometry": {"type": "Point", "coordinates": [77.65564690009562, 13.132325805938027]}, "properties": {"lst": 42.7, "ndvi": 0.085, "ndbi": 0.202, "risk": "Critical", "heat_zone": 3, "color": "#e74c3c", "city": "Bengaluru"}}, {"type": "Feature", "geometry": {"type": "Point", "coordinates": [77.47456137808472, 13.129388837604129]}, "properties": {"lst": 40.31, "ndvi": 0.105, "ndbi": 0.23, "risk": "Critical", "heat_zone": 3, "color": "#e74c3c", "city": "Bengaluru"}}, {"type": "Feature", "geometry": {"type": "Point", "coordinates": [77.61621828120836, 12.89673340419361]}, "properties": {"lst": 42.2, "ndvi": 0.093, "ndbi": 0.168, "risk": "Critical", "heat_zone": 3, "color": "#e74c3c", "city": "Bengaluru"}}, {"type": "Feature", "geometry": {"type": "Point", "coordinates": [77.51026629298353, 13.08144241555465]}, "properties": {"lst": 41.03, "ndvi": 0.063, "ndbi": 0.214, "risk": "Critical", "heat_zone": 3, "color": "#e74c3c", "city": "Bengaluru"}}, {"type": "Feature", "geometry": {"type": "Point", "coordinates": [77.63941180776048, 12.891145226511776]}, "properties": {"lst": 38.44, "ndvi": 0.038, "ndbi": 0.264, "risk": "Critical", "heat_zone": 3, "color": "#e74c3c", "city": "Bengaluru"}}, {"type": "Feature", "geometry": {"type": "Point", "coordinates": [77.66034352204619, 12.896196618144025]}, "properties": {"lst": 37.54, "ndvi": 0.021, "ndbi": 0.132, "risk": "Critical", "heat_zone": 3, "color": "#e74c3c", "city": "Bengaluru"}}, {"type": "Feature", "geometry": {"type": "Point", "coordinates": [77.63371405466245, 13.03958884059102]}, "properties": {"lst": 42.45, "ndvi": 0.124, "ndbi": 0.281, "risk": "Critical", "heat_zone": 3, "color": "#e74c3c", "city": "Bengaluru"}}, {"type": "Feature", "geometry": {"type": "Point", "coordinates": [77.69363751845785, 12.95555034056214]}, "properties": {"lst": 40.88, "ndvi": 0.015, "ndbi": 0.265, "risk": "Critical", "heat_zone": 3, "color": "#e74c3c", "city": "Bengaluru"}}, {"type": "Feature", "geometry": {"type": "Point", "coordinates": [77.5607510505995, 13.118778766203022]}, "properties": {"lst": 40.89, "ndvi": -0.002, "ndbi": 0.202, "risk": "Critical", "heat_zone": 3, "color": "#e74c3c", "city": "Bengaluru"}}, {"type": "Feature", "geometry": {"type": "Point", "coordinates": [77.70248517523893, 12.857593017817765]}, "properties": {"lst": 43.39, "ndvi": 0.083, "ndbi": 0.242, "risk": "Critical", "heat_zone": 3, "color": "#e74c3c", "city": "Bengaluru"}}, {"type": "Feature", "geometry": {"type": "Point", "coordinates": [77.59281313696371, 12.988572948650944]}, "properties": {"lst": 44.35, "ndvi": 0.01, "ndbi": 0.22, "risk": "Critical", "heat_zone": 3, "color": "#e74c3c", "city": "Bengaluru"}}, {"type": "Feature", "geometry": {"type": "Point", "coordinates": [77.60978088444647, 13.114741674437369]}, "properties": {"lst": 41.45, "ndvi": 0.002, "ndbi": 0.269, "risk": "Critical", "heat_zone": 3, "color": "#e74c3c", "city": "Bengaluru"}}, {"type": "Feature", "geometry": {"type": "Point", "coordinates": [77.66387370199615, 13.110275234748649]}, "properties": {"lst": 41.32, "ndvi": -0.022, "ndbi": 0.259, "risk": "Critical", "heat_zone": 3, "color": "#e74c3c", "city": "Bengaluru"}}, {"type": "Feature", "geometry": {"type": "Point", "coordinates": [77.45605826671975, 12.87852405615888]}, "properties": {"lst": 43.0, "ndvi": 0.026, "ndbi": 0.164, "risk": "Critical", "heat_zone": 3, "color": "#e74c3c", "city": "Bengaluru"}}, {"type": "Feature", "geometry": {"type": "Point", "coordinates": [77.66581809306868, 12.9436576870299]}, "properties": {"lst": 39.29, "ndvi": 0.046, "ndbi": 0.243, "risk": "Critical", "heat_zone": 3, "color": "#e74c3c", "city": "Bengaluru"}}, {"type": "Feature", "geometry": {"type": "Point", "coordinates": [77.6541330991938, 13.021927634014476]}, "properties": {"lst": 42.45, "ndvi": 0.062, "ndbi": 0.212, "risk": "Critical", "heat_zone": 3, "color": "#e74c3c", "city": "Bengaluru"}}, {"type": "Feature", "geometry": {"type": "Point", "coordinates": [77.55224954852858, 12.879412414279134]}, "properties": {"lst": 43.1, "ndvi": 0.098, "ndbi": 0.223, "risk": "Critical", "heat_zone": 3, "color": "#e74c3c", "city": "Bengaluru"}}, {"type": "Feature", "geometry": {"type": "Point", "coordinates": [77.47831211401683, 13.13008687333418]}, "properties": {"lst": 43.36, "ndvi": 0.076, "ndbi": 0.191, "risk": "Critical", "heat_zone": 3, "color": "#e74c3c", "city": "Bengaluru"}}, {"type": "Feature", "geometry": {"type": "Point", "coordinates": [77.48000869847131, 13.113572291905577]}, "properties": {"lst": 38.13, "ndvi": 0.04, "ndbi": 0.29, "risk": "Critical", "heat_zone": 3, "color": "#e74c3c", "city": "Bengaluru"}}, {"type": "Feature", "geometry": {"type": "Point", "coordinates": [77.75466383650513, 12.881754555500686]}, "properties": {"lst": 40.48, "ndvi": 0.04, "ndbi": 0.262, "risk": "Critical", "heat_zone": 3, "color": "#e74c3c", "city": "Bengaluru"}}, {"type": "Feature", "geometry": {"type": "Point", "coordinates": [77.67746217600452, 12.867558192990906]}, "properties": {"lst": 40.24, "ndvi": 0.076, "ndbi": 0.19, "risk": "Critical", "heat_zone": 3, "color": "#e74c3c", "city": "Bengaluru"}}, {"type": "Feature", "geometry": {"type": "Point", "coordinates": [77.49194386254435, 12.856476629670562]}, "properties": {"lst": 42.2, "ndvi": 0.114, "ndbi": 0.167, "risk": "Critical", "heat_zone": 3, "color": "#e74c3c", "city": "Bengaluru"}}, {"type": "Feature", "geometry": {"type": "Point", "coordinates": [77.56771864587193, 13.111927535851356]}, "properties": {"lst": 42.96, "ndvi": 0.056, "ndbi": 0.205, "risk": "Critical", "heat_zone": 3, "color": "#e74c3c", "city": "Bengaluru"}}, {"type": "Feature", "geometry": {"type": "Point", "coordinates": [77.64551938798753, 12.890023381036594]}, "properties": {"lst": 44.99, "ndvi": 0.027, "ndbi": 0.237, "risk": "Critical", "heat_zone": 3, "color": "#e74c3c", "city": "Bengaluru"}}, {"type": "Feature", "geometry": {"type": "Point", "coordinates": [77.72573866267992, 12.95904832784875]}, "properties": {"lst": 41.01, "ndvi": 0.0, "ndbi": 0.23, "risk": "Critical", "heat_zone": 3, "color": "#e74c3c", "city": "Bengaluru"}}, {"type": "Feature", "geometry": {"type": "Point", "coordinates": [77.46440810647529, 12.96914392335212]}, "properties": {"lst": 41.0, "ndvi": -0.022, "ndbi": 0.27, "risk": "Critical", "heat_zone": 3, "color": "#e74c3c", "city": "Bengaluru"}}]}