lst,ndvi,ndbi,fvc,latitude,longitude
25.993428306022466,0.47391160456649545,-0.15369112262341794,0.40767667538890956,12.881919600500312,77.7159775414258
24.72347139765763,0.6917861947054775,-0.10452916797649348,0.36483153943836666,12.862416030503665,77.63157475891157
26.295377076201383,0.8122156197012633,-0.2699283786909571,0.4024126747022667,13.027293377358529,77.4643261358421
28.04605971281605,0.7032465260551146,-0.17185153816547147,0.6053641796607839,13.04900747521094,77.65893995394603
24.531693250553328,0.4480630034045986,-0.23253212845609136,0.4050601111168057,12.83979170489595,77.7639631029282
24.53172608610164,0.5515765927133749,-0.2243562691882348,0.7632382064837391,13.120225796335545,77.6485319006483
28.158425631014783,0.7266911149186622,-0.22961969621194347,0.549331790088089,12.846111097931956,77.72033232361085
26.534869458305817,0.5292330534381219,-0.2431995384839908,0.5184836123694874,12.997801863943332,77.74178813290497
24.061051228130097,0.6443819428146228,-0.19757391860275866,0.41416422198187863,13.049808761029784,77.52526632474316
26.08512008717193,0.6774634053429337,-0.2415475058205519,0.5700309879408991,13.100000428361287,77.51997479716972
24.073164614375074,0.5073069528421916,-0.18647715871100806,0.44243621737622263,13.051366948961054,77.65162372632084
24.068540492859487,0.59404746439382,-0.20251190547245687,0.5122009814645362,13.078535705751635,77.58563939503621
25.48392454313207,0.2758732659930927,-0.2119474023433205,0.7560084538268794,12.93522955968827,77.72715422994602
21.173439510684403,0.49756123586657097,-0.2453781831020799,0.490394010027535,13.08259578526142,77.74700763072134
21.550164334973935,0.574743184860684,-0.22883856652841666,0.6149273326285676,12.85483560237925,77.5666290551699
23.875424941518055,0.47522168180351504,-0.1622304387087122,0.42968235748741124,13.107393163378765,77.52816728446159
22.974337759331153,0.7632411303931635,-0.17495414061878098,0.49650115095030384,12.99975363660766,77.70757342003047
25.628494665190548,0.45698586220393667,-0.24887776223992758,0.677080063563551,13.083362308688374,77.54068599173088
23.183951848957577,0.5559955513303017,-0.1950333847285387,0.43730329422122327,12.970218668200673,77.72146272510952
22.175392597329417,0.6130740577286091,-0.16243064383141056,0.6812448557996928,13.029509085510924,77.5898336237041
27.931297537843108,0.7441273289066115,-0.2834702640560686,0.5707751935455475,12.993184824890195,77.67029146676619
24.54844739902693,0.45641378488205603,-0.17283199038100325,0.44375332241057325,13.056792751744153,77.48152665356544
25.13505640937585,0.716316375215496,-0.23313118794729235,0.563240773905552,12.855305294429483,77.65587357714327
22.150503627573087,0.6010233061019586,-0.17147006657034203,0.597255444962673,12.848709146037075,77.59908333398329
23.911234550949636,0.5018491348952049,-0.23816295782712585,0.5621809962217197,12.906602002543146,77.64358079284791
25.22184517941973,0.6462103474263271,-0.29024410503322595,0.3429775280109544,12.87945885083509,77.50544468855581
22.698012845155393,0.619905969557347,-0.28137712189415814,0.42728628241751315,13.100252905643583,77.69316833583159
25.751396036691343,0.5399783122841205,-0.1975957526669309,0.47524813644484953,12.897956336080995,77.73472303558927
23.79872262016239,0.6069802084990019,-0.1870138749139259,0.49255665708999535,13.132518229303932,77.52152413402996
24.416612500413446,0.5614686403138239,-0.24521583125522045,0.5620672097550679,12.934437695449043,77.48158580332165
23.796586775541208,0.6113517345251248,-0.16807037706113132,0.5177701000933254,12.886456553863496,77.45780073339529
28.704556369017876,0.6662130674521046,-0.283076003113448,0.3664655641289899,13.074806537214169,77.66185059514628
24.97300555052413,0.7586016816145352,-0.20330398993236584,0.5380197851005963,13.034199410405272,77.6503410319093
22.8845781420882,0.47621845011731506,-0.26055080998812286,0.5610585745283823,12.984440672100474,77.63041014619564
26.645089824206377,0.8133033374656267,-0.232591805390108,0.555979044793104,13.002162700790667,77.52654254171827
22.558312700057954,0.4047912200477498,-0.1976300664341793,0.6080780725554622,13.052952551264402,77.57899897864883
25.41772719000951,0.5848214904964416,-0.24302066826419763,0.5833922154548904,12.900820969812703,77.64617719061144
21.08065975224045,0.6588317206484576,-0.21922777721149128,0.5459180079228436,13.13886351397759,77.61393306342353
22.34362790220314,0.6280991867735033,-0.14968535953927797,0.4929834288541353,13.132185880265503,77.77596922167092
25.393722471738247,0.5377300480179406,-0.22884459347615746,0.33390390664840086,13.03160096276755,77.49502511834372
26.47693315999082,0.5791877749642724,-0.15821539439674293,0.5429618219132586,12.891858159788034,77.6793977028357
25.34273656237994,0.5506999065341167,-0.2564853427328809,0.5207687687163112,13.040870755153701,77.58342519347441
24.768703435223518,0.5410635243055788,-0.17350979110423587,0.5271578837195373,12.852381506783544,77.59130587292546
24.397792608821423,0.6849602097021025,-0.127921568967105,0.37232514241796905,12.8395022756838,77.6868072626672
22.042956019265144,0.6357015485965047,-0.32358222500636447,0.3918943459591738,12.909881695438477,77.67850392993704
23.560311583210584,0.5307090404739345,-0.23984476277352385,0.6053152853332904,12.973413116589189,77.77711447792173
24.078722458080424,0.6899599875433251,-0.171146393640973,0.4960444846143345,13.099164476676599,77.49237011551986
27.11424445243783,0.6307299520876609,-0.21015226930214964,0.5681500697372625,13.055422411627555,77.48435618429677
25.687236579136922,0.681286211883896,-0.18144270633143456,0.5028318376130461,13.060239021571995,77.68903180965249
21.47391968927453,0.6629628841923612,-0.23019925933579105,0.5029756139495746,12.961902933678903,77.64086768261211
25.64816793878959,0.5171004989077927,-0.19567051062635502,0.5938283805975998,12.93723984768956,77.54047301996474
24.229835439167367,0.543981895980303,-0.20778386176960398,0.4483955271782626,12.945022016525227,77.47620839176636
23.646155999388082,0.6747293605123261,-0.14161089691700965,0.5096120776940983,13.136171364758178,77.47826722236682
26.223352577681737,0.6610370265433465,-0.18727895783493936,0.45377247112949576,12.84243384933787,77.74508298863915
27.0619990449919,0.5979098406035852,-0.1831198668962399,0.45655037725676845,13.09877976379796,77.51331621715718
26.862560238232398,0.6117327383308782,-0.22059384830612339,0.46908278765313605,13.009389376657442,77.55671261549813
23.321564953554724,0.7277664895788425,-0.2243803112036247,0.5222133771633712,12.965970779948773,77.5247966127349
24.381575248297573,0.540842861116417,-0.22162790939098106,0.45212513783365227,13.054829874728693,77.56714878092454
25.662526862807127,0.6547097381170037,-0.18027739288108516,0.6255756125573521,12.980867371841658,77.47290986810621
26.95109025424472,0.5797807347566106,-0.22104922404101315,0.4105392697780496,13.100761203805316,77.62128973099973
24.04165152430942,0.578231879677278,-0.18551125715517935,0.4813128355838641,13.109217577843491,77.47231214598543
24.628682046672367,0.709877685198719,-0.09622996006772806,0.4560268941725825,12.96073348733077,77.71411764758138
22.787330051987944,0.6825416348988029,-0.15644376482841538,0.6446977884353733,12.915816617142866,77.52712498703045
22.60758675183866,0.6813509636000639,-0.21630117660839207,0.5196554776511575,13.013628601863942,77.62820393181948
26.625051644788396,0.7305478807154329,-0.13993930389180276,0.6031844539468635,13.112832637141175,77.74042609889528
27.712480057141647,0.6021003841632759,-0.22040376865107758,0.3514439626963028,12.895305278591756,77.66478953178557
24.855979756839332,0.6681952971294963,-0.3019062267588927,0.5267050265869259,13.02311964090468,77.62587606956194
27.007065795784047,0.5689733243406544,-0.2504043155458702,0.5889630795623437,13.025783668228682,77.55703013852808
25.723272050095268,0.6324166352488442,-0.2935395960512928,0.5082283989275425,13.057265036948738,77.5598906313092
23.70976049078975,0.5869856945632315,-0.21757567420206544,0.6065480375065351,12.870785982389451,77.6709306952154
25.722791211016826,0.6096995964992717,-0.19907908104052244,0.4482711549899628,13.051905739051447,77.77806598920299
28.07607313293194,0.6595157025436913,-0.11617813438623587,0.640934744018558,13.111800081406349,77.6684069326503
24.928347921780098,0.5181779316766527,-0.18365363131179188,0.7298898123619251,12.885701763749775,77.63406852773211
28.129287311628012,0.809238727568546,-0.21095502644044323,0.4637161439560341,12.903638430726403,77.69111466837896
19.76050979182051,0.4993982618500298,-0.15852972094082554,0.4554497478599228,13.131132479152908,77.60351785205363
26.643805008750448,0.47858113872122676,-0.3105567654503943,0.6453384477117701,12.886102855339942,77.46984697305827
25.17409413647634,0.7158110873500068,-0.1882192720945717,0.6579572145730712,13.09485937894457,77.63555794923971
24.401985299068265,0.6791662693962935,-0.16145674030565166,0.44771399728467315,12.98260613549889,77.76601634388678
25.183521553071003,0.6624119817052155,-0.2739293122889921,0.4579813182904143,12.906641633064986,77.50784997097803
21.024862170798215,0.662834550926428,-0.14281229783965355,0.4718215391139493,13.09993246939448,77.67770161397083
24.560656224324976,0.5987753227153085,-0.1830751796252793,0.36555494889657225,12.968044629050826,77.5163081172575
25.714225143023494,0.5102745628514168,-0.22076439569504008,0.4081348053515802,12.989593379718205,77.62682313587612
27.955788089483033,0.6075804558193726,-0.16836090669468576,0.3995859233247932,12.941362344513928,77.48190322838342
23.963459563452705,0.5322838288487888,-0.0864653571097802,0.42322024348958714,13.013814763944827,77.5986224089652
23.383012794213624,0.6975119733417751,-0.19090668724707524,0.4965315112613219,12.880692400501356,77.69953389853544
23.996485912830927,0.5852942618497861,-0.1875889706849832,0.5234214732536521,12.951235276362047,77.56469860299886
26.83080423540415,0.5174502803207488,-0.22296804497701223,0.6550500492814078,13.13051781992394,77.66942086908078
25.65750221931937,0.5678614158347006,-0.2424922184732396,0.4001645959261209,12.91002136413735,77.71249848706061
23.940479592465923,0.6412931454275624,-0.15848320917278774,0.5984322398476584,13.033588366007802,77.75596868042823
26.02653486622671,0.5436275447196025,-0.24280419129544337,0.4786011155774491,12.930808919909655,77.5274318870123
25.19415509869608,0.5177779604433568,-0.19642168813903038,0.4950536290347567,13.069776668962847,77.58177425221707
26.937289981065778,0.6243687211491912,-0.22388287233825585,0.5674819492166604,12.870570834822688,77.50029728439904
23.595893812245293,0.6244966571108722,-0.17605100871268042,0.38772779784377015,13.130644523974349,77.77751955571226
24.344675706804463,0.549305682462887,-0.1833168947356526,0.538240974618405,12.97067475782893,77.75591031941502
24.215783693735684,0.5528961694381677,-0.14812300278710505,0.5166452208213056,12.903175643637404,77.62818585299259
22.072970103735763,0.6232049937357637,-0.22550081994273735,0.5492451264008149,12.852783991672304,77.72787098714421
25.59224055412915,0.45519156585026754,-0.21349374676466856,0.5289168643907818,12.882624950577139,77.62191613249978
25.52211054435978,0.4592536225623445,-0.2489381857891154,0.7455300139910894,12.991129924052366,77.65578327704091
25.01022691328492,0.5281555778747564,-0.2222146630038056,0.4362260015748684,12.934470984693698,77.47941106259829
24.530825733249706,0.5786552848288152,-0.1811349753477574,0.4469003044998182,13.08695384342361,77.69923923876395
22.169258515899173,0.6310907565598004,-0.1621505691677324,0.43768594735752353,12.96357513233516,77.49214544959963
24.15870935446928,0.7475356216949551,-0.2461082662088813,0.4444522880839745,12.907101424502166,77.72260231798333
24.314570966946462,0.6857659623202019,-0.15651970399471699,0.4362612872693482,13.02131494584725,77.70806926893123
23.39544546155676,0.5840061470036573,-0.13221810705975245,0.6189016531107552,13.049100937234488,77.68388575025519
24.67742857666798,0.5980983792097311,-0.17932825483881498,0.6420504247989856,12.881782991449295,77.46193292557318
25.80810171362908,0.4997470635362191,-0.1061602093720967,0.4429253706250524,12.881961957049379,77.55003235746196
28.77237180242106,0.598148686400761,-0.23868945995517865,0.41676444268957713,12.841368142349399,77.53682714807059
25.349155625663677,0.5711341361079861,-0.2622327351655709,0.5471415556386404,13.05828462467035,77.56884501446561
25.51510078144553,0.632271856033809,-0.28893601244521394,0.4447776955719029,13.03577940356276,77.47892210643207
24.851108168467665,0.5172769056447677,-0.12519778442554086,0.5632931817755511,12.977135571482442,77.75919608160025
21.162457569401916,0.6519346514241172,-0.16728171718229712,0.52029230208513,13.091692839180451,77.63275473943509
24.946972249101567,0.7532738913002578,-0.20277923354552277,0.34842558850027683,13.079757747414517,77.55082302251715
25.120460419882054,0.5891239851543142,-0.186001568684009,0.6547505201330062,13.011459852962993,77.58100390063451
29.926484224970572,0.6401711722098942,-0.25627445236491886,0.6795877673095522,13.099164096959111,77.59757683836659
24.615278070437753,0.6690143991711113,-0.07771240101915869,0.4387211309515614,12.893810775111398,77.64819613000901
25.603094684667226,0.5598779528114164,-0.19353894090123863,0.4612298440064016,12.864695082013295,77.62017421113984
24.930576460589513,0.6224092481810417,-0.19453026026975537,0.5285865390724905,12.913622379570267,77.75339935116075
22.662643924760935,0.6012592400781794,-0.1637116688050654,0.5334456789987025,12.847696925387687,77.61399794935893
27.285645629030043,0.6097676098548831,-0.17594953841316435,0.5658544272672831,12.994662553680321,77.7774121448917
26.503866065373547,0.5226990216144534,-0.18880579878604345,0.7010204538766349,13.120347764611438,77.73097023605588
26.582063894086094,0.6024510174258942,-0.2395237227722656,0.4823052772505951,12.842196497607238,77.51880846973792
23.18122509041052,0.6497998291245449,-0.17642658214320023,0.4201702755461546,12.867854073343109,77.7570964208325
27.805588621872197,0.7451143607795041,-0.10589877517624832,0.3620680771985473,12.970181698767865,77.48840091130221
22.19629787441544,0.6959270826085207,-0.1327289976922511,0.42690699600580806,13.11950125543365,77.71975840380209
26.17371418760054,0.8153182457511556,-0.12034066866803016,0.4966873027126203,12.928008392542793,77.57560568684727
29.380911251619956,0.523265243711195,-0.22556078382155928,0.6794557863517787,12.987242790693402,77.73973152574688
23.01892734973862,0.6872320636720678,-0.24948024101292907,0.44823887009638286,12.842887586305622,77.73645870773547
23.867404540794457,0.6183342005738351,-0.20628934600498242,0.5223787951638899,12.875986392298248,77.71595538203881
25.199302730175283,0.8189802933217672,-0.1972137543855653,0.4983577103927248,13.135855338117244,77.71071004398134
23.9930486917676,0.5191701714644849,-0.1452904240764526,0.6188393273448084,13.129186795895174,77.55054411590235
21.898673137867736,0.5160278157819224,-0.284623231485741,0.7526932425873623,12.831531394089668,77.47670336340691
25.137125949612056,0.5400607354555977,-0.12352248402696932,0.4469131227079679,13.125061653481204,77.5829834589925
22.87539257254779,0.3876104275690193,-0.2079003949289495,0.45105605574817775,13.028127180722805,77.50726308994555
25.94718486127036,0.5474244978319238,-0.22134405349737102,0.6044160877069072,13.099054671301207,77.67933385933782
23.161151531532393,0.5240867338446302,-0.2506052187630084,0.5681891489626312,12.970969355246497,77.56421290975747
28.09986881003508,0.6150393786476207,-0.2827428335932885,0.6846707325736033,12.989834768859568,77.77195136628377
23.433493415327526,0.6341755975777159,-0.15884147080190428,0.5583928185325964,12.981542439879645,77.66152078552396
24.35587696758865,0.7876170839215886,-0.19633410164057982,0.46407079092129405,13.036727919839294,77.72141858599934
26.62703443473934,0.6950423838186051,-0.2644980449870527,0.559065483069231,12.873291888974457,77.49373314200481
22.53827136713209,0.5423096344337597,-0.2647539386031808,0.6108703580582908,12.83929181286053,77.73446477914997
25.454919869208258,0.5101585328651642,-0.21678923496450642,0.5820482181197364,12.925458281893269,77.75450987286942
27.614285508564855,0.6491919171506506,-0.11654892373553036,0.5507274031107298,13.04845103644836,77.61073043321025
21.785033530877545,0.46797667929793574,-0.21297956756818026,0.6066674689589154,12.892574570158114,77.65006346945782
25.36926771706461,0.7831458765854353,-0.2751571476559053,0.6169295590445673,13.038764054330725,77.70238723429799
25.519765588496846,0.7179440120721287,-0.21228715320429722,0.6382158991037528,13.130672734293254,77.50769674699593
26.56364574355462,0.5530824347895295,-0.21363617848738353,0.5648709887589642,12.85910922189472,77.61584680523293
22.526098578243836,0.42868654709091225,-0.3348443321470786,0.4832881919683146,13.038506656649789,77.58155879916487
22.359086773831446,0.7353872374165413,-0.20271474332589062,0.5146713686433323,12.967562567984418,77.49830341741354
26.043883131233795,0.5885460154747382,-0.2115467265104339,0.6206508966508357,13.099124098857027,77.57128635935621
25.593969346466373,0.7237816311973462,-0.16518968175932908,0.4183064329012764,12.884916434728689,77.47249686209722
25.500985700691754,0.44055723412056325,-0.10755219525273274,0.5368673308872901,13.044714045190112,77.45851792929334
25.69289641899395,0.5400624977046227,-0.14367174852261214,0.46066611876726393,13.089815739790915,77.49460487542109
23.63995055684302,0.6005243699718182,-0.21344443452774153,0.5028744822934818,13.122830408036947,77.76782798682443
25.464507394322005,0.6046980593764741,-0.2553262954370835,0.6278451862607299,13.041806888769791,77.63134474684536
25.58614494659736,0.5549934528520756,-0.07133200983750698,0.5191099068019903,12.984124176842613,77.76872131318056
23.571297163947264,0.6622849932347499,-0.1970390782992756,0.5046436548156149,13.021532644462377,77.59272429984894
28.731549022289514,0.49323795706174056,-0.1993035354043527,0.3640143859020081,13.099360545188404,77.55289932391814
25.947665841823575,0.5857620514978706,-0.20120625435550019,0.5746253566027221,13.006889021458038,77.61702681473729
22.617393005594703,0.6120295631711898,-0.19009576196160727,0.5645484181141075,12.83941998850602,77.59503885724887
26.31310721726766,0.6514438834058749,-0.20721802059619712,0.716325472330546,13.118594095607163,77.48486934580637
23.050636659545358,0.671161487808889,-0.22868310034401182,0.46922217650469994,13.043753292819785,77.66147268384778
26.574169207484903,0.48753579081621307,-0.22734294706201963,0.521915032766394,13.039719149590947,77.52129260022816
27.317191158014808,0.44658858292643777,-0.20163766351079992,0.5249383683710755,12.896859297243292,77.65446402511628
23.358635363296578,0.7277676821898509,-0.22717123855668825,0.6577453279763474,13.034254495772124,77.66456636049139
26.926752258488644,0.6332314011979592,-0.23564228913385823,0.4904704467613048,12.95209796575279,77.50016820153246
25.825561853872998,0.5251513463443446,-0.19467848861540518,0.5279021525770339,13.031882222882864,77.47024537694652
26.64412031998898,0.7551151975522523,-0.21274886087104278,0.5607896509716539,12.863043839395477,77.70765132340259
28.793585965307894,0.6115674634292858,-0.12480035057086558,0.5186609123156358,13.033932044426942,77.60173413984388
24.50922376799426,0.7179297184063826,-0.3325484904196506,0.4553566385449472,13.139818254988906,77.46919405251681
23.49252767128502,0.6067518481410109,-0.14542465740387692,0.5194089992898308,12.844945732046773,77.77830588466603
23.220971140748954,0.8060747924881987,-0.13769574037511856,0.6073631749859772,13.132923997108609,77.4690675851288
23.368379430069123,0.7755340842443205,-0.3036695116204075,0.39734847005889395,12.95614146782409,77.67936162552333
24.845796581171793,0.5751035851520926,-0.21713437970401744,0.5132969674146876,13.09993356960455,77.77461404533693
25.682303949633287,0.6971570950954356,-0.21857204329978958,0.42998791850608264,13.072539500058065,77.52892943439126
25.55338159866004,0.6645375949585147,-0.2703755847358911,0.6195046628924843,13.005775040905867,77.49694229166678
26.654366498072047,0.7368631557532348,-0.23889083437954378,0.3476813095216225,13.058919254867911,77.49005703000941
25.026003783755815,0.5035076539419895,-0.25552879227329145,0.44410781527284116,13.102339824003419,77.55008079869731
27.907068154314633,0.6686051459998439,-0.11238647782881887,0.537721187506452,12.95528349971182,77.48334511763352
24.47068633352409,0.7058424486849588,-0.15321608034262696,0.6565524029234341,12.931380280084603,77.67841324275906
30.440338333179238,0.42412605135768855,-0.13642224525029206,0.49342497389270124,13.036953949524712,77.47055629338293
26.251334695530012,0.48167414873342246,-0.16391639679783826,0.44448004733068014,13.080432242001791,77.61810930228943
23.285684887167434,0.3960767822239899,-0.2564525885608615,0.688115706944059,13.066308391780751,77.77890996177149
22.858215003877774,0.5730593165555442,-0.2262260133139887,0.3551986099583756,13.077322231146177,77.71861018893699
25.96494483048637,0.6717542255795962,-0.1755312719386041,0.28011940433799176,12.96503082759201,77.65302241461623
24.5530744293483,0.7502357052096028,-0.26110639044459727,0.5440014450053332,13.083528607014257,77.55106369485958
26.428000988184184,0.6074094780419775,-0.1643500784913806,0.4497945775647389,12.867264807164888,77.65588562597624
25.94647524914709,0.7628615545571291,-0.21201626990790676,0.39787671828692867,12.998791620367864,77.62392368309085
24.854342174686256,0.4619898541785108,-0.21874104037747988,0.5708356447299353,12.831785184754418,77.59060751668382
23.30641256386319,0.42966175606448453,-0.16445200158982543,0.5243800713771198,12.930621607269083,77.49313442432427
21.97030555062827,0.5944452301103381,-0.17778683442569804,0.44359213692632715,12.943603075810133,77.74257939102935
24.106970095865957,0.6384065448939307,-0.218048308290954,0.37196956013291055,12.952813534398869,77.59842893411104
26.712797588646943,0.5967305251905907,-0.1420335098317876,0.5872457328280145,13.045594834073858,77.51422542890086
25.42818748826041,0.3932557899960123,-0.25405316637999487,0.5650201177958661,12.950453011393808,77.5713605857895
22.508522442576023,0.5910879960487211,-0.1692032196527868,0.49008241362206173,12.969095023012985,77.58666281833455
25.346361851702365,0.46955304994951463,-0.17034493710158083,0.6846636996047666,12.903638680571042,77.72308750553707
25.770634759457675,0.6669672548830038,-0.21547732196569952,0.39299152336738474,12.945708055405095,77.69209274558527
23.232285127597734,0.6366598246096848,-0.18369334888789413,0.34744748290752614,12.900453584451578,77.70387061490165
25.307450211891055,0.5060120213672644,-0.26255567881926517,0.43080919301187554,12.852690736368217,77.45364031726146
25.116417436892,0.5486133082663306,-0.15379864903965496,0.4954413983644502,13.017069063948227,77.58733081939933
22.714059404338755,0.49407864781110483,-0.20924510682214947,0.5243339449322691,13.037145967552055,77.60884357003965
25.715574720696566,0.5937320902726828,-0.226136151025952,0.475876394214367,13.02204200726298,77.45633345135161
26.12156905273647,0.6955142320501237,-0.14754953870815554,0.5352055396514297,12.973683153578177,77.53573835888587
27.166102486350553,0.5014273953664456,-0.23521718452713797,0.37484605758095557,12.947733591855561,77.70089564163031
27.107604104069807,0.6504046515517844,-0.270423064818178,0.644376460407326,13.097633431367266,77.49524620289057
22.244661264085817,0.5469742381627559,-0.2778314586761952,0.4917848821607431,12.990915353392229,77.62665234337936
23.124349920169756,0.5207127167737655,-0.16969950243271803,0.6117295831588128,12.978546382065216,77.5210166177657
26.03007053441732,0.5892969640045442,-0.26402146762481415,0.5342725346377704,12.837949040399995,77.45399985563249
26.027571901824416,0.49647576775806257,-0.11226029090078177,0.5456753219153784,12.935786826564108,77.52959648100786
26.030095372612095,0.5446350694652817,-0.30409647039418614,0.5569767280232204,12.947860641823615,77.77203833912031
32.705462981309445,0.48021221074111514,-0.1151771815854981,0.5447708560017315,12.953635062078039,77.71450724692139
26.141781021386333,0.7964725132916389,-0.1894491266398691,0.5642722759867544,13.009853434460473,77.76666029262594
27.271131280361196,0.6035263551971728,-0.20483565559351963,0.6329152530132431,12.995416789485333,77.6109918344957
26.908003526986406,0.5300274492007414,-0.2272459543404475,0.519652116970147,13.018450578765968,77.48621294556358
26.302782502611596,0.6213979910734222,-0.18004319428239646,0.5709003757588512,13.06711381107806,77.63082663136132
24.369461510719308,0.588767195030917,-0.20188173512124244,0.4910264305712773,13.08202557900199,77.59994452040479
26.517938440986534,0.5779030400466777,-0.14483490589917394,0.6440117215449472,13.052618153630213,77.72863783730408
23.454349570924855,0.6614166700043425,-0.19428861756689803,0.432360769794073,13.12621234574603,77.4823672516588
24.526362786519982,0.6757507710047305,-0.19248491192690614,0.6800940432910816,12.835652100629671,77.61111957521719
24.02927290434179,0.5469498852389473,-0.2181806106106928,0.49598420493556566,12.8906911755619,77.49951605934902
25.163748278772644,0.542418175935532,-0.20284728118605339,0.3569224897881952,12.832344491243225,77.55714305587372
29.629317133347016,0.5724948302848356,-0.18460991155539705,0.5128104414910789,13.030717161387928,77.69332783553797
21.265469614816503,0.36980788352644145,-0.2855084196328313,0.4318948342525119,13.108389470174496,77.6070859826917
26.372520380749027,0.4484808937801448,-0.2674092711052857,0.5840643548988724,12.905479511938653,77.5740431340981
21.774568257620697,0.7366874267444524,-0.16283679529886425,0.4347376020697609,13.117380708886856,77.58017717192811
24.056136268421135,0.7644967713501284,-0.19145672809360292,0.45538165667852204,12.848682890989764,77.60161743357398
27.177901193934733,0.5750963960443621,-0.20919916681763398,0.31104592690544686,13.11967516830971,77.70905545946623
25.128560038190926,0.6576556963055766,-0.19907830334673035,0.45476936807509233,12.939003033044287,77.74438794735028
22.844510444141388,0.6311250154543536,-0.18262091473191647,0.2576120673371043,12.861440456819258,77.76526044654629
23.569392581480063,0.9078880808455237,-0.2269879840154681,0.34160971765142767,12.980620245347762,77.70967811746425
26.35919549786935,0.7119574911434576,-0.23891523627011566,0.5760414656144297,12.909600735993358,77.55408427559685
23.539266736565725,0.5872082408519234,-0.19020773724511594,0.5785800158650832,12.918310599608196,77.67708445300856
25.43291717916395,0.5044459559399574,-0.2489186388807516,0.5425457561784964,12.92525988912715,77.59440903093828
25.091143679807626,0.4393553679742427,-0.1795873622142764,0.4033023856870787,13.078938028328126,77.5340413052752
23.696799304788367,0.6203463635867222,-0.28512918021189204,0.495228864385802,12.997139995769329,77.72748762121056
29.28788817865065,0.5243649254715697,-0.14854221813371782,0.49963974609094314,12.926505386738361,77.46268069515757
26.267838044636022,0.4577746290402326,-0.17637012587934786,0.38416353108074575,13.019203472826385,77.74758145740469
20.949714826684787,0.5353427115757473,-0.18719851328430623,0.650339830176715,13.05200670900919,77.60228756332616
25.372908629538856,0.4918451996385605,-0.15086545080272432,0.5877362290575672,12.914513440227395,77.66027648734674
23.676427070463223,0.7687141635072565,-0.11672627777687117,0.4779035826170336,12.95820022147286,77.6675867943279
26.704866669592448,0.688163975694945,-0.1492814967490935,0.502688583899453,12.867784688934455,77.74538885443316
23.414958523134597,0.5992027358683383,-0.29204371156658226,0.5208382807947552,12.88615629835575,77.66010099511519
24.7705271170662,0.7479944138890026,-0.2639788483367851,0.2958265131575709,13.041146534729146,77.65259808297083
26.009974557960913,0.6077368307647618,-0.23124092888478395,0.4752822617479403,12.886245887785645,77.47199517338503
26.731510388340244,0.5138715798671736,-0.19869544748945833,0.4318015752002201,12.99280064893679,77.62107464724193
22.59940718588845,0.7523124077269657,-0.17411704897654384,0.3998379990105084,13.049804341133955,77.49955577026962
24.330997528318104,0.6538910043684658,-0.23628719065767328,0.4718899707114045,12.863131846159371,77.6933531436781
24.050109377678087,0.4962753845673543,-0.1906616617761461,0.6797686526849522,13.00586678808496,77.61903323386818
23.693341534852575,0.5809661321916392,-0.23776914661766613,0.564084286126701,12.909534462947423,77.67447516713875
28.530908480562193,0.5124381746615243,-0.23057589014959742,0.4428821010217203,13.12850733132365,77.46375205719879
25.80996342192191,0.4617200269035664,-0.2703330548424111,0.5572582781356159,12.979899150483178,77.47798136529512
29.269356897375783,0.3150085177482497,-0.004418147960266766,0.3821438196292156,12.893653210999108,77.59304583680937
30.369360611729817,0.43426456777661193,-0.018500551494106385,0.5191890750881666,12.979742306243256,77.77907017678797
27.305747420940605,0.3850284587996361,-0.012939803133355118,0.27192768172187876,12.913245464380958,77.63448956403238
28.056771922978697,0.47885839965438903,0.07993235852523585,0.33372023801758033,12.919113116118147,77.55598351036987
32.40082781588885,0.4949908841251801,0.028045972397061938,0.3917396191880762,13.033594379677114,77.52263673754857
28.686211442057207,0.6071650913614891,-0.014774015901458019,0.26854489510766666,13.130246572826968,77.56567177631443
27.90617803463612,0.4463706538570861,0.03484772022553678,0.3859316476454343,13.017127532173406,77.57293598034066
31.073305505054574,0.42606370532657334,-0.0166909744878005,0.5329176132582415,12.85386363479014,77.47267551364891
32.37140830932599,0.4155507441261869,0.05865623187933207,0.40167091906367697,12.85343092029476,77.57195948581084
31.437906621330132,0.371746696575145,0.018482109609904696,0.4184560724574947,13.124941198462126,77.60319871151394
31.992095371611633,0.4270787074769353,-0.005365107200211445,0.2991868187861936,12.922160144995274,77.68850345823881
28.486409822861077,0.37636788718887765,0.02238584629051388,0.35069108735684185,12.858540765685568,77.66672072995813
27.15637866651631,0.4134768781015692,-0.07854380760342497,0.3699842895740851,13.015703822016619,77.68389266622562
33.002667303910975,0.5054078028486368,-0.05633837344549027,0.3745827922595013,13.023331121269983,77.45276001501936
29.354640322315728,0.31947659477762874,-0.05969625031995277,0.5025315036003015,13.031036494236794,77.52183024186158
29.498333967089906,0.4911902848903237,0.0071471547381853386,0.44461528485801,12.912894628635838,77.66835581517195
32.656388283698114,0.5053692053871892,0.0866257499742546,0.31108336344503745,12.834684312106488,77.60971649149931
31.11246001880132,0.3905545178407137,0.11156500730963162,0.41972038227456043,13.129154764530886,77.45175344697056
30.911775544163216,0.23025160807931244,0.03190255507203786,0.43985773987974286,12.907776844164243,77.7154832320025
34.330004689802166,0.3513742410324454,0.02504222374722285,0.49121192308170136,13.03956814929629,77.70502715918582
28.712963539239713,0.5037595637248887,-0.09005288670763695,0.5264432549254698,13.049055259662401,77.63097832378787
31.855680256162476,0.39817055501608944,-0.027133689986701088,0.31879246465377054,13.01910229929464,77.47193289750618
30.11402624979417,0.32005582141640715,-0.03938918759541195,0.33513139910317297,12.927001292206231,77.70294996634576
30.537184557726516,0.3596180063017426,-0.031042379912555804,0.2993937712868307,12.914039838666861,77.64262548395135
33.05693685282506,0.46724960212036426,-0.00840719092923948,0.3812784112714415,13.015277167637839,77.70804679246213
31.015671512579246,0.4437386854561104,-0.02360452888485637,0.4373086699557068,13.098489646419624,77.69807650749063
31.076592158099267,0.3808854320664245,-0.09896499051878939,0.47898676132712814,13.123487455966254,77.7149906837461
32.1450146746196,0.370654047054825,0.03739551280587669,0.3939239181085982,12.862830799365165,77.62094266191353
29.27009454091423,0.36865934807649425,-0.05363715128699033,0.3744121981396125,12.877996869905294,77.49630709100386
28.32158066532199,0.3262071852401198,0.011962343205557478,0.41214063937989925,13.122868240222756,77.6714819662153
27.910381611957934,0.5292300551575554,0.10370413348749868,0.33318856786959816,13.058325920783787,77.65475634906716
26.067286821247997,0.3742143624630928,-0.045969229579321175,0.5671630977355819,13.103728085697231,77.6949435517757
34.112414259880644,0.49737268166603976,-0.1265143761373165,0.27138711783055536,12.892816116581956,77.50606073199674
27.793583268556635,0.5217052841537961,-0.014300211094005541,0.41477924631165797,13.012151620043914,77.5143418159671
29.557492752828455,0.47986487185183685,0.05504798174992856,0.5618884975383711,13.047353274269417,77.74383514068238
29.446373400222157,0.36547037498255613,0.0979173727110297,0.40054398756479986,13.040834684488562,77.69749267348918
30.614813395618203,0.4322984072269288,-0.06147747972262085,0.3847968771998805,12.956527024168677,77.7497154012711
31.631474425078594,0.3980643514887267,0.024834961161826086,0.37140436617516587,12.834772416424306,77.7003760559841
31.72094697671949,0.3277038511415898,-0.02326552283900267,0.3855686654590074,13.010707077609322,77.6470612509768
28.833845122862122,0.42594874253772824,-0.005297417715206783,0.5098278779741224,12.908461477145678,77.6658638032192
29.665756572427178,0.3056768167072158,0.13221716735085173,0.22305104709363946,12.969578816304296,77.7434122149002
30.5651599009766,0.49501435107692515,-0.07514851641975767,0.5226746961037061,13.126850114675984,77.64100622898894
29.502617747632907,0.36283061621612855,0.012686983074728674,0.28608342780398843,12.953700948469155,77.65868913702838
33.21469115203998,0.4160927724698272,0.02338465858827166,0.37866781366124685,13.090338498065973,77.50163731628119
30.9819499032765,0.4226630297236914,0.05428931624696736,0.36566044637610706,12.888447587782268,77.60639400263831
31.469755572099636,0.37928760210367385,0.004899157673544772,0.4470842615816576,13.038462754387758,77.68641104694618
31.325762537334825,0.446935504118022,0.015402526975205118,0.2721500518493002,13.132872155876074,77.5394110904444
32.34694771497065,0.36200770747019806,-0.019582428371089557,0.43697381328655543,12.861586861270611,77.5167438795731
30.362043117407413,0.46970378379657957,0.013456347062255368,0.5619447698629483,12.832579182090429,77.55356284671406
27.406336104088307,0.29232162558026015,-0.017159613774870526,0.2909460796325752,12.96441066571611,77.52969520723764
30.799375903505283,0.41011036636371295,0.031078594492802543,0.41517649340883167,12.858713899745924,77.52092117022201
28.69728621241634,0.5551143199246629,-0.0184805168021817,0.3470414257762713,13.061999148399632,77.59020077814647
28.942766636500487,0.31997349403155406,0.018855019695109325,0.4340709764954429,13.113510085793054,77.74958670958156
31.172728037510186,0.3457804023580119,-0.0014631406842489179,0.40153182219326017,12.964546501539715,77.61732968342378
32.47656614286727,0.4411126279727132,0.05630251253860841,0.34868104727645527,12.910200609068188,77.51201372566906
30.042543153472124,0.41436654255516786,-0.002569686179424312,0.43902978278968596,12.96466502889205,77.4754006508957
30.617666025197927,0.42805040794188476,-0.08865162341034408,0.5443478487829395,13.054268823533501,77.67973152789551
33.404429889270475,0.4391349704118131,0.06309607503569958,0.3847276966618161,12.832806790089915,77.576323592264
30.481506358977136,0.4507777174849416,-0.045286615043130946,0.45758063537185456,13.012730736740256,77.72120421237317
35.20336622836079,0.48877598735649785,-0.032688316932440994,0.2965381633703069,13.020120422315088,77.66763855365146
31.131019291263087,0.432785492554281,-0.029783064702174608,0.3234850898545593,13.027683356537741,77.71275967867865
26.478474481688366,0.38069938763051664,0.06872190465854087,0.4377925022304302,12.905026844794072,77.5397421930081
31.506683242209064,0.4538058960962185,-0.10678371069893478,0.5187292822828772,13.05135634424722,77.67847844441215
30.762316769765555,0.5519905547916173,0.1568874266829997,0.4284490679028528,12.85833136076285,77.53714045494893
32.57950550816549,0.3893893002893941,0.052802840453302594,0.3749553575581477,12.891773804304709,77.7598925982186
31.346362702539917,0.3220376556263487,0.011161945706457984,0.3999433124338683,13.10201571446289,77.66000351290602
29.723088032032454,0.48856645354295786,-0.0027447000308143195,0.2999673812824226,13.059004176725235,77.55708889405787
27.551403527421268,0.39036950688371214,0.014277703742882848,0.4483612261084294,12.834261121743516,77.53893891455645
29.58195348542795,0.22618643631887714,0.026056121418966918,0.47058664498587277,12.906996640714638,77.51300577307364
28.2989590915814,0.46779373417203374,0.03226077929750285,0.36383277337335357,12.896466009727881,77.67923151643492
28.838953100390555,0.3571737451236862,0.027780223300172425,0.3623966281792399,12.913949961691461,77.52217615228932
31.177156808841218,0.39275733741566715,0.004479034062762441,0.4212702583721639,12.906743528786764,77.64645007775607
33.339809008702815,0.42655842644552117,-0.009866921015366306,0.36506242111675236,12.849383151680282,77.53732955888538
30.78934305964596,0.41523997438232535,-0.007563664182675585,0.3947093908299342,12.972271560145014,77.66844975178198
27.60823387592963,0.4567561453711232,-0.009745414017634051,0.5679777431333213,13.057147377183712,77.71893011041838
30.88920533644028,0.3651610903544126,0.05668850484335323,0.3802379439403203,13.018086834662405,77.70674833023774
32.3932629732913,0.44104846385408664,0.029677836114043094,0.37133278783830226,13.038590217265405,77.70108093920716
28.780434191361234,0.3792362657932866,-0.14701943173321402,0.3481966555491873,12.855156245346235,77.51194839387844
29.731965666654165,0.45910483847100025,0.03279503882648805,0.459535357719995,13.124962120154805,77.47916703250489
30.029376389458395,0.4492293987210443,0.009736809735938743,0.3855020661425518,13.089932468491337,77.68065311340084
28.43020337383552,0.3251649038364324,-0.0009354378222948709,0.3480501569342859,13.079577998733656,77.57155458055213
31.296560867687717,0.48687856929400264,-0.019425922654444292,0.505704322581841,13.085124979562949,77.5926742547131
29.758103702784435,0.3571229243908762,0.056205635999300674,0.513568240361091,13.119140257521156,77.46027920062183
30.839064887814054,0.4646446238624916,0.0473763231061429,0.3519661147409036,12.998718729495247,77.53566022826077
28.2250156443958,0.42938298507210726,-0.03864388339118046,0.2506768038911507,12.892087425538964,77.46111321327858
29.12508339935318,0.5470546941436099,0.020352614356226758,0.4806010951869538,13.021202918434287,77.74013130495841
31.444762715655543,0.38212272141025183,-0.0485828367270643,0.3452296139391997,13.060293263037062,77.53032090546212
29.254333695816467,0.37205465631054424,-0.06898090823944653,0.4632500479330215,13.058754391939749,77.63392126595909
33.453927702466814,0.3984464315289814,-0.03133586122949826,0.24239169458305318,12.991649197491734,77.46286317581817
29.200727628770796,0.375745617373258,0.04311967361913794,0.47140778706394476,12.851222202993409,77.67005963913087
30.44936945150377,0.463995352155364,0.047656252268804336,0.3031062456575375,12.94504501091334,77.55659902409886
31.86518166374618,0.270695151325073,0.02565427100486465,0.458461129525322,13.115437648623642,77.74631333169603
27.163268534133937,0.3157054064682917,0.03625478934239986,0.4011418454269148,13.011179162024803,77.74307900234824
26.478382376038446,0.31457576627366457,0.02580891435574792,0.32368484644826845,12.996882902409272,77.55734590405937
26.948687370859812,0.4760246073578861,-0.032074079761147616,0.3674370949658576,12.91334458945848,77.74731709557786
32.52516820685437,0.536849069806554,0.021596127233697034,0.45490547655653607,12.94421916517414,77.7787320322546
28.89628370821511,0.3916440625170023,0.040020476261384115,0.40847155624921877,13.107557287637484,77.72238716916091
35.116398571336504,0.38649426214479915,0.03771456649067872,0.4467530384377988,13.03660354473332,77.72880754475922
28.871504802685223,0.40560417304905455,0.05944566857373215,0.5581152467612389,13.074089978293223,77.532172882916
30.369102606394073,0.4929502642086553,0.03541519236005319,0.2748606710631159,12.970847081150973,77.64031179162306
33.084219905135754,0.3258117492647541,0.017572410377079146,0.5293770059974899,13.025376638031409,77.47219445160924
34.01218577631825,0.41906951861878283,0.05350751191582137,0.40834847500185706,12.906998918710395,77.48132291915115
34.123007153272795,0.4780158103825944,-0.0013260629624530032,0.32809727613414974,13.04869285738788,77.779634561971
32.416732461186285,0.44008753359518765,-0.04409373256138589,0.29357490994088087,12.962556413448034,77.55779095231055
32.048125051622925,0.4151665293278995,-0.008153348197188194,0.38487036873783737,12.96718910959257,77.69690069097612
31.185053898402366,0.48008368740537133,-0.03724513224032246,0.4737320089539568,13.031289920618834,77.71619946749885
31.556722152333275,0.18374141656006104,-0.03375891374871908,0.3897960703697973,13.120246992655368,77.73314767943239
28.897628567342935,0.4542300255624726,-0.007225933535775892,0.5208923944197879,12.849841967448672,77.77921733814271
28.363602233155387,0.3476739453498061,-0.03962099604999807,0.2839059447958753,13.085670403577573,77.52969384013477
29.993251085178095,0.25354936825148344,-0.015398076481952015,0.39903288417231564,12.92063876422778,77.46331577286371
29.659630754950143,0.44089620796199847,-0.09468073334768928,0.2998085244469505,12.967615030896978,77.58569320093821
29.09354390134545,0.5098926836130366,0.010664685368646929,0.42909055060999746,12.836793131920253,77.49292662104355
31.39277489491343,0.3890041188297847,6.0273768111211846e-05,0.47095099120778405,12.923324284128638,77.45740054342347
31.910610417141022,0.47622996377623517,-0.04085443155340954,0.36633905650551574,12.985815685215341,77.56894085295669
30.176813772583696,0.5289822606390917,0.032962283421620255,0.1916628914698293,12.847414583977706,77.70863362285483
32.95506016211053,0.5051931562867238,0.04687850688132792,0.4159158517437196,12.982239676108781,77.63683962810427
27.71662177173299,0.5311971623497115,-0.08037799321844871,0.43493908413868076,13.117404294946112,77.55321673643942
29.612681081440563,0.4593701992857514,-0.038136238928310716,0.4323435803969358,12.862671897613419,77.66593286181259
28.56635535879439,0.4060346911121274,-0.038457117489364916,0.4988625753457724,13.066976625703408,77.52656599950191
26.26692676585388,0.27184273504822654,-0.04699515505544324,0.3143157056280761,12.956998026546557,77.45474587720379
29.8346386283146,0.38031500094960413,0.041473742096587426,0.45441728843603596,13.033103851502545,77.70223661752402
29.756504983233434,0.3325402723747047,-0.009691306938640176,0.495400600998238,12.910673345375422,77.65583521800512
33.02689948648426,0.5736754173998251,-0.013225742065530538,0.25771299327947866,12.87944260138782,77.70155986608532
31.261623369109554,0.3859291350054131,-0.10019311822033768,0.4255721460735182,12.87974341042408,77.46284954550693
27.95162635134159,0.40985638454275886,0.03177090151046132,0.3596656135193863,12.851852503149376,77.72624947718411
33.708185132668376,0.44411883008323744,-0.06196291974267363,0.39347818615186836,12.887550478519385,77.65444364601198
32.442067391050706,0.4034881957097963,0.002996631513316413,0.42781411868306696,13.035908009346581,77.63592046573517
31.164195406937232,0.5356040832344603,0.013868846897909584,0.36102171487091583,13.103324089671489,77.6561226358778
29.547031802300335,0.35018805106124384,0.06803292979193255,0.3459433536670711,13.08237896253326,77.73526297146657
28.08112152655304,0.4155685964189794,-0.06544101995595561,0.402732193399042,13.04239163606109,77.64368904716444
29.255586447857894,0.34060235314415616,-0.15097560779104127,0.3130203248909758,12.864233877657442,77.6417136253631
32.177497239408375,0.29439819910234355,0.009192477237684743,0.31313398968918515,12.919648108351744,77.7769241218317
33.769172611869216,0.3510584727275772,0.09002555907554269,0.4543498626365203,12.926040131349966,77.69972095513263
33.08648705654438,0.39703705623612706,0.06194731764697187,0.30809647718730754,12.907486653383263,77.59595695579888
29.022301156427453,0.36565582203861924,0.01048297076373129,0.453305000072737,12.989651754510014,77.68344101001087
27.760765133421977,0.3446063216100915,-0.02458180928160237,0.4370073034283161,12.9960216826127,77.57844605565829
30.28177249382241,0.2874946029062533,0.04035612983186552,0.2619354616967523,12.940634652303045,77.52552890261956
26.463121268874296,0.39335155418970447,-0.04867730998522343,0.34579482781314763,12.939674639208295,77.64696111937296
30.646335428369564,0.27962237007751983,0.023817888467810966,0.49552875224378984,13.086852235350886,77.7563000923776
29.70479482740266,0.46080447709516825,0.025273507958331345,0.3215067575088255,13.074680782979103,77.7566160416051
29.067926996263516,0.40659518023476027,0.05301049537494399,0.362847659015249,12.925416707821032,77.56282874177481
26.81059386546641,0.2833958800428056,0.13798300194555388,0.4369648714601517,13.11327441760071,77.62413356385316
31.027200213139434,0.37526327383601094,0.019620798358938353,0.4626712407426077,13.125372655270777,77.51983984652806
28.934598320676177,0.3398274875527534,-0.02544818128537494,0.37987688911644035,12.931290188029314,77.77855826613464
27.660166328579425,0.42553396083353445,-0.001278715609599722,0.3521991844246687,12.939871734125846,77.77376890959641
24.2554755734367,0.5072360356818516,-0.08845379524445592,0.5137895889358807,12.986746587560807,77.66433794680346
29.944970189898726,0.24998620242834046,-0.03473565655445291,0.5391119731038063,13.12174745188544,77.71545663969357
33.54450319333949,0.4092020863317934,-0.020464121905655202,0.47830864406254364,13.101659024274117,77.68598305322362
33.32251842909574,0.38718937635466877,-0.026204419896729628,0.40682545140520193,12.861796068400913,77.64574221228303
29.085807486827456,0.45370720611603726,0.0076177436016861,0.3353387422687259,12.95174653041414,77.46760483900634
28.795575879276438,0.41705573025901516,-0.041120996619110034,0.3335644474754748,13.001545068822429,77.60007223304238
30.937548512150048,0.3398424534608945,0.05605153336622357,0.4418011284212606,12.985971066490977,77.67267947971524
28.003229121623416,0.37447568514667057,1.0353245909854693e-05,0.43347185767109475,12.890097551060437,77.67358543258162
30.603583799638933,0.33631793145572086,-0.0004650160569307209,0.5121278874357144,13.096233199062128,77.57313046407938
31.53216055676938,0.4860805710878879,-0.016394735825645892,0.4520360074028912,13.03985164272902,77.76075835559715
32.45386644776862,0.4017049318937554,0.007759534192948957,0.27975357585921456,13.08975159620406,77.50522782063814
29.799691847040094,0.5520952548602406,0.041254913233381735,0.48415580941783354,13.096216926598338,77.61511861725114
29.592652499646068,0.3951471348948304,-0.04335651078554502,0.320155149814847,13.061990314636379,77.67799171226177
28.244034826486878,0.343327458647163,-0.03290582445376283,0.36928229824381187,12.966155286387412,77.6800548159443
28.34623929192028,0.27890284859097386,-0.015186301438833233,0.4200160165001356,13.019269494054782,77.6640508557337
29.547042216196946,0.2557488258995244,-0.06729354617366075,0.5596533991827172,12.879713275897121,77.54084511043912
30.734731013632356,0.27326912455956087,-0.04096289298607489,0.6487934844804288,13.038830079417222,77.50154816766658
31.827169252466497,0.42137013208091867,-0.023811043677232954,0.44853784473089464,12.885568509279178,77.65986030785281
28.39364209863931,0.44069800185839475,0.04371945903563638,0.38534427050236897,13.04512437305815,77.64776969832602
32.985377137919045,0.27350474383742934,0.01312806645009625,0.44276045187844404,12.90117542983373,77.50918748339545
29.457752797914864,0.4716030651260893,0.009679495568377218,0.4710124340699069,12.866440903046568,77.68269591803829
29.957265411303126,0.36135511586532487,0.042544898108398614,0.3743465899554247,12.881238191944316,77.6002067572721
28.50557664170435,0.41174344095884396,-0.006868589419969833,0.5436169084729858,12.830617561917911,77.67036099522905
25.151519479454116,0.528977650260434,0.01952324249644448,0.4184056607353122,13.052809281534595,77.72633113632415
31.7680907927221,0.47174714526924255,-0.005161087646624812,0.4398194471273116,13.057044325208098,77.50601038143039
31.473687794184865,0.3785175481675334,0.013268117469981423,0.45327394016435696,12.989629338473112,77.45631780643896
29.437344885763572,0.328704621966777,-0.029137932880579104,0.4337269288491565,12.88002246832717,77.70710385351062
30.133981434449744,0.22785476789365564,-0.12194085791382146,0.467115240037569,12.855901844628313,77.65120015030037
31.0318784354082,0.3424677344606064,-0.006713958109315208,0.35061974507624616,12.835929979595559,77.6808810579753
26.874908286226916,0.38310958089378444,0.07113740680499701,0.3553358596843176,12.881381934859219,77.72659114174625
28.94189464530741,0.3210256378279053,0.046310770112079624,0.3119876613622644,13.106165215844776,77.71492760849209
31.588529359243655,0.38949944263261566,0.048269874229558536,0.4351600984496181,12.904876420927522,77.76710364848651
27.491421153661502,0.40614815063670145,0.06180653609031089,0.46231492028096915,12.939824111437337,77.6268585760212
30.58711586433326,0.3820115214553537,0.004432879548071872,0.4366218292921509,12.862657100189214,77.61120355877777
27.28683639075319,0.34799979353412325,0.009865785370279781,0.533959394667803,12.898932004471932,77.58262277596394
30.932859964867053,0.4134923737573382,-0.03088259477171751,0.3995523184936763,12.990959616941863,77.5007180441386
29.928717035405032,0.43535525196555275,-0.015803642801352488,0.45349933244740104,13.018403331759652,77.63896038685107
26.76973636818898,0.31276807380457233,0.030788557488557078,0.3126639299088549,12.906059217391526,77.54141413302757
32.329478708914344,0.5128745903797016,0.06019422185844081,0.3690320238020479,12.847896969359786,77.75403147903029
28.5308168464039,0.3921129494172591,-0.006972313784049978,0.45564302060526224,12.951220189429494,77.64245296541145
28.37949512597124,0.40150796983558784,-0.022509463242570582,0.46792816885945154,12.902603044987163,77.64563725956768
30.401138394461885,0.4566571538605246,2.639794282986464e-05,0.37648264418686544,12.898061716201239,77.56712513808941
32.29727469885743,0.41865729050108014,0.030060337446455743,0.39427205985135466,13.127557468841172,77.46715648615265
27.968356362043206,0.47625093071305963,-0.07219274080667709,0.27857010026553525,13.021053150636975,77.46047544257308
30.123359699695943,0.42296993321614595,-0.11480904765686191,0.3714376639354713,13.00263231738335,77.58970059757056
30.857633000661146,0.351005010028765,-0.027526842474579177,0.4712306530815829,12.95889028209223,77.47790657477209
31.386211214526288,0.42892028201648813,-0.061035621295707936,0.4460164012885253,12.962972743363345,77.65025949532824
30.35288311055445,0.3085019034143471,-0.025407009882365546,0.4400532577104968,12.997680551189806,77.74072109186109
29.265944321833356,0.40868477646212187,-0.007389015940873577,0.40398189497447684,13.045893240181194,77.74136188945118
28.34481955870256,0.39734160074844316,-0.02266242045115067,0.40056505269025416,13.047665289816367,77.66748498534363
30.17228776609275,0.38335065141819685,0.07262337672353728,0.34717430884212425,12.88322511138869,77.51970650438606
27.855721976028786,0.38971699908488555,0.016337238230116003,0.4559062736162028,12.985034953143755,77.73478895434843
24.157299033010787,0.2494520763601889,0.015023717980541418,0.4336778355511512,12.957707009460572,77.74241083365337
30.873119608315335,0.3561020073807231,0.0311103572021701,0.43936150783942396,13.099863359543509,77.51489568303448
31.80786968217239,0.4074275920912892,-0.05694165588903846,0.3579172125865936,13.025739865577696,77.69335060830433
25.274135128916324,0.41278851135979205,0.05195558937101344,0.22773256641030046,12.995076260588954,77.54455145114595
27.980538590580124,0.31778598872592334,-0.0037882143267729943,0.4877722169402957,12.865772339075464,77.71487130307646
31.238308522010396,0.5012566272691761,0.03352403086206063,0.3616930035193277,13.017747745690258,77.7790885069682
34.1149909394234,0.33070601214283996,-0.05359286165200777,0.33097793887655036,12.866333210760873,77.4599085817587
30.041587415350815,0.47755657604213897,-0.07768793830080323,0.4554783129531195,12.934534038425383,77.746130735711
28.543994117541732,0.4341755489497348,0.04089448290125144,0.36863898880646967,12.874281009092442,77.65546807608756
29.634207117790318,0.34830181521249576,0.018820476304875832,0.48479491072372977,13.044542830577555,77.7712162643244
32.74975283829637,0.542024871408761,-0.04510257771787552,0.4493604759661358,12.893938155289208,77.60345314078373
28.70807164175093,0.30450905345948165,-0.04348315406373472,0.4546855458560382,12.951476405688288,77.72963801708856
28.401615986699493,0.4735323338888001,0.05627173922073847,0.29072354310395726,13.107659181061821,77.47059004263744
29.034512955635936,0.48004658544343826,-0.059470594643366397,0.49695551883091205,12.89333807885368,77.56064208652585
28.093342783482576,0.3463503832738684,0.08213364766279818,0.4209000424987085,12.987419569827221,77.4721154574579
30.245340631989592,0.5113972240051463,-0.04503103673239344,0.37045782886030376,12.959974214961466,77.7718632340481
33.24935691693912,0.3799962788320838,0.03191959628041915,0.4114710773873801,12.835618452724177,77.71960138939971
30.64615854623206,0.4230954903423886,-0.01643092378744923,0.25790118136813445,13.075755015207573,77.73134064901117
29.495292995747423,0.4208257471016977,0.030159371554117156,0.4326922249184537,12.851404230957526,77.75952852637319
29.41637746216891,0.3892553006823562,-0.02720570010570963,0.3176502793454343,12.977019056502856,77.47808415041953
26.873618382606686,0.4648646618527826,-0.00813964530361471,0.29178637713251726,13.003810271431075,77.5772472055294
31.766219554294317,0.46347909764417705,0.0020459587697860566,0.2782112651025687,13.024812201550523,77.47344151338453
29.844325605974397,0.26011744214094557,-0.05010937278907364,0.48901506999919403,13.043475805085443,77.51956172351152
29.63904017281875,0.5043472194302522,0.037041217271006295,0.3496589285045769,12.908514438892041,77.52569070642244
36.386215135689724,0.26700064095714604,-0.025660678323579263,0.52269821679332,12.833093420764119,77.6048053796457
30.597505816731374,0.4826036963473326,-0.01142999576700093,0.3571358829558162,13.054267535330023,77.53862551525971
28.496417899809632,0.4901364109462067,-0.04971746873042562,0.26341136339256427,12.99605354579775,77.48332277524986
29.147284807588914,0.31272268558278415,-0.12811668293976552,0.3106780448041073,13.089196487994247,77.50527205940107
32.29689141839351,0.36713485696363324,-0.009551388130008451,0.4988649296005551,13.084630392499216,77.49860093597219
30.226540821075528,0.31154362652112516,0.1206307710806458,0.3875281457650666,13.091431112014245,77.77111534331107
27.123444043365268,0.3828063175769012,0.039230214394901194,0.35613701628075195,12.980379344593658,77.7005665272831
31.838457869150407,0.37535725726514074,-0.000963018986719732,0.41280145806822305,12.933424802709428,77.76936128353896
28.66371182892201,0.4623728425815472,-0.013144541460413384,0.4401426188934036,13.075383042803326,77.59511436054761
33.74659555243509,0.5048246996895687,0.001123294640602319,0.4893919052721969,12.96990117503907,77.54186159894869
32.1600961314293,0.5116547048631965,0.0273559557587605,0.5158799383914341,12.886867080885064,77.71343675507903
29.105356208682498,0.3550265578737358,-0.05904064076544224,0.37121850833687314,13.095041946064057,77.55766379295358
32.562032723470224,0.3832622501004378,0.05571608473344361,0.293916185113437,13.103593561799428,77.54879651332277
30.135711021054806,0.26532494462232403,0.0357690657720622,0.3669227871101379,12.974556024403453,77.52672697742858
31.705547350244437,0.33553039468030493,0.035909286285396726,0.4208224405266309,12.853466915466035,77.492794062814
30.96946563458895,0.47718813064779664,0.021923786940486367,0.32289928590315115,12.950226087874249,77.53463281013553
28.307286690018252,0.5292466258838586,0.0009808328846994951,0.3234279268083966,13.079096674433407,77.56725551699638
28.712900335365077,0.30125209024960625,0.033643061798341,0.42750303052399086,13.109549948849331,77.67241808868809
32.059921635162326,0.35260285926776846,0.029590706687068903,0.39610781187436395,12.893076550174255,77.47064639793243
29.33044933578692,0.39788753944328586,-0.01770203554705119,0.40262375963292696,12.850761819727834,77.51946729008957
29.192703073516007,0.4224128927055686,-0.02868008864484505,0.33932037322399444,13.10197864047118,77.71697780129625
28.089754841301293,0.3352317184062683,0.005092814763099335,0.3815679428635386,12.950715531083452,77.49848423478265
30.84719813118692,0.4339248835571272,0.07745100757475937,0.3260613484585357,12.997945898922945,77.56307289835243
34.12504983848629,0.36209285223432675,-0.061955353782695045,0.47121587288998296,13.130100401735735,77.73533744421319
27.864934171491456,0.3988438183297377,-0.073376263287622,0.48281994677790024,12.850635065653409,77.50112535267733
30.048438913345517,0.443702739840296,0.008238042061825837,0.2523049710209525,13.03097858231015,77.477303155754
32.82444111083086,0.40051378158487505,0.0025443850928009034,0.3256391311846072,12.852972680998208,77.6098975383764
29.84071721750857,0.3650891287578745,0.008667083218520411,0.2802776595927937,12.946395367824616,77.54979843872192
30.904743592499468,0.39123121568593355,0.012197659895425013,0.3479980852474482,13.07918250900997,77.63592476027968
35.28074065509507,0.23403919465921844,0.04233247447020203,0.13330518502918692,12.918097131670637,77.63242890898705
36.60221467838348,0.29577975389161826,0.1568657271182365,0.19785046527761224,12.919580242725528,77.694418981752
36.36766903264501,0.09026610422156273,0.11692764381429571,0.16811272691844711,12.946886718610527,77.61005593588294
41.386067327960994,0.14324471980579628,0.05310372117318006,0.10592843447807267,12.951929407819408,77.4781829999537
36.69960004913582,0.17691610432994362,0.11083124877023096,0.2208025986562952,12.99881215064295,77.7709122587092
33.99189080631598,0.13729971831004573,0.04871236581798614,0.3506933930950654,12.879562726643597,77.62094344235412
35.809071505821855,0.3387949260669447,0.15504106992113026,0.08959533532965484,13.044286465773657,77.65268146062527
32.447507333067094,0.13145823249385657,0.15306854824365668,0.19806316333703178,12.881945627184397,77.52808122829347
35.83880050140648,0.1555562576410507,0.12660030994109717,0.23843257610448643,12.92619562945241,77.60955436808524
34.333887885998486,0.21635112252823815,0.11808305306235084,0.20738469209937088,12.986036990487909,77.59161933234626
37.83078055112033,0.1038280379139129,0.1880594062433687,0.1932123168490556,13.07689657407228,77.47471562786066
34.90091945080893,0.1683455430594989,0.09998431636941127,0.12204701819325056,13.059235462304006,77.48503291667066
35.76646816840951,0.22539626090001402,0.040906293728959944,0.21396720457640983,13.030115650487263,77.72636593147419
34.728884317191195,0.1733711676493991,0.12247369564161535,0.15459416137904441,12.878289710779853,77.52914058422817
39.47770270370666,0.19252905128800415,0.2043023524768557,0.06860469770128683,12.99958405714083,77.51433622959455
35.357514467764176,0.15765343100413035,0.049262025340707394,0.27167553323082383,12.857108415557965,77.61662077891255
39.665114086958404,0.07884237526553865,0.08192686166530072,0.25750314919052253,12.946982584806962,77.70368655334963
37.628303524236536,0.2257274569071391,0.12082230190507263,0.2030996586110648,12.958190124389887,77.47044235113107
36.96413345467077,0.34039464573177936,0.09730475754971304,0.21374448129234216,12.842341546228184,77.64034661348063
36.73746629463504,0.20147213046267506,0.050884820981134275,0.2644590807629337,12.914936310835692,77.4893394461374
36.787594596432506,0.21802112937980397,0.15609289281152355,0.21346037940668497,13.126251334852613,77.46203214677246
32.14465484130878,0.2554178204093488,0.216002036100863,0.25424105328567886,13.125626108427204,77.46740550421353
35.442233211698486,0.09845356027626408,0.10980657295119538,0.182151067947569,12.939221386818287,77.72527415570879
37.69031594236864,0.3362011726503684,0.05479658551319999,0.2787190243144368,12.84336103377398,77.48893091959727
35.902205633051786,0.21618630371382416,0.022551973747326245,0.21924714355596103,12.885519431191737,77.46489995025605
33.18962030639285,0.33054855192712873,0.11289879906105905,0.21164311661635246,12.951587515964398,77.59450696275717
35.89519109884506,0.14135736035808086,0.1551938671658129,0.12379633467727809,13.123811706370462,77.72851784574087
39.408211032510984,0.34544495380462603,0.12375838732476908,0.21721735125810254,12.873771709696527,77.53659476424147
38.49378343106944,0.26201243952278264,0.09987980795405732,0.15008270495033293,13.066689911537146,77.58916516378355
35.87599198126794,0.24424320686818868,0.0705364174105347,0.16170303640829037,12.863691587206155,77.46317443574604
37.90289855411617,0.21872195634825184,0.04539181836409552,0.15107746230103275,13.134189848991296,77.59819590966451
35.2669859592639,0.18011771055404407,0.14173756631624412,0.1360259040860465,12.948301114723833,77.64061231661026
32.59225682634656,0.2960425326779098,0.1456885810692793,0.32748628418101766,13.070322707058708,77.63839932773821
34.15106802374089,0.21122878958784377,0.022713510665463343,0.2798803437193042,12.936203235671451,77.55970080841755
39.1257775370164,0.042634423713027836,0.1794919489090342,0.3152220501286557,13.02457735191923,77.55412594961884
35.45201383634139,0.11062508306343982,0.12870356104470007,0.12662629882666618,12.88952498626941,77.48518579424908
35.513232041249964,0.18513233982458022,0.16997973225728968,0.20427522499465356,12.875266515982059,77.57104344581327
35.40032360745024,0.22479991865324442,0.03289361257574425,0.12238954248775427,13.120799883266121,77.48283324072808
39.80827317914601,0.19547292088800836,0.03170879222922805,0.15825830736817617,13.114470656150376,77.70297666175497
39.251917830724125,0.29751766318349304,0.09255153451163516,0.14491238099500553,13.105115371465994,77.7688705182569
40.437560466896265,0.04391185087691002,0.12513922134475972,0.2743750403864937,13.023884369551645,77.77012457070002
35.681909579199896,0.21148703492041282,0.1898180411463482,0.17622621931389443,13.080563145477047,77.73547346279388
36.59124897749419,0.05456166196902762,0.1353039456907566,0.264102760021641,12.851401450442527,77.64826140928207
32.96671490115842,0.2607769836387335,0.08786593615939833,0.23624725337531108,12.93378460298611,77.68128568009048
38.953868852236546,0.19244330284463979,0.0486815396167054,0.33821832512628736,12.927247968674719,77.54411791488454
33.66444089746413,0.23356879776192946,0.16150002863595753,0.11123334661161657,13.027050049805311,77.65815423865696
36.433551127525256,0.13088936315281874,0.051764728712464264,0.27555399438720796,12.940346909775899,77.60036435131516
33.80539494473431,0.3023571945326201,0.18142342773861608,0.2687864522240437,12.87603710230954,77.60906572212639
34.82226634652261,0.2833379731247081,0.08578076751967453,0.14159726971837794,13.014904793378198,77.7000662649238
34.3254751379006,0.246683544240951,0.17952910363089253,0.2604280001883896,13.082459015407416,77.5430330573471
34.78424947864836,0.18963862025092476,0.13394656450296394,0.22016869778157375,12.948458283282593,77.55495307185919
34.92175459370204,0.2463885828236106,0.09315022552787709,0.18635142440279553,12.87100330168053,77.75513179107246
34.90346241014984,0.1434485945610121,0.07403018140869368,0.15056387078168004,12.890973341166974,77.46855401730082
37.666667823560616,0.26844445272165696,0.08295460613269601,0.15685343291304887,12.90361982460251,77.61025931847641
33.79027441387496,0.3319584715459137,0.12141583461876188,0.32298872574715554,12.922968253828307,77.75122426413459
36.441082854027734,0.2856488447983349,0.10385782481088585,0.20004096913744898,13.029266471856957,77.65141979258
38.435918304611114,0.14163180241540724,0.07030942959656475,0.24692780009188756,13.016293100206694,77.63031433449001
34.97360727097321,0.22891338538184824,0.09171842948411839,0.15254603709994682,13.045784757085782,77.53241557914569
34.5641622185048,0.09654867649930819,0.1039288514859575,0.15320882322670168,12.942375615204769,77.56328091139127
35.5389507496395,0.24579122489405408,-0.0064367047207406075,0.2649190885549966,13.085439272082795,77.73117597721556
38.35945041672142,0.2360482730290031,0.12290840573943494,0.11902542730690809,12.893267174958286,77.63454198348359
36.388215261906716,0.05041469283742689,0.05101393876415966,0.1750871739256837,12.975402631730628,77.61986492393974
34.937571410784805,0.1070572924870109,0.04233337983971275,0.20204164466433394,13.078291003677844,77.4828613054682
36.96775330237608,0.17734888826049863,0.01563278264446448,0.20668235611040314,12.885849180797113,77.4552892916302
33.795415700327155,0.17593122022873392,0.01030537510660548,0.18925440289903064,12.864057565259643,77.76801611226672
37.3627190208859,0.10324184516649558,0.032227624844385544,0.2237491868657554,13.103942029983278,77.57440543520465
36.817214615403536,0.2311182983481747,0.06454895211847547,0.2415713453490687,12.936308195455352,77.64906031049284
35.38438305772223,0.220117888715241,0.19766295687632843,0.2440782527275598,13.0419997387218,77.47630597415181
34.32282840310554,0.18445846944171845,0.07370601620523981,0.14085177147993042,12.837858067321822,77.6754277142886
34.226638155433086,0.139536679987331,0.10888750531340158,0.18295069412427217,13.04391453540693,77.75774701387297
37.06963467269182,0.2838965701133251,0.12002406932531644,0.27168577171261626,12.927991406579562,77.63996953348915
38.457961004978124,0.33243256904706364,0.10655325931079244,0.25367883125443236,12.847279664612108,77.49161805638389
34.72538450594241,0.16131508129227703,0.09612782696370033,0.11762843291113619,13.019041956079917,77.64196810406625
36.916773407102966,0.15102664662761434,0.04023531182003777,0.2210887940211321,12.904649182982684,77.70289458032454
31.825945962795863,0.2392966132329597,0.17254637741396062,0.0813064850375114,12.949910245036083,77.58411745706942
34.8307645386856,0.1713576496202411,0.19035983218189428,0.2028160941236222,12.85498005180882,77.74034645682069
35.937882134258196,0.18884822394694128,0.01586706529386571,0.31386602100475863,12.875620607839434,77.66406537460793
34.18063316603633,0.25917225213797374,0.04879857045568103,0.14312643696386085,12.922372943003712,77.74675214303544
34.12698725042081,0.04725151299941657,0.08600948288114971,0.1499406172705051,12.85782544517365,77.65575675271162
34.66444088706223,0.30546418598821357,0.05177311025449044,0.24584178689437158,13.112356142052759,77.4933250307616
36.58438545665275,0.20581444194634732,0.12529827767279328,0.10743190908742126,12.831874583387034,77.55219826466471
35.62534196318725,0.1670805484350256,0.06358638987966936,0.16203469820689767,12.979996667847937,77.51659233292331
31.523537533350055,0.1928612676622841,0.20825280339033014,0.23578646825490518,12.868206712021092,77.74991274424657
31.758599694729867,0.1969943484016415,0.15952742971717981,0.16194284913863582,12.925380517738164,77.70093202220487
34.786269644285646,0.06150389572440598,0.11062870153161075,0.18584180076734172,13.117078463543663,77.67321146174031
36.9153731721071,0.3195950581962589,0.15134931316598663,0.24465114261890208,12.880125311514936,77.54931888547844
30.50499031454953,0.2033060505816495,0.15529502121786545,0.2252927650121937,13.129408019112685,77.51073477477658
35.00053964769674,0.23544017043579002,0.07180262559708785,0.21600910377772412,12.893796256866722,77.69962885903634
34.947504286965156,0.27612398164592344,0.059189137772901766,0.1796526632437977,13.059885493624718,77.6064721221401
38.7766755564169,0.118307003395176,0.10390715314848238,0.22220366691613733,12.999469952118167,77.5245105522097
35.22995637657427,0.2378777519228183,0.14308180622489722,0.19257603919401461,13.104188405554996,77.65348525279454
36.76597796948186,0.1785887127280965,0.1069530199326709,0.2274683365955471,13.001737909205971,77.46331017120569
36.28251428017493,0.2677416620173195,0.021150175890450137,0.17018407849292133,12.995713357938456,77.55763618386233
31.7388670403856,0.029821806371880366,0.05985877780245789,0.18904586153722755,12.890591980114204,77.60462380821508
37.536414433263474,0.1920724559806985,0.0963013568202811,0.14060253244687917,12.881531102236014,77.4988262502561
36.43079301091257,0.15177434753728308,0.0962167197837085,0.19789954339962584,13.11411163684581,77.77493597760498
37.01653727934918,0.23458103605073244,0.19862710883949042,0.1513399481822693,12.931629841643511,77.51900213031458
43.85247541287265,0.2376035349894562,0.030700602880050096,0.1331572129902804,12.945345499038497,77.49301653291428
31.831774121002823,0.14338992841423792,0.12527946209179375,0.2155196688713233,13.065545334112802,77.51716650838267
39.449393299522214,0.14302609086591653,0.1744556554164145,0.21276438655145963,12.935035279551071,77.7037901739427
35.42510496119929,0.19114677051541365,0.2135724872711398,0.24697242409691436,13.12513935845809,77.59041686755971
36.574657808806016,0.12826862181478335,0.07978012884080193,0.17413246582549408,13.058757608389628,77.63658726011833
35.908975509397514,0.26735869563617015,0.12457147263601,0.22448317081020536,13.01520306519776,77.4569330218055
35.151527333203916,0.17046342396420433,0.12848801785993236,0.2330478543364198,13.103077499768874,77.46136233182919
34.86033414352248,-0.032559057545731296,0.10977408657766455,0.2266864284698957,12.84537783158834,77.59712243144291
36.659017471146015,0.17001423547025551,0.09505773993803471,0.1504607790318715,12.909689434578654,77.71949623025654
32.96565260665664,0.11691649433248222,0.1217987694750023,0.20896180893627134,12.974161263608483,77.7421288299735
37.501158335043534,0.06949793476312438,-0.026612304260984265,0.22184841776327968,12.900363347236171,77.47861316730656
35.16761119022949,0.10100586894219421,0.13410347450313156,0.20043070801447652,13.060610608063667,77.62765982369334
33.739861321919285,0.2087526777466376,0.10630889518309837,0.07481134049773494,13.114954489626655,77.75136579647216
35.099974284008375,0.3062912662598585,0.08887625516108674,0.20962937743840881,12.961368737178587,77.5780310089513
38.514298433725145,0.2250547579091984,0.20234310978597791,0.3327518623638345,12.936061106034687,77.72375672437137
34.92932982596756,0.15147972894274084,0.06625329906047239,0.17839764387458104,13.128080726962645,77.49411956595182
36.71690723641924,0.23647233561365621,0.07984620054674846,0.15631537412868074,12.967904254176538,77.75868018159038
34.53808744856905,0.16327277518248068,0.19957766511023672,0.2224009135826839,12.981605004139277,77.69796969478533
37.51584369984724,0.14443197046694844,0.05839693475750717,0.2187426926279943,12.939011460425991,77.76064034961968
37.37101547758041,0.10765098654136125,0.07249423585317306,0.27156410992498486,13.111960026633763,77.67328368707233
39.69721766659282,0.059853695459862466,0.09264872882845751,0.12452791064546674,13.006376199817375,77.56992329755981
35.648872109001566,0.16880610347524438,0.14203672410647747,0.24388281515449955,13.06627412202631,77.75959978693317
37.33730960951581,0.21264427919361056,0.11039012536766568,0.2354253236750878,13.081660082688774,77.54093703618203
36.19613507907789,0.19227010639880884,0.035368732642386866,0.19147120778356724,12.93597320299435,77.55961693228038
38.59174356372603,0.1667226457642113,0.07339157184364054,0.2203212390753014,12.964445242709319,77.68126677794058
34.56233522478254,0.12434031514425752,0.06963227833938944,0.2617674488959014,13.093026250065943,77.70255437884337
37.490010625754564,0.24865969533479748,0.09613894773884772,0.252338922801707,12.9426091590195,77.75670314967022
35.610605407766634,0.09462944640427322,0.12129218293149147,0.1314188412755763,13.076119891370075,77.51758479498855
35.871623645783004,0.262082233107478,0.12091028779439861,0.2492094912053291,13.121707619998077,77.71333935162235
36.18350496889675,0.11982263848586203,0.011199412297579897,0.1961186836980489,13.023195215651082,77.693720197621
36.50448079285336,0.1398051810117572,0.15319704937804282,0.20437244588093093,13.059904459110086,77.47105220356369
35.767541913756084,0.08265718475074585,0.11262844229983118,0.20439181946010168,13.079580166732752,77.57778363659936
36.429426366341055,0.15988782824914907,0.16922660237969533,0.19098542067210442,13.09196229115796,77.54331260082984
39.15623611512437,0.2780249966782383,0.1222099163645336,0.2715024498264239,12.952466534735606,77.55048184003684
37.97089937123044,0.24125024707551654,0.15506614788678813,0.1949769224090473,12.84589167234456,77.77437247025306
37.738309184993795,0.2782737689622428,0.12332726557250635,0.13282723229700988,12.95458164408339,77.66211654644837
35.08892094795226,0.2417714036747149,0.16731128781013743,0.17638820864181629,13.038864431233069,77.68683313207185
34.22151834354335,0.11170641371757047,0.12611253180088894,0.21072168300862854,12.969608619592046,77.77228382031396
37.910601116475505,0.17353686205379543,0.09510423767785481,0.273752887057823,13.062178576766724,77.57447658821103
37.75209358505959,0.137584069670603,0.2136217360223441,0.23618568109693003,12.940664553135287,77.71460725558943
38.945341351501966,0.30644599232312325,0.1444518561139946,0.14896788327517738,13.02677068374225,77.59339521789049
34.79203874806154,0.10425690828589508,0.12868722105022068,0.3491113950007335,12.887790139504732,77.73694611169894
35.54090268927931,0.27149581515112886,0.0361847791730832,0.21588651865867878,13.062304525359938,77.50961698863273
32.72103167494913,0.2714363096087016,0.03558461912682312,0.2765234442799409,12.999165750332038,77.76273643843122
35.21505778787825,0.346369616137287,0.11463577410709268,0.19089713398536626,12.893259960449447,77.5221946637756
37.99314102115889,0.16722507258964023,0.10727605988841205,0.23200155468232697,12.92049246378432,77.55765276730371
35.0670092415436,0.256985772766413,0.0692938717495842,0.2503681102711043,13.062068699660369,77.69954343725524
37.28095959040165,0.38253214692310744,0.107049134980603,0.27309168270525536,12.979606383055073,77.57993919671658
35.618993788004374,0.15058866584530428,0.1794313464021798,0.2634420983226935,12.896969746521853,77.65070975433292
36.64811405644312,0.07719678019741123,0.13477012372751496,0.2523318200043787,13.129854069014792,77.59670925535292
33.70461722036867,0.04959919728737891,0.04294957451236309,0.1810947961283535,13.051688756143236,77.69498207923964
36.1704188992678,0.2570169623089065,0.09442455864285282,0.16569523748263632,13.126711798087337,77.52534931328164
30.017728058198553,0.04934798335531329,0.059751675957371964,0.21995645061945185,12.962402564061707,77.46929113578817
35.62620768367603,0.17021447576496618,0.08061500417957194,0.25598768434046415,12.977281105614434,77.54897670116611
32.73905351256972,0.23498505496311686,0.07931921671851787,0.1866367579534036,13.108366117017356,77.60652185940658
38.41198903309363,0.21481404294639314,0.07611772086979975,0.2639103179428632,12.992765295476069,77.50544661722358
37.554814705529026,0.2340355891347338,0.03724323140133026,0.2871570047291708,13.049256462690757,77.5670831055866
36.933341963932165,0.21778318846406833,0.0936172659240905,0.14502074485559482,12.908173592023614,77.58199439603688
39.04201245431876,0.3023092650650715,0.0719696181576345,0.14978475777222322,12.968485205297819,77.46893930841713
34.102166958350324,0.12381468954089625,-0.0464724345001134,0.19157749646567981,12.86826945840121,77.64249139190079
39.494726395831115,0.14584038892331752,0.20264860122508316,0.2184567600913518,12.893853811121858,77.74183333123052
37.86438312852077,0.1381872443783341,0.1544384827108336,0.16852597917397696,12.830292458732966,77.50007516127451
35.52688942556211,0.2664153449490088,0.0811849637537502,0.2811321607320287,12.842172166011085,77.6472766444225
38.27124029436589,0.2720318870716051,0.10094095248702993,0.2254440116911071,13.132957985184849,77.66936393762059
33.78741297517673,0.23609802554548065,0.041417282634121914,0.20236682289444438,12.905129645492396,77.58838044453837
34.35097167694465,0.29467949335119425,0.18478614389054326,0.11384542856788836,13.03562631994624,77.6813622038302
34.7828205535206,0.10575673060988955,0.19486443473865558,0.12105105101434958,13.090120906627881,77.58554140935203
34.94204458387197,0.333377928924091,0.10783468641232624,0.21686055501690837,13.000704742363336,77.61653030503255
33.88688471447949,0.3218590897369807,0.15117653220926724,0.07204426243070985,12.877474795026027,77.45242650470297
38.44616613419065,0.25884975977965974,0.1087643389466962,0.2607582445786443,13.055716095574212,77.67826763766445
35.48229119926034,0.3425439127016848,0.033163728056203476,0.19051076933766078,13.016077937130872,77.66824308405177
36.70500993671376,0.06747014338577811,0.07940883155181713,0.39458557817568396,13.056687682697687,77.4626722895177
34.859297267172636,0.15804414909898787,0.10659639833859785,0.33847497503696666,13.068621453085697,77.5715225354404
32.35879339890297,0.14117572314544383,0.07727261406282779,0.189113055845149,13.132377213982272,77.77308050746124
36.540114716782846,0.25771834590058745,0.0890673361282482,0.19361977984812112,13.007804616808281,77.58884306564765
32.175490049160445,0.11598874083182836,0.09543002212454428,0.2597348908401218,12.935908744934087,77.61564198369351
35.862731907829065,0.2605996119469989,0.09595607510672693,0.30219035659508225,13.031024012639074,77.7502769521927
33.26336992233438,0.3096428915197371,0.10261292452487417,0.10171825655383901,12.851216619865214,77.6866964190357
39.974551998461614,0.25561623200671996,0.046969746680169955,0.09281747207871882,13.108193168679692,77.642083143271
37.822725444349445,0.2227000818929201,0.06414919254360318,0.16267791166673712,12.86700811351484,77.71327554484256
36.211507582542964,0.12097013272794008,0.03577078671500154,0.2349642549904319,12.931631279744604,77.73524086793047
38.527413355309335,0.13225192270997083,0.14889077748431,0.22981241543045583,13.082881067994098,77.6007730636733
34.30736804506853,0.2999695124237334,-0.005282347092016221,0.26418628729903104,13.015166837282521,77.60678576042751
37.086958757340184,0.2623479203124266,0.15767951716584627,0.1280181482980815,12.952027011286008,77.5773968087651
36.39962086743743,0.1968784384497965,0.16931746986314217,0.061031368221867416,12.976765054406258,77.7690130262061
36.52804016266734,0.16656723633872877,0.08489097065086894,0.25148085171812873,13.094909691892676,77.68006486391582
38.544707000213535,0.03793537015108986,-0.030156854391364923,0.15030822362208593,12.935401359678567,77.47746361184866
37.4649842055596,0.11433180650524491,0.08193447190163548,0.07889072813668174,13.099591402291773,77.7347766756933
36.57744732565005,0.3529135269711779,0.09679079193555905,0.2087038247575629,12.857321673602774,77.60858478047597
32.69022512754341,0.09756355431980267,0.04947008900355433,0.24759054129312064,13.070807515534677,77.47268878911942
34.07990740944107,0.21515838569768647,0.07423908030958787,0.19267657207272337,13.092739766246968,77.63140669420389
35.75458213280855,0.2805955178556159,0.1765097599431676,0.17252909682905065,12.886363472379575,77.58766421206198
36.1867447485533,0.09960618655981661,0.13324635811508706,0.19043826607124562,12.963407425035383,77.73965730360467
33.739592550652155,0.21477683798248667,0.053771794281095006,0.17776503425595302,12.881304930145733,77.5173182191911
40.82335335115684,0.2750332430008524,0.020120041520228393,0.11911717328358999,13.049047279988208,77.72273332113242
39.03278811050715,0.20099994575258004,0.08364913411951144,0.1571191593805741,12.995957808099114,77.6340372680912
37.20423664078497,0.4294722444533415,0.08932716103247809,0.23127679430082887,13.02695023747958,77.46802140006045
36.14407372256749,0.06651205928974438,0.12480995936816583,0.21930071248259,12.890910959756425,77.7707089494374
35.575582060197696,0.2846982823907103,0.07323416437161706,0.21008358835800922,12.89564121723625,77.61916303055406
34.09616307995553,0.18617586100828287,0.1255749787680931,0.14029109108879725,12.84286417090807,77.54598936189643
36.15496103703772,0.261753612386934,0.19675770200301146,0.18910981027186,12.929840935910676,77.60490425785646
36.5155050802855,0.2353045721359397,0.14077505112221314,0.06937609721342874,13.003520845013439,77.73309306856078
33.51647884903675,0.1413475042312003,0.09759557463346137,0.2107085998331234,13.095959823339172,77.55061803104708
36.668352834489795,0.21831971139674722,0.09084247644733527,0.28573146246881403,13.03674750871219,77.51358321084061
35.6894819023505,0.05136788388813704,0.08216634329100644,0.11155207207747367,12.964972860253923,77.4925935114872
32.18438488424522,0.24825980004571152,0.15903204562260725,0.1648443396009347,13.125467235462184,77.54829360146877
34.279229978440995,0.22385267727924207,0.06863432770243486,0.21974640672260778,13.052966012178508,77.70741586872322
35.17278893315671,0.2510928134914482,0.10226113544999914,0.27517055806564905,13.118351212887392,77.60563670051444
39.77537531468038,0.28464946600697205,0.10255989509405428,0.17310652302199103,12.993552271714371,77.52506892921888
37.11310624906751,0.22940958721677687,0.07491079035942341,0.15846498024404623,12.910260325185874,77.50484104987122
33.32903686180022,0.2118471535838621,0.031376722605794966,0.08186461145503503,12.846376272773064,77.55980072724843
36.972072578835274,0.12951453306709665,0.11614872518088341,0.2062062877584864,13.055086303959994,77.76017504305229
32.905392022123266,0.14302233890807592,0.09694980140723083,0.32252456240862465,12.867603929381715,77.5631988151547
38.16538210777415,0.2949387696141865,0.1250120234718285,0.21664150771788057,12.92386028976431,77.77608094506503
35.057750696364245,0.3149068324564783,0.07331998467804166,0.1986632612489772,12.995065981444009,77.61012605040257
35.812727622521656,0.18095116509503567,0.1610410649406524,0.21932493864601915,13.004969142211722,77.50912409303575
38.65159329508438,0.20368021978026193,0.056161310939407766,0.19933447976308388,13.016180791066013,77.74407623029185
33.4256728628315,0.12763085000049873,0.18560201420089464,0.1512191376643922,12.881539152408408,77.60191727313449
33.20576362977402,0.2938205476213956,0.012618174508586918,0.24939679494066233,12.947718595494711,77.68419154335649
34.83280134730799,0.2532333458953423,0.12173850322784456,0.21354569138670526,13.02133021040626,77.77462482245902
38.076757702038634,0.35529739491709994,0.12377153412633118,0.20105679511601945,13.130643848036474,77.4665578656056
32.961307849046314,0.1297341538256209,0.060222146602955884,0.14147803836330503,13.055565652686903,77.4819092047299
30.33568880377886,0.16975936807854264,0.12121969689305064,0.27821047591608555,13.116007164699127,77.68775072468272
35.097682283182,0.21851567380204578,0.16397593348800793,0.2398821647199866,13.066285738077395,77.54300225108751
37.10348159982184,0.2517191630180617,-0.010840941967703216,0.16682474975796188,13.013432260356645,77.51081946099353
38.40052349947766,0.18274658899618942,0.12513724037454074,0.26010949122091626,12.889527244432267,77.46298942034052
35.073677275829205,0.13016311276370396,-0.02466354101650388,0.1701457496968876,13.03667255208668,77.45720941495544
35.177146785767995,0.2705126023138857,0.0517167598238396,0.15307979044933778,13.023247665447572,77.70558024902954
38.30780146851149,0.25769082900364654,0.18145831824504727,0.1544178129511828,13.016765442841752,77.49436303103195
32.26051660060916,0.12669807195490201,0.0709108983303973,0.09373588681471455,12.981833619076355,77.60434780327049
35.22295844963398,0.30843542408843966,0.04130600177955138,0.22829254282509234,12.993883547236676,77.64994594900924
36.380847779850114,0.2936158967357283,0.09010311355076592,0.09013130729969901,12.933677183406612,77.59135609418772
36.89843744257007,0.21074371977982345,0.2033953169081776,0.12629337012405425,12.990986934719114,77.45894519527096
34.980386613618236,0.20636782899008294,0.008415887639698694,0.07546471945528802,12.891242330760328,77.70855549585401
36.06888202341168,0.24432462168927258,0.04743450441803278,0.19483581843254644,13.079604063181717,77.45346936409875
31.02334529317402,0.13106375437949935,0.17487158415898132,0.19098077238368769,12.8875908559566,77.70142366514457
34.683503175332305,0.20240251833312659,0.19288511717688664,0.18039822720881818,12.856339549865735,77.74479048295008
36.90701742510893,0.02780931643126558,0.0948284387854858,0.13744533831976544,12.965236268170719,77.59283717394887
34.03541193149064,0.27011645164023484,0.03804736487366788,0.1296659747938016,13.03407530624688,77.62672901612227
36.117968443179194,0.07508054220465125,0.20479217509045797,0.22786219181279446,12.965692215729398,77.60740451956383
36.893745001605396,0.32027358627431995,0.17972211958745984,0.16696688409749075,12.915793780904906,77.57843884414574
35.31490159828447,0.173590392482684,0.13394734938811165,0.2189814992921687,13.003033067006037,77.74285009667221
36.34092754199314,0.18306664144550586,0.059379882553129,0.14688507883254667,12.937570723977782,77.7449980585211
34.07453486943078,0.14978128751323955,0.09754853295809816,0.21086376456626496,13.119188983939257,77.56081940033171
35.586777440607904,0.1769568900862339,0.09198199594775847,0.2781966822389638,13.116019993277108,77.65297301882485
37.220432339178444,0.31348250761184293,0.1165425652307789,0.235169948023567,12.98573526419135,77.75587949550814
36.31394592193687,0.0009753074771936543,0.1725500719065668,0.1752551709070112,12.931644038145661,77.76747930465065
34.82693746087213,0.30215723088705504,0.14397085205687016,0.21543193822135565,13.058511048326558,77.61795648333928
36.448432808581586,0.22704187848813667,0.04613119615076209,0.18556008952818723,12.84138101247975,77.59943218574384
37.42921958127324,0.10343826817142276,0.1688248225009769,0.2004728110816837,12.977178391873533,77.54196912425641
31.900117442845044,0.11397500855606098,0.11565660700065777,0.18046333687108979,12.934260252223803,77.76642771815284
38.3181481299118,0.3341114421766562,0.1343532897929458,0.19013988764687653,13.115366124381792,77.49712872047606
35.32749052263786,0.12435944960458152,0.17332704296393014,0.21272560118445052,12.833720938454531,77.64134376009575
40.02892079855814,0.10748360094393736,0.2466507868817409,0.13159678888723408,13.115434499826968,77.64767364459048
40.06051256073065,0.06482884692651526,0.2431191409455823,0.13878276103011628,13.010292539733424,77.47367266343666
42.22107063494788,0.1133825755593987,0.24309454100426647,0.1130742160244175,12.995378864710883,77.52483034374217
40.747369447633986,0.06443640015049182,0.21485362214591777,0.0444280507915604,13.014882015904664,77.75739182768325
42.98812783795104,-0.00785583093566354,0.27627738983567,0.09217205875412395,12.94346876238142,77.74977533539862
36.29074667419122,-0.01665641773889033,0.2006352602166073,0.14240358959634664,13.08020317629905,77.70782591364387
40.286296269744405,-0.027575612452946457,0.25821076948828825,0.09793908285901416,12.992218737283078,77.45640241105401
39.7478920781779,0.08310259173792367,0.2184502842004183,0.12012361474494987,12.866191849858327,77.55791223360372
41.487318643255016,0.10942984115435041,0.1956659694128265,0.08725006739015467,12.870010188697009,77.65722638266317
40.923904483019726,0.14246810706931906,0.24370121229271047,0.058807526058326204,12.996426335415812,77.54081276988525
43.595687559791536,0.09215526661616201,0.23638544474735976,0.09506623743815559,13.12033676760196,77.75016360936775
38.281326456679885,0.1081419288767493,0.23427891037067705,0.11236189772130617,12.925589157719623,77.6591835224047
42.090982952661506,0.020999183367315766,0.22325113688224796,0.07377249122154225,13.099557762346357,77.47372921671443
43.11667284642341,-0.007820790837192837,0.21848427673132675,0.09057155020573326,13.066869631839452,77.74997184431578
45.71329487312391,0.09250396662087768,0.31553487971481753,0.0624214703205607,12.906821857301141,77.76606299719815
41.03646805781305,0.07088403761197004,0.2673702658078469,0.14476979670256385,12.841265631978036,77.47564509806928
42.648917208705036,0.05537221871704463,0.24891307579942049,0.08822176969647864,12.86157265219414,77.62567887750424
38.39227441487527,0.0693685740316495,0.22447196632813554,0.15811022180504733,13.055833119492707,77.55011021313068
37.21608759137395,0.0661592741229103,0.2602862880238668,0.16114991402163634,12.891897618792601,77.57963689523886
43.6895487515634,0.11419084299267807,0.24071979105565808,0.09675816141113025,12.945093985356673,77.50928490192527
41.98887941270386,0.1147492792408478,0.22104819011096144,0.05966205069810602,12.985526741461992,77.64076379366409
44.35702537959685,0.07721101761701736,0.2078574269893634,0.01656408489066652,13.054895132219551,77.76613318657213
39.2531942220605,0.09229014362814641,0.21676330649349249,0.04111851707892834,12.86510167921033,77.61601395808964
43.039804279057506,0.07570312762123879,0.09318297056487776,0.0450466070040536,12.955973585636013,77.47736181186018
45.73763568108771,0.026941513398269057,0.22842403357190566,0.15513878509846019,12.980372601834237,77.65460044004755
42.83941121671453,0.08782823374565701,0.20046095679558562,0.10463298348907785,12.997656389831178,77.56227358816892
42.5531630111821,-0.01972475344296308,0.28370679993131537,0.11558418096367952,13.083691798832518,77.73245531256514
42.0171121616487,0.10269457761479417,0.22077376283247016,0.011183159642594961,12.883220240463398,77.59344378894444
38.85823708574817,-0.009726146988301751,0.17244146321860152,0.05208134283130954,13.080427750066253,77.51363707095095
44.7111458714207,0.06429016433973665,0.21800479383487528,0.13548319105785148,13.044792312585962,77.51306485548808
40.77828472038987,0.007742302078692052,0.17815515659749984,0.11147096449530346,13.002319952401677,77.70369217963798
43.00896651276604,0.07766944915372134,0.23893629662849866,0.09411178885257611,13.046853639824798,77.53764390744143
38.87393138685749,0.04830373870360456,0.23163789457357942,0.12259369434400491,12.957725499075014,77.70318702007255
39.64108067098444,-0.02973779790816662,0.2583135852443307,0.1654319122454326,12.872903251650119,77.51794281255297
44.870174798444474,0.07103498155092394,0.1883647283322174,0.09115830145851798,13.036387224482265,77.55615650167144
41.30539542208432,0.021103961158364472,0.22136032384912588,0.10277479210632279,12.992648415072543,77.60361070090511
44.90655095208509,0.09405733604066846,0.1653991281829346,0.1077038767492522,13.02820618816826,77.76125463039884
41.84353868188296,0.050066284436720364,0.24805979127698857,0.19568438541095973,12.934779622118832,77.75747137016876
38.316204454084286,0.06977104926940192,0.24075484721760487,0.016025749423238977,13.11112863897535,77.51826771888936
43.78413519946344,0.0021215522492394057,0.23983220084110285,0.12732892059155232,13.012084659258429,77.56821228361022
40.82021536448878,0.020533388428631907,0.22006476125427765,0.09540791004963746,12.856474770130172,77.49930179818975
43.39737762703409,0.027068068194945775,0.23659091563155163,0.12267086904736718,12.969439237118372,77.61829507617345
42.050421735080164,0.09283512401212779,0.28417356433234386,0.07370509784021104,13.064470376970528,77.60199224172925
38.91376354411426,0.13386885439027446,0.20859622971831945,0.098041398765662,13.076181714137006,77.74725085360875
42.32858953074114,0.009741412412856185,0.22554580734840338,0.1284564231786198,12.983325086356766,77.75690177467105
46.3924462843056,0.10384240723288402,0.1765549480327436,0.22451640804175366,13.107371746957703,77.5765772390324
42.98597291702892,-0.05848387088628511,0.18526956153606672,0.13232144757608286,12.912977215530232,77.61227352119627
41.884964493989074,-0.009709470054614464,0.2239125317237323,0.06607737607877966,12.957285596143864,77.74575796221822
44.15068680391379,0.002061077190661259,0.26415734186807627,0.08304961271909188,13.108565042276382,77.71621357655587
42.42133693040622,-0.017625434472036114,0.2097487670299371,0.08186343566464585,13.10783958210619,77.45120658274374
42.41906846052559,-0.029179419489379008,0.21056333882751505,0.028174273094799404,13.042570958335652,77.55561965618058
39.8167496556818,0.07064994560688988,0.203724590219825,0.08679639233194252,13.096283969607889,77.58918549983892
42.467696051579196,0.039296615113606936,0.19860973316622707,0.1293131632728698,12.857519712756432,77.52580637361547
44.07088683283389,0.0689702698802555,0.23179885822835286,0.0490307152369282,13.098148442624412,77.51585863324566
40.32787569579995,0.08452363430607565,0.1601096941928542,0.1419393060420237,12.929392171030571,77.46246888717658
44.84899164249389,0.06328084965862668,0.2712375830666691,0.11951099284337353,12.885282768852747,77.66231200927302
41.81658795170975,0.08288815880751868,0.1933831080748216,0.0706306671211585,12.904204649266035,77.53662839585945
40.22446097692292,0.04652338568788653,0.24887613941752565,0.09433881450648611,12.959570237484305,77.46727456888233
43.99526415384049,-0.009349669415287233,0.16920005610424496,0.16393287230564133,12.907869521427385,77.52622317247426
41.42641152852346,0.10289070904103981,0.24675360522184872,0.12934191254023464,12.929375951665115,77.71463160443592
43.51902977497222,0.020544393360943655,0.2468777843125799,0.10035134619592592,12.871843330682209,77.73099142994336
41.41648273548292,0.003220185061878704,0.23536808288023586,0.09049266732156064,12.92181479732329,77.6094118609138
41.88034771294019,0.0411041062097801,0.1802228591280083,0.10306436281806639,13.00740798250802,77.58730332123487
42.98712040866858,0.004359454035174348,0.22998192758392308,0.07952945768230787,12.96697464950823,77.77269171885558
42.58179411518001,0.02912848090052839,0.17267775261062443,0.015810019771239414,12.937482815983133,77.51618633766407
38.00893643909652,0.06720269607817334,0.20988946979615258,0.18168711642138924,13.061400159945705,77.52106856334203
39.757512519811215,0.06741708696230635,0.26117652403821306,0.10621299996797606,13.10698809113193,77.54631616842201
43.85881996958163,0.00510849667871853,0.25186807708282966,0.1159258906049015,13.064604659099743,77.50700991503277
41.7357268221969,0.025614731352562772,0.22060731770161732,0.09768369000492366,12.93292021765648,77.57519064740738
40.95253739445716,0.10371665023851219,0.1810077369630863,0.07059532797101649,13.060777072029643,77.75057529490662
39.28285196948505,0.07482000588669706,0.24582350848696774,0.09256302076204917,12.877113856566956,77.65306478740743
39.8405273574483,0.1537532519674271,0.22077524950792102,0.036024209512227554,12.8703985763083,77.58594236104204
37.956402720076106,0.1090064086870764,0.12718737607078306,0.1910834599221322,12.93714438148121,77.75835556220851
41.79743856259694,0.10721465342799696,0.25130519305266075,0.05061952006310416,13.080387734403658,77.46599319671702
40.8031248388379,-0.019393427522790094,0.2190306866452123,0.05872134864611282,12.906367956645115,77.51939113870762
40.06682421802937,0.08819301758167114,0.2680980499193229,0.08238963182454398,12.849608556758591,77.63674323968358
41.86375314966409,0.04734465991515447,0.1761891792462878,0.15152302899409512,12.87082995591397,77.65313236565375
42.727941261705475,0.022450909823087523,0.09293184747215996,0.10058035997050617,13.09621094024417,77.46305397716567
46.18639586441989,0.05840076702662643,0.2311633543338074,0.05055456815878151,13.02647281827166,77.58300279010936
38.976233160873576,0.09726057673057419,0.2316625470672789,0.15017353443029358,12.908492360644694,77.66422080839419
44.31876208660104,0.07504157955021058,0.15237313489574192,0.12924002507141927,13.002141705851736,77.68036328031313
43.94620312203014,0.006076309932896998,0.18086001816533576,0.1215373982886581,12.993549682951858,77.66058616783037
40.4418145212466,0.08712294567963103,0.33020870974879607,0.12862936964683364,13.033185153316605,77.55578586403911
42.40647190917206,0.018120622896201803,0.20777557543384786,0.19577447602329803,12.9022881418707,77.48086164078731
41.08473350132477,0.060834155948214313,0.24923835905504865,0.1874037958014445,13.097964926030263,77.59094710731839
42.371377160837476,0.034832496626143294,0.19397360690526466,0.07253138627986819,12.925904254244804,77.49248896433146
45.018262026809104,0.039056687413218716,0.13638788404587374,0.1649553997124461,13.045180812732633,77.76271580731182
43.211212465262626,0.08831214875202548,0.21318967012816378,0.11532672759035602,12.834998640375387,77.60680638578746
43.017216746466886,-0.0020096859907948947,0.20937581758855578,0.11996383264550999,12.945523710267185,77.55469552753777
41.13938136009072,0.14725975371384664,0.20400487045326515,0.032309166734266856,12.93903004356723,77.70288034346923
39.03188667015133,-0.041054303464724815,0.2154143665797443,0.09318456938447217,12.998480172860734,77.61432303555215
41.58306357891919,0.020116615837257146,0.23057073086582547,0.0674870563865374,12.85254824115093,77.55231122792411
44.41321630972783,0.06851059449708705,0.21399532194984774,0.13312235259573238,13.074940725855093,77.71794935498896
38.9456642868207,0.0792157083217655,0.16943975328210545,0.14284322001611222,12.897512048547947,77.73616020983037
39.88982126364661,0.04497621397141474,0.23944739166247755,0.017020545959347544,13.039881722613423,77.67209269487526
42.25253547246814,0.04713046484992288,0.14202512978710308,0.09911860543982919,13.07899575820567,77.46549825939454
40.03069043030548,0.07052750426638082,0.137985701708632,0.14487446019177008,13.004181856434869,77.63688655045496
40.41495310576958,0.038446526127115986,0.2495672197880627,0.0925328415074622,13.059673794083816,77.7018873209591
41.15280283654364,0.1196590628967453,0.24028081088541428,0.1291625458000946,13.035176696786651,77.49504599398759
39.2687651916197,0.09196745571158012,0.21770418539703856,0.11404661870508337,12.940214237117123,77.52546134795692
40.05175630756726,0.09364121755028174,0.1641820598097971,0.11366640927810506,13.080746147100406,77.74122338467248
43.40685583357462,0.001692163831479146,0.191683562373037,0.08914740087726811,12.921357424664514,77.45664016821152
39.38526043553807,0.04603057877971486,0.20949013009253983,0.05133676783457162,13.00707600450297,77.69839995548257
38.80425573101032,0.03497670256396482,0.15616424125703549,0.055138794102998906,13.061073299133877,77.60634518652977
40.739950040932214,-0.0002800687844732863,0.19043885367907068,0.1283741005782127,12.947476332041878,77.59743481241708
43.46391100501969,0.06800820919728835,0.2460932135270672,0.10077833022075533,12.923857958361403,77.45234185572332
41.60615638400622,0.023117712111009176,0.27709221457156863,0.09445951021571102,12.972397263153576,77.72040141621895
41.070837843768764,0.08277019149251186,0.20322260989365798,0.0830443983071059,13.083568683248238,77.56874221721007
42.08871759503121,-0.0035095781447165852,0.25025953417264396,0.08779244618076994,13.118275746575156,77.62845265832918
38.50858513428069,0.13595203064209105,0.1434375971765013,0.1418764717795256,12.998975857986567,77.67350922649076
42.989411307550064,0.005183367070396912,0.24637804964454446,0.08659023672527894,13.035054523650333,77.68186776022452
42.766870062807286,0.060965116860021804,0.18784206341090076,0.04635741146793725,13.110014822894064,77.7654734194126
41.18138305180856,0.08959296551940338,0.2322938246683188,0.12974607102160693,12.860549523938012,77.62534218456808
44.01184902359283,0.021467978489994363,0.21008990327041163,0.09180493344541131,12.901944359138511,77.58190745182156
39.74500780209392,0.09262343217164754,0.2728165603913534,0.10125583462131106,13.049759001937991,77.76472219674227
44.25581798650714,-0.011459179890020807,0.18502257406640327,0.16430313225598042,13.085360783192813,77.66189637755842
42.3089873311905,0.12260588495912803,0.24510425190247326,0.09917757770597972,13.09567899878248,77.54838961757126
41.32689482024365,0.05070746324828792,0.20881970146813866,0.11156734692474903,12.958683224825029,77.49173320098318
41.960252729263374,0.020179429601556022,0.21366778087961344,0.05284306034806699,12.857695369710479,77.72804298548351
41.785470468378115,0.035040911378628276,0.21264584427363162,0.0912132219059616,12.965712257962883,77.56951992892208
44.440565792835436,0.09044596346963597,0.18617307582023548,0.12438104180834406,12.901527722964186,77.66795500805027
39.84664174505797,0.02077723540747809,0.21943604136373313,0.037785050646350314,12.920270901048953,77.60536941839075
40.4749615217068,0.012532115528861125,0.21749407111512714,0.1080338037246284,13.069402942619627,77.51564682733236
44.07260578414496,0.038923170120813096,0.22964960993626918,0.10403164290579225,12.853413396668024,77.64855658084475
40.80893012963228,-0.008848105638498402,0.2233802058277145,0.10165149822349757,13.086550177419019,77.47002541275373
43.80106615466318,0.1410271953970908,0.25191978198448944,0.14148635594632974,12.962577416605493,77.5864030117575
45.39887196601742,0.02168027043926384,0.25694034464189475,0.11337754059394087,13.014779818641184,77.63038293008901
41.19640994611673,0.09158083930902018,0.17797506712688796,0.15912287593425778,12.85779219168306,77.59389550145913
43.36272465315061,0.06047350418238863,0.2547509000236308,0.06025641937623856,12.934581314290757,77.69706181783283
39.692615437320285,0.0007732974759015951,0.17254654291560584,0.10543698268873393,12.857807284894601,77.72321523499996
43.50946659613562,0.049702264539363536,0.2435142355255094,0.1033786714555979,13.128078554093145,77.70451021443095
42.39884797197353,0.08920013896553741,0.24478955138811476,0.0572298202497968,13.080251111291139,77.46280827277789
42.94607656432043,0.04058693324568467,0.14354732433349984,0.13825180008365384,12.972486153850504,77.51406249424717
40.70885585592921,0.1096556472925514,0.22371916986117638,0.19298693223411273,12.899316789980338,77.62708047805705
38.677833168865654,0.1010757696390932,0.20126015546558737,0.09931975702064677,13.119371082627454,77.75849127334645
43.00650412949901,0.09594574273291648,0.189649389682585,0.12020084353095067,12.936824944675362,77.7255357357672
37.87319369504109,0.027017161386350155,0.27403409322796024,0.10338073903261309,12.879905173823087,77.72803638775609
41.36529901551493,-0.00399212238907435,0.19385283437450324,0.07145661320371297,13.004580960420727,77.55005870394069
43.88236373283994,0.019320619731860278,0.187744922835278,0.027169588887919358,13.122569977306894,77.59171780603597
42.38379547174607,0.05981204703333603,0.22302779760020375,0.0717690606761854,12.8311873900551,77.60533296261426
45.89668528957963,0.07728933567661778,0.24742358985193666,0.04432166476193075,12.90381870140874,77.50193262250548
44.05021830516355,-0.058578570238022376,0.21433405655959492,0.16816408312236472,13.120918768527227,77.46025248298068
40.69220322334885,0.04959433991941249,0.2666548218267701,0.09539561224307044,12.883036649725721,77.76247795682197
42.05462675970288,0.057904461266159224,0.24123902647856363,0.08616322683811317,12.865105470008345,77.52943515326896
41.905258594911125,0.036122787184222425,0.1328715472107428,0.13556615299151226,13.00675803689794,77.5291831382288
38.83564647330775,0.11456369195079395,0.19882132145971967,0.055129955885764484,13.097171585221398,77.4775150877437
40.1192021670313,0.07108900371254355,0.19752631602593204,0.06932543847981791,12.977904043485118,77.75640755814145
40.87847818604028,0.11550959540404486,0.2391744381371769,0.10272289076994484,13.138314919572203,77.64131324793013
37.92755899428813,0.03920197398248839,0.11500731774503553,0.14115075965693924,13.040543226856778,77.67012216285137
42.09498693650328,0.09687387462534625,0.3219603883487089,0.12006740180675153,12.852963221235239,77.75082037279681
41.50185631069392,0.131753319726376,0.2412410437957684,0.1099330057006353,13.137777960821413,77.56405465573727
38.65421219737685,0.11558467246363306,0.22595507215670765,0.10312470940944066,12.956447213401859,77.65509741267557
42.80842573055467,-0.004607079671436656,0.2672627086567658,0.11600943422107102,12.9190947854921,77.46280382006053
43.43174548938192,0.03731619612288095,0.313746162112505,0.10806611620517019,13.002942546909145,77.51163493431628
42.45406895772978,0.032741764727510184,0.2548298657835361,0.058801109008922575,12.924335353464468,77.72431111567968
41.35186364958206,0.07446272675381638,0.2579525238588648,0.10184316886532606,12.856801827207248,77.70303355759165
43.18288430350371,0.08431767775072666,0.2252276009785753,0.057052453643289903,12.830442786354546,77.56571208818086
43.360440720953385,0.008055366298713187,0.21433896986532208,0.10324330171603295,12.969370839405281,77.5743475071655
42.61480713943938,0.05339192569584689,0.20096818223980395,0.08077408234047034,13.089427660890244,77.62607296307269
40.35077549913048,-0.05099636660780682,0.18695552033141832,0.20157526491131444,13.007417707545324,77.4500795315461
42.55320153102236,0.1220972502900945,0.1925194360120201,0.09840422464993152,13.139754262672467,77.52961063089255
44.39096130165096,0.024381287966165323,0.16597776142628068,0.04383041734953645,12.918922460150633,77.51871649684071
40.80674188277654,0.05279319699222485,0.21696514197259906,0.09463279157292302,12.916941070075618,77.53265937242742
46.19587867826486,0.03451751430059694,0.15261329691094452,0.12077434982551553,12.879522332672522,77.71594892803604
40.948738132029234,0.10730137875067075,0.22763666096574842,0.16693455784610095,12.880859712362254,77.54229237266033
42.064814026680274,-0.09187532206986894,0.21854677567830633,0.07642190400245127,12.918407844763115,77.51320203627655
40.65502880798733,0.049169482883704554,0.2258774119354675,0.036702881039054405,13.075780414034794,77.6164069420617
42.44654167184052,0.04470906212511511,0.1991147371992003,0.13267348045723926,13.1107846050973,77.735662862003
38.51555661472945,0.027318180620415862,0.3430744148072201,0.04477605176401396,13.132277022609381,77.52964540226638
40.90791640236656,0.13631132728178164,0.27440463600721254,0.08255378233970061,12.902009792769901,77.47591696012162
39.81575759930286,0.005633527057211443,0.1702182999966111,0.08969518057956025,13.10320223914037,77.56761356283039
42.27067669578458,0.08858980886178307,0.22931472349707593,0.09721466186799568,12.931759077675975,77.69672510210644
43.98889475101782,0.06781263943530419,0.19567975428250706,0.12756657828297344,12.864980568800235,77.63172787974928
43.2920123742291,0.1130759626267758,0.17942081093170345,0.0726546287085445,13.099707726911252,77.71954181195953
37.256681278282215,0.016640545761124732,0.1663971171550426,0.08905082991332958,13.027192746739523,77.76666540871105
46.08413930585576,0.013351555043812052,0.23728866763037015,0.09942918588202447,12.881066577785129,77.71157861732803
42.59055988124174,0.10480349537386993,0.19274479059721705,0.10598391830075153,12.96324768982903,77.64925501601844
40.447001719014,0.07126606541650553,0.25871304096100817,0.10391308698831692,12.91904988541189,77.61280272405729
42.31425583798188,-0.027246867333837937,0.25975128858121754,0.11744023100890319,13.058406316300161,77.46322279849493
42.352379645005385,0.02303474927683648,0.27495657540845797,0.1337535803856695,12.970559031493524,77.77482625300864
40.666302566096874,0.06931913269240306,0.18590452935703586,0.11570536462603873,13.13667678298298,77.57654877044976
42.39583333468415,0.09188821107732946,0.2390146244276804,0.11814342094036874,12.846970944500475,77.50023531059257
40.785055424759385,0.016038467340352247,0.24529816866569204,0.0367110733301409,12.940054732502237,77.67001392228083
41.19127601461995,-0.09571279949084706,0.2010328729958414,0.10200910796662722,12.979389051804093,77.5438151354015
40.62744172848983,0.07616115928685166,0.189129121704285,0.11918030192006435,12.98597140197198,77.64330682940725
39.134657420520696,-0.01101603449719879,0.2843808266310389,0.12915764778281802,12.927940104939548,77.64363340958872
42.291672940430765,-0.05086693990612057,0.22909983502928216,0.07230596903064823,13.056064477220247,77.59709084089795
43.170598873032674,-0.09161629624920704,0.2454387100284695,0.0736384290044542,13.101171592781583,77.72591914312987
43.02976719215275,0.09069904300988707,0.1871169595268829,0.07703597298865607,13.121002983613138,77.5374391303133
43.639850505270466,0.05643087252024833,0.17122862133911226,0.12145655599565375,13.079578946807853,77.59804875523385
42.648680420029734,0.03871718096438742,0.1972220090203156,0.14135524219696835,13.093679861165047,77.62743840243502
40.93454900356619,0.11945121814813808,0.21503914450440012,0.08370159570833594,13.000669043192199,77.66899615785321
43.679327728862376,0.08186623415115363,0.17743119972730603,0.13631849254508197,13.086025350192314,77.70871071066685
39.28496492031613,0.13081500213609581,0.21960620765398467,0.10493919236658378,12.924086211835865,77.58028640334983
40.19865723497504,-0.019636773608349825,0.15245979247726,0.09502856891350256,12.953528416253857,77.66319549155187
40.07159985715351,0.04827246880230183,0.17519810310120512,0.09154463080728124,12.92824303428375,77.49970161451262
44.16011211827862,-0.03083566874740072,0.246836449931075,0.1298644545840863,12.974890073988858,77.75777387317902
43.88557702828015,0.03853088340722664,0.24415162081111577,0.11302311267148281,12.918529681033977,77.57640940611893
42.97461047408999,0.03756920731166613,0.20432492938452534,0.1910330171059055,13.128099547098879,77.69074206925222
44.14385973042359,0.08133068186315354,0.17928942763692188,0.06591101428010704,12.926981834681758,77.45671255702112
40.241434435176025,0.05227819405709492,0.17890385793895958,0.12072406808119904,12.860393806814391,77.5177117571586
42.69719023972196,0.08117035691399578,0.20506927016234744,0.0788319596075395,12.993313321475629,77.61073723962679
41.74965114323367,0.08517200665694472,0.24578073966581165,0.06522852052045425,12.847700714318005,77.73982331435168
43.69376420776983,0.1577464338691571,0.257129827653773,0.09956531451860112,12.86426838155566,77.62399419948373
41.769551534895605,0.03423516723569378,0.20013873058072124,0.10549409917628144,12.898010710650837,77.75685725915699
41.23011422317984,0.00294886496668105,0.17386030296060864,0.2167269422024037,12.973948577463464,77.60965297587232
43.08181703712198,0.06230418076582044,0.23071374551465335,0.09263416737267192,12.964307789015798,77.61184820192287
43.752338334382465,0.009885998643022822,0.18705860117496603,0.054792850820612665,13.077904477220866,77.48951644020518
40.6633096103064,0.1240980384218268,0.1992698944455519,0.11092042869977543,13.059237142704076,77.71487656057023
41.877848657295246,0.035839098052738376,0.2730110436174815,0.017014398498145275,12.962158671137118,77.53149858611414
39.883118732716696,0.021721181606300485,0.25308461714263075,0.09632172869582938,12.933448304348445,77.74687212149287
37.00387796501412,0.026434213942444107,0.22631897249005806,0.10064101129180643,12.928105323059064,77.75057199270903
42.40091926282746,0.08592087117358205,0.16912323995549108,0.13178401531780848,13.069938477061143,77.76129233691847
43.21781071250926,0.04211265083842574,0.22845586269882637,0.13894488997711388,12.846142445928594,77.62167606140402
42.52413361817345,0.017916658993480883,0.2625062916315011,0.0798572152436913,12.833974711348288,77.67344094897861
38.100876564491266,0.13326759588117654,0.2049746533693786,0.09397543941480269,13.076618761497262,77.70691024042036
41.29830113984705,0.007191507966912494,0.2740445635994686,0.06935516677557317,12.977915376556606,77.49323482415465
37.56330447989784,0.05177830370164968,0.27170981158072827,0.05487749780769225,12.870573152951609,77.64831587434918
44.73940221530837,0.08261530758051153,0.28654931328573896,0.11239579117522538,12.903025439724296,77.46131830743009
39.827890835763824,-0.03156675552085367,0.23220972506125412,0.04905657805613604,13.119076225460189,77.61419680751828
44.510807218919794,0.07401302507029625,0.24349566799224048,0.08341492397712548,13.096445922443719,77.50109808493468
43.89173928736829,-0.0027553837740224713,0.2765674915332436,0.06019304160403051,13.050033365569432,77.51036456556749
40.19881929492788,0.09113913904170012,0.23789575748275904,0.1219873274516104,12.979489821404572,77.57046569700856
39.73443009746451,0.0018674494040511885,0.1999506356883915,0.17205720397065954,12.99130032411933,77.59270426501645
42.700740432772676,0.08463845159244303,0.20205828653888555,0.04793648068786675,13.132325805938027,77.65564690009562
40.31135192563386,0.10529165331473564,0.22954219815094956,0.02587926068409724,13.129388837604129,77.47456137808472
42.20496928431641,0.09307182628164025,0.16837754312215125,0.09500452458599731,12.89673340419361,77.61621828120836
41.03434481838617,0.06256583241190512,0.2142696433854323,0.10062791183831034,13.08144241555465,77.51026629298353
38.437683171068734,0.03843495285351503,0.2638618847292101,0.10874637227029191,12.891145226511775,77.63941180776048
37.53906396175108,0.021179021183257807,0.13234984595338878,0.08214717939062621,12.896196618144025,77.66034352204619
42.45336849698919,0.1235517345408552,0.2813792840717806,0.09197442804698273,13.03958884059102,77.63371405466245
40.87688450733875,0.01502523899161784,0.2648949687481264,0.1147004164216241,12.95555034056214,77.69363751845785
40.89382036617174,-0.0018533036784998055,0.20160941536678095,0.14161723570579357,13.118778766203022,77.5607510505995
43.39172767818757,0.0832684467516415,0.2417356331148724,0.021798049187268687,12.857593017817763,77.70248517523893
44.34688455326489,0.010193159840675231,0.22012590907625307,0.08524242243874151,12.988572948650944,77.59281313696371
41.454910557276385,0.002496825126693643,0.26919961473754733,0.10855235175764254,13.114741674437369,77.60978088444647
41.318802586180276,-0.02218021310848825,0.2593073257107976,0.06328095581557056,13.110275234748647,77.66387370199615
43.000286066227766,0.025854508026974116,0.16399717107267964,0.16924678527069198,12.87852405615888,77.45605826671975
39.28612886060085,0.04586424880517534,0.24349049653856708,0.07458360479085052,12.943657687029901,77.66581809306868
42.446306109495396,0.06215458638303494,0.2117748858542701,0.0983482925197087,13.021927634014476,77.6541330991938
43.10377194364431,0.09756531221497418,0.223313302820724,0.12224088387369164,12.879412414279134,77.55224954852858
43.36046041683526,0.07634489618328968,0.19087312396120737,0.07634860844792422,13.130086873334179,77.47831211401683
38.12649459499507,0.04045638902234101,0.28992548276483343,0.026137078087823326,13.113572291905575,77.48000869847131
40.47728946038212,0.04009021618101401,0.26160247279610305,0.08285381892333868,12.881754555500686,77.75466383650513
40.24347349435307,0.07550787344575918,0.1904091534410813,0.14117762223708163,12.867558192990906,77.67746217600452
42.19977390881843,0.11362850814642848,0.1666155757235907,0.08652419492859446,12.856476629670562,77.49194386254435
42.961489159535965,0.056315709974160015,0.20457309476088606,0.06614262794164086,13.111927535851356,77.56771864587193
44.99342081489196,0.026543457289479554,0.23738010584365224,0.13702688838010887,12.890023381036594,77.64551938798753
41.010069039263854,0.00035669994572272434,0.22960823375784892,0.0867690041590779,12.95904832784875,77.72573866267992
41.00485500338157,-0.02226026322061128,0.2701253129907297,0.07959356745399132,12.96914392335212,77.46440810647529
