{"type": "FeatureCollection", "features": [{"type": "Feature", "geometry": {"type": "Point", "coordinates": [80.15507991669618, 12.97106465361188]}, "properties": {"lst": 39.89, "ndvi": 0.461, "ndbi": -0.133, "risk": "High", "heat_zone": 2, "color": "#e67e22", "city": "Chennai"}}, {"type": "Feature", "geometry": {"type": "Point", "coordinates": [80.27154141758733, 13.053319345905008]}, "properties": {"lst": 42.55, "ndvi": 0.177, "ndbi": 0.106, "risk": "Critical", "heat_zone": 3, "color": "#e74c3c", "city": "Chennai"}}, {"type": "Feature", "geometry": {"type": "Point", "coordinates": [80.21476871000029, 12.9735019079986]}, "properties": {"lst": 39.12, "ndvi": 0.29, "ndbi": -0.006, "risk": "Critical", "heat_zone": 3, "color": "#e74c3c", "city": "Chennai"}}, {"type": "Feature", "geometry": {"type": "Point", "coordinates": [80.16809324472966, 13.00665891842062]}, "properties": {"lst": 40.79, "ndvi": 0.63, "ndbi": -0.179, "risk": "High", "heat_zone": 2, "color": "#e67e22", "city": "Chennai"}}, {"type": "Feature", "geometry": {"type": "Point", "coordinates": [80.21434501158858, 13.041452679435617]}, "properties": {"lst": 39.71, "ndvi": 0.27, "ndbi": 0.062, "risk": "Critical", "heat_zone": 3, "color": "#e74c3c", "city": "Chennai"}}, {"type": "Feature", "geometry": {"type": "Point", "coordinates": [80.265328227118, 12.920761750154451]}, "properties": {"lst": 29.06, "ndvi": -0.037, "ndbi": 0.123, "risk": "Low", "heat_zone": 0, "color": "#2ecc71", "city": "Chennai"}}, {"type": "Feature", "geometry": {"type": "Point", "coordinates": [80.27978710006475, 13.071089627161872]}, "properties": {"lst": 40.62, "ndvi": 0.424, "ndbi": 0.029, "risk": "Critical", "heat_zone": 3, "color": "#e74c3c", "city": "Chennai"}}, {"type": "Feature", "geometry": {"type": "Point", "coordinates": [80.26234303960197, 13.051769040025508]}, "properties": {"lst": 41.41, "ndvi": 0.26, "ndbi": 0.05, "risk": "Critical", "heat_zone": 3, "color": "#e74c3c", "city": "Chennai"}}, {"type": "Feature", "geometry": {"type": "Point", "coordinates": [80.33674667113132, 13.063400170383655]}, "properties": {"lst": 28.6, "ndvi": 0.129, "ndbi": 0.209, "risk": "Low", "heat_zone": 0, "color": "#2ecc71", "city": "Chennai"}}, {"type": "Feature", "geometry": {"type": "Point", "coordinates": [80.27239940754431, 13.055760757908471]}, "properties": {"lst": 41.69, "ndvi": 0.192, "ndbi": 0.135, "risk": "Critical", "heat_zone": 3, "color": "#e74c3c", "city": "Chennai"}}, {"type": "Feature", "geometry": {"type": "Point", "coordinates": [80.2386222227509, 13.0494160694906]}, "properties": {"lst": 38.73, "ndvi": 0.169, "ndbi": -0.037, "risk": "Critical", "heat_zone": 3, "color": "#e74c3c", "city": "Chennai"}}, {"type": "Feature", "geometry": {"type": "Point", "coordinates": [80.28617444482455, 13.043152703095595]}, "properties": {"lst": 29.66, "ndvi": -0.105, "ndbi": -0.218, "risk": "Moderate", "heat_zone": 1, "color": "#f1c40f", "city": "Chennai"}}, {"type": "Feature", "geometry": {"type": "Point", "coordinates": [80.1906299123173, 13.007581117202925]}, "properties": {"lst": 37.18, "ndvi": 0.621, "ndbi": -0.206, "risk": "High", "heat_zone": 2, "color": "#e67e22", "city": "Chennai"}}, {"type": "Feature", "geometry": {"type": "Point", "coordinates": [80.31695979200158, 12.920558825972346]}, "properties": {"lst": 29.29, "ndvi": 0.11, "ndbi": 0.226, "risk": "Low", "heat_zone": 0, "color": "#2ecc71", "city": "Chennai"}}, {"type": "Feature", "geometry": {"type": "Point", "coordinates": [80.18814430951569, 12.997912082670052]}, "properties": {"lst": 42.12, "ndvi": 0.551, "ndbi": -0.04, "risk": "High", "heat_zone": 2, "color": "#e67e22", "city": "Chennai"}}, {"type": "Feature", "geometry": {"type": "Point", "coordinates": [80.22601080488366, 13.045784673246487]}, "properties": {"lst": 39.67, "ndvi": 0.321, "ndbi": -0.074, "risk": "Critical", "heat_zone": 3, "color": "#e74c3c", "city": "Chennai"}}, {"type": "Feature", "geometry": {"type": "Point", "coordinates": [80.33911566205566, 12.967877641624977]}, "properties": {"lst": 29.17, "ndvi": 0.184, "ndbi": 0.225, "risk": "Low", "heat_zone": 0, "color": "#2ecc71", "city": "Chennai"}}, {"type": "Feature", "geometry": {"type": "Point", "coordinates": [80.20556793508777, 13.082268416942664]}, "properties": {"lst": 37.59, "ndvi": 0.391, "ndbi": -0.062, "risk": "Critical", "heat_zone": 3, "color": "#e74c3c", "city": "Chennai"}}, {"type": "Feature", "geometry": {"type": "Point", "coordinates": [80.33965564467563, 13.083904373543458]}, "properties": {"lst": 29.48, "ndvi": 0.113, "ndbi": 0.225, "risk": "Low", "heat_zone": 0, "color": "#2ecc71", "city": "Chennai"}}, {"type": "Feature", "geometry": {"type": "Point", "coordinates": [80.2347260429367, 12.96217855074908]}, "properties": {"lst": 39.34, "ndvi": 0.297, "ndbi": -0.064, "risk": "Critical", "heat_zone": 3, "color": "#e74c3c", "city": "Chennai"}}, {"type": "Feature", "geometry": {"type": "Point", "coordinates": [80.28790596100906, 12.93439096839081]}, "properties": {"lst": 29.45, "ndvi": 0.05, "ndbi": 0.275, "risk": "Low", "heat_zone": 0, "color": "#2ecc71", "city": "Chennai"}}, {"type": "Feature", "geometry": {"type": "Point", "coordinates": [80.3294903103944, 13.1116731439634]}, "properties": {"lst": 29.28, "ndvi": 0.016, "ndbi": 0.206, "risk": "Low", "heat_zone": 0, "color": "#2ecc71", "city": "Chennai"}}, {"type": "Feature", "geometry": {"type": "Point", "coordinates": [80.3171210465503, 12.903830737402709]}, "properties": {"lst": 29.46, "ndvi": 0.092, "ndbi": 0.256, "risk": "Low", "heat_zone": 0, "color": "#2ecc71", "city": "Chennai"}}, {"type": "Feature", "geometry": {"type": "Point", "coordinates": [80.34672360082936, 13.08060763793054]}, "properties": {"lst": 28.69, "ndvi": 0.102, "ndbi": 0.225, "risk": "Low", "heat_zone": 0, "color": "#2ecc71", "city": "Chennai"}}, {"type": "Feature", "geometry": {"type": "Point", "coordinates": [80.17371874233525, 13.139813848147528]}, "properties": {"lst": 35.16, "ndvi": 0.389, "ndbi": -0.07, "risk": "Critical", "heat_zone": 3, "color": "#e74c3c", "city": "Chennai"}}, {"type": "Feature", "geometry": {"type": "Point", "coordinates": [80.33278198441998, 13.030861626826823]}, "properties": {"lst": 29.3, "ndvi": 0.153, "ndbi": 0.206, "risk": "Low", "heat_zone": 0, "color": "#2ecc71", "city": "Chennai"}}, {"type": "Feature", "geometry": {"type": "Point", "coordinates": [80.29920839028047, 13.021672029883158]}, "properties": {"lst": 29.94, "ndvi": -0.291, "ndbi": 0.581, "risk": "Low", "heat_zone": 0, "color": "#2ecc71", "city": "Chennai"}}, {"type": "Feature", "geometry": {"type": "Point", "coordinates": [80.16078213849467, 13.039203921705628]}, "properties": {"lst": 39.64, "ndvi": 0.359, "ndbi": -0.028, "risk": "Critical", "heat_zone": 3, "color": "#e74c3c", "city": "Chennai"}}, {"type": "Feature", "geometry": {"type": "Point", "coordinates": [80.34012202912716, 13.059083892600876]}, "properties": {"lst": 29.36, "ndvi": 0.13, "ndbi": 0.208, "risk": "Low", "heat_zone": 0, "color": "#2ecc71", "city": "Chennai"}}, {"type": "Feature", "geometry": {"type": "Point", "coordinates": [80.34618826491841, 13.086192997355598]}, "properties": {"lst": 28.98, "ndvi": 0.116, "ndbi": 0.184, "risk": "Low", "heat_zone": 0, "color": "#2ecc71", "city": "Chennai"}}, {"type": "Feature", "geometry": {"type": "Point", "coordinates": [80.24840899174984, 12.972872283525309]}, "properties": {"lst": 43.45, "ndvi": 0.233, "ndbi": 0.053, "risk": "Critical", "heat_zone": 3, "color": "#e74c3c", "city": "Chennai"}}, {"type": "Feature", "geometry": {"type": "Point", "coordinates": [80.30675248639466, 13.020870719314146]}, "properties": {"lst": 29.92, "ndvi": 0.171, "ndbi": 0.239, "risk": "Low", "heat_zone": 0, "color": "#2ecc71", "city": "Chennai"}}, {"type": "Feature", "geometry": {"type": "Point", "coordinates": [80.17819709736276, 12.977640438385952]}, "properties": {"lst": 38.26, "ndvi": 0.479, "ndbi": -0.109, "risk": "High", "heat_zone": 2, "color": "#e67e22", "city": "Chennai"}}, {"type": "Feature", "geometry": {"type": "Point", "coordinates": [80.32413756628806, 13.076058452211797]}, "properties": {"lst": 29.51, "ndvi": 0.049, "ndbi": 0.197, "risk": "Low", "heat_zone": 0, "color": "#2ecc71", "city": "Chennai"}}, {"type": "Feature", "geometry": {"type": "Point", "coordinates": [80.32612553464178, 13.038051346592392]}, "properties": {"lst": 29.21, "ndvi": 0.144, "ndbi": 0.198, "risk": "Low", "heat_zone": 0, "color": "#2ecc71", "city": "Chennai"}}, {"type": "Feature", "geometry": {"type": "Point", "coordinates": [80.18303984868143, 13.08010812101491]}, "properties": {"lst": 37.53, "ndvi": 0.458, "ndbi": -0.119, "risk": "High", "heat_zone": 2, "color": "#e67e22", "city": "Chennai"}}, {"type": "Feature", "geometry": {"type": "Point", "coordinates": [80.17967378905539, 13.070369348229216]}, "properties": {"lst": 40.83, "ndvi": 0.325, "ndbi": -0.04, "risk": "Critical", "heat_zone": 3, "color": "#e74c3c", "city": "Chennai"}}, {"type": "Feature", "geometry": {"type": "Point", "coordinates": [80.33443353140467, 12.960226141254513]}, "properties": {"lst": 28.85, "ndvi": 0.069, "ndbi": 0.198, "risk": "Low", "heat_zone": 0, "color": "#2ecc71", "city": "Chennai"}}, {"type": "Feature", "geometry": {"type": "Point", "coordinates": [80.30673283388103, 13.124715783550585]}, "properties": {"lst": 28.83, "ndvi": -0.03, "ndbi": 0.056, "risk": "Low", "heat_zone": 0, "color": "#2ecc71", "city": "Chennai"}}, {"type": "Feature", "geometry": {"type": "Point", "coordinates": [80.29623548744958, 13.122101454634926]}, "properties": {"lst": 40.99, "ndvi": 0.273, "ndbi": 0.027, "risk": "Critical", "heat_zone": 3, "color": "#e74c3c", "city": "Chennai"}}, {"type": "Feature", "geometry": {"type": "Point", "coordinates": [80.31972886615368, 13.080305682606031]}, "properties": {"lst": 30.21, "ndvi": 0.058, "ndbi": 0.179, "risk": "Low", "heat_zone": 0, "color": "#2ecc71", "city": "Chennai"}}, {"type": "Feature", "geometry": {"type": "Point", "coordinates": [80.2858451427198, 12.901239248146906]}, "properties": {"lst": 29.37, "ndvi": 0.067, "ndbi": 0.244, "risk": "Low", "heat_zone": 0, "color": "#2ecc71", "city": "Chennai"}}, {"type": "Feature", "geometry": {"type": "Point", "coordinates": [80.16051465857095, 12.941033879563616]}, "properties": {"lst": 38.6, "ndvi": 0.297, "ndbi": -0.019, "risk": "Critical", "heat_zone": 3, "color": "#e74c3c", "city": "Chennai"}}, {"type": "Feature", "geometry": {"type": "Point", "coordinates": [80.23402268507448, 13.022920401944198]}, "properties": {"lst": 37.34, "ndvi": 0.596, "ndbi": -0.152, "risk": "High", "heat_zone": 2, "color": "#e67e22", "city": "Chennai"}}, {"type": "Feature", "geometry": {"type": "Point", "coordinates": [80.19470928842406, 12.910186178385247]}, "properties": {"lst": 40.45, "ndvi": 0.397, "ndbi": -0.034, "risk": "Critical", "heat_zone": 3, "color": "#e74c3c", "city": "Chennai"}}, {"type": "Feature", "geometry": {"type": "Point", "coordinates": [80.19865715446664, 12.991252820127778]}, "properties": {"lst": 41.08, "ndvi": 0.145, "ndbi": 0.037, "risk": "Critical", "heat_zone": 3, "color": "#e74c3c", "city": "Chennai"}}, {"type": "Feature", "geometry": {"type": "Point", "coordinates": [80.31450696129795, 13.003789724158672]}, "properties": {"lst": 29.59, "ndvi": 0.179, "ndbi": 0.227, "risk": "Low", "heat_zone": 0, "color": "#2ecc71", "city": "Chennai"}}, {"type": "Feature", "geometry": {"type": "Point", "coordinates": [80.2577226348448, 13.044444791920654]}, "properties": {"lst": 38.62, "ndvi": 0.403, "ndbi": -0.15, "risk": "High", "heat_zone": 2, "color": "#e67e22", "city": "Chennai"}}, {"type": "Feature", "geometry": {"type": "Point", "coordinates": [80.24336272011456, 12.967395687323943]}, "properties": {"lst": 40.37, "ndvi": 0.265, "ndbi": 0.029, "risk": "Critical", "heat_zone": 3, "color": "#e74c3c", "city": "Chennai"}}, {"type": "Feature", "geometry": {"type": "Point", "coordinates": [80.22003556396899, 13.099969378448469]}, "properties": {"lst": 38.2, "ndvi": 0.553, "ndbi": -0.169, "risk": "High", "heat_zone": 2, "color": "#e67e22", "city": "Chennai"}}, {"type": "Feature", "geometry": {"type": "Point", "coordinates": [80.19813403197145, 13.004278054578847]}, "properties": {"lst": 41.33, "ndvi": 0.506, "ndbi": -0.067, "risk": "High", "heat_zone": 2, "color": "#e67e22", "city": "Chennai"}}, {"type": "Feature", "geometry": {"type": "Point", "coordinates": [80.33090324123334, 13.015229097587484]}, "properties": {"lst": 29.43, "ndvi": 0.162, "ndbi": 0.228, "risk": "Low", "heat_zone": 0, "color": "#2ecc71", "city": "Chennai"}}, {"type": "Feature", "geometry": {"type": "Point", "coordinates": [80.31080400285713, 13.07507778524612]}, "properties": {"lst": 28.67, "ndvi": -0.211, "ndbi": 0.371, "risk": "Low", "heat_zone": 0, "color": "#2ecc71", "city": "Chennai"}}, {"type": "Feature", "geometry": {"type": "Point", "coordinates": [80.3411358060609, 13.126861954604962]}, "properties": {"lst": 28.97, "ndvi": 0.095, "ndbi": 0.23, "risk": "Low", "heat_zone": 0, "color": "#2ecc71", "city": "Chennai"}}, {"type": "Feature", "geometry": {"type": "Point", "coordinates": [80.2302934054505, 13.091192870794233]}, "properties": {"lst": 39.86, "ndvi": 0.289, "ndbi": 0.017, "risk": "Critical", "heat_zone": 3, "color": "#e74c3c", "city": "Chennai"}}, {"type": "Feature", "geometry": {"type": "Point", "coordinates": [80.32655723784299, 13.019921927552147]}, "properties": {"lst": 29.38, "ndvi": 0.138, "ndbi": 0.209, "risk": "Low", "heat_zone": 0, "color": "#2ecc71", "city": "Chennai"}}, {"type": "Feature", "geometry": {"type": "Point", "coordinates": [80.29082492619473, 13.136864382355755]}, "properties": {"lst": 40.43, "ndvi": 0.536, "ndbi": -0.148, "risk": "High", "heat_zone": 2, "color": "#e67e22", "city": "Chennai"}}, {"type": "Feature", "geometry": {"type": "Point", "coordinates": [80.183993242231, 13.003220413948387]}, "properties": {"lst": 40.7, "ndvi": 0.577, "ndbi": -0.131, "risk": "High", "heat_zone": 2, "color": "#e67e22", "city": "Chennai"}}, {"type": "Feature", "geometry": {"type": "Point", "coordinates": [80.29845589256921, 13.083427926034425]}, "properties": {"lst": 30.33, "ndvi": -0.12, "ndbi": -0.27, "risk": "Moderate", "heat_zone": 1, "color": "#f1c40f", "city": "Chennai"}}, {"type": "Feature", "geometry": {"type": "Point", "coordinates": [80.23417189129557, 13.094720903792927]}, "properties": {"lst": 41.33, "ndvi": 0.302, "ndbi": 0.019, "risk": "Critical", "heat_zone": 3, "color": "#e74c3c", "city": "Chennai"}}, {"type": "Feature", "geometry": {"type": "Point", "coordinates": [80.28574558348188, 13.057181957552908]}, "properties": {"lst": 39.8, "ndvi": 0.121, "ndbi": 0.119, "risk": "Critical", "heat_zone": 3, "color": "#e74c3c", "city": "Chennai"}}, {"type": "Feature", "geometry": {"type": "Point", "coordinates": [80.17138771247384, 12.909160389907845]}, "properties": {"lst": 35.53, "ndvi": 0.528, "ndbi": -0.222, "risk": "High", "heat_zone": 2, "color": "#e67e22", "city": "Chennai"}}, {"type": "Feature", "geometry": {"type": "Point", "coordinates": [80.30994131813534, 13.089300894882832]}, "properties": {"lst": 28.6, "ndvi": -0.135, "ndbi": 0.166, "risk": "Low", "heat_zone": 0, "color": "#2ecc71", "city": "Chennai"}}, {"type": "Feature", "geometry": {"type": "Point", "coordinates": [80.29634607090254, 13.05552086391903]}, "properties": {"lst": 29.01, "ndvi": -0.073, "ndbi": 0.175, "risk": "Low", "heat_zone": 0, "color": "#2ecc71", "city": "Chennai"}}, {"type": "Feature", "geometry": {"type": "Point", "coordinates": [80.18277151617833, 12.933175847497552]}, "properties": {"lst": 40.52, "ndvi": 0.3, "ndbi": 0.024, "risk": "Critical", "heat_zone": 3, "color": "#e74c3c", "city": "Chennai"}}, {"type": "Feature", "geometry": {"type": "Point", "coordinates": [80.24648867709755, 12.95886107661226]}, "properties": {"lst": 42.2, "ndvi": 0.281, "ndbi": 0.085, "risk": "Critical", "heat_zone": 3, "color": "#e74c3c", "city": "Chennai"}}, {"type": "Feature", "geometry": {"type": "Point", "coordinates": [80.19655776296752, 12.979506330839644]}, "properties": {"lst": 39.88, "ndvi": 0.353, "ndbi": -0.066, "risk": "Critical", "heat_zone": 3, "color": "#e74c3c", "city": "Chennai"}}, {"type": "Feature", "geometry": {"type": "Point", "coordinates": [80.2069917163235, 12.946611692135289]}, "properties": {"lst": 39.6, "ndvi": 0.243, "ndbi": -0.035, "risk": "Critical", "heat_zone": 3, "color": "#e74c3c", "city": "Chennai"}}, {"type": "Feature", "geometry": {"type": "Point", "coordinates": [80.23345092787173, 12.99217487101309]}, "properties": {"lst": 37.75, "ndvi": 0.524, "ndbi": -0.099, "risk": "High", "heat_zone": 2, "color": "#e67e22", "city": "Chennai"}}, {"type": "Feature", "geometry": {"type": "Point", "coordinates": [80.3485464638161, 12.948111933835897]}, "properties": {"lst": 28.76, "ndvi": 0.116, "ndbi": 0.235, "risk": "Low", "heat_zone": 0, "color": "#2ecc71", "city": "Chennai"}}, {"type": "Feature", "geometry": {"type": "Point", "coordinates": [80.2533971070285, 13.027447150322848]}, "properties": {"lst": 37.14, "ndvi": 0.345, "ndbi": -0.05, "risk": "Critical", "heat_zone": 3, "color": "#e74c3c", "city": "Chennai"}}, {"type": "Feature", "geometry": {"type": "Point", "coordinates": [80.30363983748771, 12.968620757908338]}, "properties": {"lst": 29.59, "ndvi": 0.062, "ndbi": 0.181, "risk": "Low", "heat_zone": 0, "color": "#2ecc71", "city": "Chennai"}}, {"type": "Feature", "geometry": {"type": "Point", "coordinates": [80.3167017165475, 13.122503867412387]}, "properties": {"lst": 29.35, "ndvi": -0.187, "ndbi": 0.488, "risk": "Low", "heat_zone": 0, "color": "#2ecc71", "city": "Chennai"}}, {"type": "Feature", "geometry": {"type": "Point", "coordinates": [80.29849692672083, 12.934625283177509]}, "properties": {"lst": 29.3, "ndvi": 0.083, "ndbi": 0.264, "risk": "Low", "heat_zone": 0, "color": "#2ecc71", "city": "Chennai"}}, {"type": "Feature", "geometry": {"type": "Point", "coordinates": [80.33329882814773, 12.995236120366068]}, "properties": {"lst": 28.88, "ndvi": 0.078, "ndbi": 0.265, "risk": "Low", "heat_zone": 0, "color": "#2ecc71", "city": "Chennai"}}, {"type": "Feature", "geometry": {"type": "Point", "coordinates": [80.17019189387567, 12.975069676842477]}, "properties": {"lst": 38.55, "ndvi": 0.521, "ndbi": -0.023, "risk": "High", "heat_zone": 2, "color": "#e67e22", "city": "Chennai"}}, {"type": "Feature", "geometry": {"type": "Point", "coordinates": [80.29523756443594, 13.09732483337573]}, "properties": {"lst": 39.78, "ndvi": 0.096, "ndbi": 0.034, "risk": "Critical", "heat_zone": 3, "color": "#e74c3c", "city": "Chennai"}}, {"type": "Feature", "geometry": {"type": "Point", "coordinates": [80.15565915461633, 13.134028279433558]}, "properties": {"lst": 37.38, "ndvi": 0.418, "ndbi": -0.075, "risk": "High", "heat_zone": 2, "color": "#e67e22", "city": "Chennai"}}, {"type": "Feature", "geometry": {"type": "Point", "coordinates": [80.33714512415875, 12.957983133088348]}, "properties": {"lst": 28.9, "ndvi": 0.155, "ndbi": 0.218, "risk": "Low", "heat_zone": 0, "color": "#2ecc71", "city": "Chennai"}}, {"type": "Feature", "geometry": {"type": "Point", "coordinates": [80.22032390654914, 13.0397436052664]}, "properties": {"lst": 39.44, "ndvi": 0.344, "ndbi": -0.045, "risk": "Critical", "heat_zone": 3, "color": "#e74c3c", "city": "Chennai"}}, {"type": "Feature", "geometry": {"type": "Point", "coordinates": [80.3465999836415, 12.920750851508778]}, "properties": {"lst": 29.12, "ndvi": 0.162, "ndbi": 0.23, "risk": "Low", "heat_zone": 0, "color": "#2ecc71", "city": "Chennai"}}, {"type": "Feature", "geometry": {"type": "Point", "coordinates": [80.28114139296505, 13.121709841786254]}, "properties": {"lst": 41.13, "ndvi": 0.321, "ndbi": 0.126, "risk": "Critical", "heat_zone": 3, "color": "#e74c3c", "city": "Chennai"}}, {"type": "Feature", "geometry": {"type": "Point", "coordinates": [80.29710553452924, 12.926000124818756]}, "properties": {"lst": 29.55, "ndvi": 0.069, "ndbi": 0.198, "risk": "Low", "heat_zone": 0, "color": "#2ecc71", "city": "Chennai"}}, {"type": "Feature", "geometry": {"type": "Point", "coordinates": [80.26011638875185, 13.003021082948678]}, "properties": {"lst": 38.38, "ndvi": 0.213, "ndbi": -0.012, "risk": "Critical", "heat_zone": 3, "color": "#e74c3c", "city": "Chennai"}}, {"type": "Feature", "geometry": {"type": "Point", "coordinates": [80.20669132294708, 13.110227383448514]}, "properties": {"lst": 39.68, "ndvi": 0.361, "ndbi": -0.011, "risk": "Critical", "heat_zone": 3, "color": "#e74c3c", "city": "Chennai"}}, {"type": "Feature", "geometry": {"type": "Point", "coordinates": [80.28669529572839, 12.944358286984675]}, "properties": {"lst": 29.66, "ndvi": 0.056, "ndbi": 0.243, "risk": "Low", "heat_zone": 0, "color": "#2ecc71", "city": "Chennai"}}, {"type": "Feature", "geometry": {"type": "Point", "coordinates": [80.18674816110598, 13.107765890607944]}, "properties": {"lst": 38.26, "ndvi": 0.27, "ndbi": -0.057, "risk": "Critical", "heat_zone": 3, "color": "#e74c3c", "city": "Chennai"}}, {"type": "Feature", "geometry": {"type": "Point", "coordinates": [80.17780060776532, 13.114741976000182]}, "properties": {"lst": 34.76, "ndvi": 0.739, "ndbi": -0.374, "risk": "High", "heat_zone": 2, "color": "#e67e22", "city": "Chennai"}}, {"type": "Feature", "geometry": {"type": "Point", "coordinates": [80.19101494996185, 12.963389332958265]}, "properties": {"lst": 37.03, "ndvi": 0.349, "ndbi": -0.112, "risk": "Critical", "heat_zone": 3, "color": "#e74c3c", "city": "Chennai"}}, {"type": "Feature", "geometry": {"type": "Point", "coordinates": [80.33028451678852, 13.143527787161576]}, "properties": {"lst": 29.19, "ndvi": 0.055, "ndbi": 0.614, "risk": "Low", "heat_zone": 0, "color": "#2ecc71", "city": "Chennai"}}, {"type": "Feature", "geometry": {"type": "Point", "coordinates": [80.20700837715385, 13.05178355164709]}, "properties": {"lst": 38.57, "ndvi": 0.466, "ndbi": -0.112, "risk": "High", "heat_zone": 2, "color": "#e67e22", "city": "Chennai"}}, {"type": "Feature", "geometry": {"type": "Point", "coordinates": [80.2983524491742, 12.966744761539514]}, "properties": {"lst": 29.68, "ndvi": 0.1, "ndbi": 0.173, "risk": "Low", "heat_zone": 0, "color": "#2ecc71", "city": "Chennai"}}, {"type": "Feature", "geometry": {"type": "Point", "coordinates": [80.27644893455316, 12.914271010714524]}, "properties": {"lst": 29.45, "ndvi": 0.056, "ndbi": 0.208, "risk": "Low", "heat_zone": 0, "color": "#2ecc71", "city": "Chennai"}}, {"type": "Feature", "geometry": {"type": "Point", "coordinates": [80.34184942057318, 12.984621583344728]}, "properties": {"lst": 29.54, "ndvi": 0.079, "ndbi": 0.274, "risk": "Low", "heat_zone": 0, "color": "#2ecc71", "city": "Chennai"}}, {"type": "Feature", "geometry": {"type": "Point", "coordinates": [80.1568284407897, 13.113260156483737]}, "properties": {"lst": 40.4, "ndvi": 0.228, "ndbi": 0.037, "risk": "Critical", "heat_zone": 3, "color": "#e74c3c", "city": "Chennai"}}, {"type": "Feature", "geometry": {"type": "Point", "coordinates": [80.27310637551989, 12.94360516874804]}, "properties": {"lst": 28.24, "ndvi": -0.172, "ndbi": 0.191, "risk": "Low", "heat_zone": 0, "color": "#2ecc71", "city": "Chennai"}}, {"type": "Feature", "geometry": {"type": "Point", "coordinates": [80.18716794092218, 13.13753785731966]}, "properties": {"lst": 38.83, "ndvi": 0.305, "ndbi": -0.039, "risk": "Critical", "heat_zone": 3, "color": "#e74c3c", "city": "Chennai"}}, {"type": "Feature", "geometry": {"type": "Point", "coordinates": [80.33904471513313, 13.024414553087944]}, "properties": {"lst": 28.99, "ndvi": 0.123, "ndbi": 0.261, "risk": "Low", "heat_zone": 0, "color": "#2ecc71", "city": "Chennai"}}, {"type": "Feature", "geometry": {"type": "Point", "coordinates": [80.23877732318014, 12.96358589896205]}, "properties": {"lst": 39.46, "ndvi": 0.345, "ndbi": -0.046, "risk": "Critical", "heat_zone": 3, "color": "#e74c3c", "city": "Chennai"}}, {"type": "Feature", "geometry": {"type": "Point", "coordinates": [80.21413401992423, 13.006536774297308]}, "properties": {"lst": 41.51, "ndvi": 0.542, "ndbi": -0.143, "risk": "High", "heat_zone": 2, "color": "#e67e22", "city": "Chennai"}}, {"type": "Feature", "geometry": {"type": "Point", "coordinates": [80.30689070719357, 13.037744129888075]}, "properties": {"lst": 29.6, "ndvi": 0.151, "ndbi": 0.206, "risk": "Low", "heat_zone": 0, "color": "#2ecc71", "city": "Chennai"}}, {"type": "Feature", "geometry": {"type": "Point", "coordinates": [80.29414882193741, 13.022927624658122]}, "properties": {"lst": 29.99, "ndvi": -0.066, "ndbi": 0.172, "risk": "Low", "heat_zone": 0, "color": "#2ecc71", "city": "Chennai"}}, {"type": "Feature", "geometry": {"type": "Point", "coordinates": [80.23984923034081, 13.122120869145222]}, "properties": {"lst": 40.13, "ndvi": 0.269, "ndbi": -0.028, "risk": "Critical", "heat_zone": 3, "color": "#e74c3c", "city": "Chennai"}}, {"type": "Feature", "geometry": {"type": "Point", "coordinates": [80.33749706299915, 13.00410356482844]}, "properties": {"lst": 29.2, "ndvi": 0.163, "ndbi": 0.22, "risk": "Low", "heat_zone": 0, "color": "#2ecc71", "city": "Chennai"}}, {"type": "Feature", "geometry": {"type": "Point", "coordinates": [80.22455657677537, 13.059033577631393]}, "properties": {"lst": 41.41, "ndvi": 0.233, "ndbi": 0.068, "risk": "Critical", "heat_zone": 3, "color": "#e74c3c", "city": "Chennai"}}, {"type": "Feature", "geometry": {"type": "Point", "coordinates": [80.18698451339098, 13.072470230945234]}, "properties": {"lst": 39.35, "ndvi": 0.392, "ndbi": -0.181, "risk": "High", "heat_zone": 2, "color": "#e67e22", "city": "Chennai"}}, {"type": "Feature", "geometry": {"type": "Point", "coordinates": [80.17172838726309, 12.951878429611464]}, "properties": {"lst": 41.04, "ndvi": 0.189, "ndbi": -0.002, "risk": "Critical", "heat_zone": 3, "color": "#e74c3c", "city": "Chennai"}}, {"type": "Feature", "geometry": {"type": "Point", "coordinates": [80.23304981126552, 13.116884965473666]}, "properties": {"lst": 39.28, "ndvi": 0.327, "ndbi": -0.022, "risk": "Critical", "heat_zone": 3, "color": "#e74c3c", "city": "Chennai"}}, {"type": "Feature", "geometry": {"type": "Point", "coordinates": [80.1860131203148, 13.033280155053212]}, "properties": {"lst": 39.83, "ndvi": 0.26, "ndbi": 0.006, "risk": "Critical", "heat_zone": 3, "color": "#e74c3c", "city": "Chennai"}}, {"type": "Feature", "geometry": {"type": "Point", "coordinates": [80.16587694486017, 13.1460994135605]}, "properties": {"lst": 31.39, "ndvi": -0.036, "ndbi": -0.236, "risk": "Moderate", "heat_zone": 1, "color": "#f1c40f", "city": "Chennai"}}, {"type": "Feature", "geometry": {"type": "Point", "coordinates": [80.25892701780367, 12.950450852326057]}, "properties": {"lst": 38.63, "ndvi": 0.456, "ndbi": -0.121, "risk": "High", "heat_zone": 2, "color": "#e67e22", "city": "Chennai"}}, {"type": "Feature", "geometry": {"type": "Point", "coordinates": [80.22889487722075, 13.135760290797366]}, "properties": {"lst": 40.16, "ndvi": 0.432, "ndbi": -0.161, "risk": "High", "heat_zone": 2, "color": "#e67e22", "city": "Chennai"}}, {"type": "Feature", "geometry": {"type": "Point", "coordinates": [80.30032274458443, 13.069291982457331]}, "properties": {"lst": 29.03, "ndvi": -0.128, "ndbi": 0.192, "risk": "Low", "heat_zone": 0, "color": "#2ecc71", "city": "Chennai"}}, {"type": "Feature", "geometry": {"type": "Point", "coordinates": [80.30014902584497, 12.95583245326996]}, "properties": {"lst": 29.27, "ndvi": 0.082, "ndbi": 0.23, "risk": "Low", "heat_zone": 0, "color": "#2ecc71", "city": "Chennai"}}, {"type": "Feature", "geometry": {"type": "Point", "coordinates": [80.161156867685, 13.012642645625297]}, "properties": {"lst": 40.29, "ndvi": 0.41, "ndbi": -0.052, "risk": "Critical", "heat_zone": 3, "color": "#e74c3c", "city": "Chennai"}}, {"type": "Feature", "geometry": {"type": "Point", "coordinates": [80.22197306309876, 12.953329372754386]}, "properties": {"lst": 47.63, "ndvi": 0.267, "ndbi": 0.052, "risk": "Critical", "heat_zone": 3, "color": "#e74c3c", "city": "Chennai"}}, {"type": "Feature", "geometry": {"type": "Point", "coordinates": [80.15470648098335, 12.910889977466791]}, "properties": {"lst": 39.16, "ndvi": 0.347, "ndbi": 0.005, "risk": "Critical", "heat_zone": 3, "color": "#e74c3c", "city": "Chennai"}}, {"type": "Feature", "geometry": {"type": "Point", "coordinates": [80.3094957315855, 12.907387428182783]}, "properties": {"lst": 29.39, "ndvi": 0.074, "ndbi": 0.233, "risk": "Low", "heat_zone": 0, "color": "#2ecc71", "city": "Chennai"}}, {"type": "Feature", "geometry": {"type": "Point", "coordinates": [80.24424148406335, 13.11750161376923]}, "properties": {"lst": 39.75, "ndvi": 0.252, "ndbi": 0.005, "risk": "Critical", "heat_zone": 3, "color": "#e74c3c", "city": "Chennai"}}, {"type": "Feature", "geometry": {"type": "Point", "coordinates": [80.19843532065867, 13.119149451632452]}, "properties": {"lst": 41.23, "ndvi": 0.203, "ndbi": -0.018, "risk": "Critical", "heat_zone": 3, "color": "#e74c3c", "city": "Chennai"}}, {"type": "Feature", "geometry": {"type": "Point", "coordinates": [80.34825671704355, 13.024164508423825]}, "properties": {"lst": 28.85, "ndvi": 0.193, "ndbi": 0.253, "risk": "Low", "heat_zone": 0, "color": "#2ecc71", "city": "Chennai"}}, {"type": "Feature", "geometry": {"type": "Point", "coordinates": [80.30344999047502, 13.128033973571144]}, "properties": {"lst": 30.53, "ndvi": 0.009, "ndbi": 0.03, "risk": "Moderate", "heat_zone": 1, "color": "#f1c40f", "city": "Chennai"}}, {"type": "Feature", "geometry": {"type": "Point", "coordinates": [80.29399776250791, 13.047803859924729]}, "properties": {"lst": 28.97, "ndvi": -0.096, "ndbi": 0.17, "risk": "Low", "heat_zone": 0, "color": "#2ecc71", "city": "Chennai"}}, {"type": "Feature", "geometry": {"type": "Point", "coordinates": [80.18589406300791, 13.056785335667511]}, "properties": {"lst": 39.27, "ndvi": 0.164, "ndbi": 0.044, "risk": "Critical", "heat_zone": 3, "color": "#e74c3c", "city": "Chennai"}}, {"type": "Feature", "geometry": {"type": "Point", "coordinates": [80.16371634390113, 13.044695694865132]}, "properties": {"lst": 38.74, "ndvi": 0.248, "ndbi": 0.015, "risk": "Critical", "heat_zone": 3, "color": "#e74c3c", "city": "Chennai"}}, {"type": "Feature", "geometry": {"type": "Point", "coordinates": [80.25315827326288, 13.042082015222135]}, "properties": {"lst": 38.26, "ndvi": 0.411, "ndbi": -0.086, "risk": "High", "heat_zone": 2, "color": "#e67e22", "city": "Chennai"}}, {"type": "Feature", "geometry": {"type": "Point", "coordinates": [80.16798897355275, 13.12853555465384]}, "properties": {"lst": 41.07, "ndvi": 0.219, "ndbi": 0.026, "risk": "Critical", "heat_zone": 3, "color": "#e74c3c", "city": "Chennai"}}, {"type": "Feature", "geometry": {"type": "Point", "coordinates": [80.34113411678092, 12.953427488573968]}, "properties": {"lst": 28.55, "ndvi": 0.117, "ndbi": 0.196, "risk": "Low", "heat_zone": 0, "color": "#2ecc71", "city": "Chennai"}}, {"type": "Feature", "geometry": {"type": "Point", "coordinates": [80.31774635173433, 13.132180092441484]}, "properties": {"lst": 28.49, "ndvi": -0.244, "ndbi": 0.617, "risk": "Low", "heat_zone": 0, "color": "#2ecc71", "city": "Chennai"}}, {"type": "Feature", "geometry": {"type": "Point", "coordinates": [80.16397953455733, 13.054623613806244]}, "properties": {"lst": 40.93, "ndvi": 0.288, "ndbi": -0.029, "risk": "Critical", "heat_zone": 3, "color": "#e74c3c", "city": "Chennai"}}, {"type": "Feature", "geometry": {"type": "Point", "coordinates": [80.33510618269587, 13.02786218598413]}, "properties": {"lst": 29.14, "ndvi": 0.145, "ndbi": 0.206, "risk": "Low", "heat_zone": 0, "color": "#2ecc71", "city": "Chennai"}}, {"type": "Feature", "geometry": {"type": "Point", "coordinates": [80.1541283630488, 12.901354337513316]}, "properties": {"lst": 41.92, "ndvi": 0.383, "ndbi": -0.041, "risk": "Critical", "heat_zone": 3, "color": "#e74c3c", "city": "Chennai"}}, {"type": "Feature", "geometry": {"type": "Point", "coordinates": [80.23699307604683, 12.981040703578367]}, "properties": {"lst": 41.62, "ndvi": 0.198, "ndbi": 0.001, "risk": "Critical", "heat_zone": 3, "color": "#e74c3c", "city": "Chennai"}}, {"type": "Feature", "geometry": {"type": "Point", "coordinates": [80.29069189117625, 13.007708080421477]}, "properties": {"lst": 30.02, "ndvi": -0.112, "ndbi": 0.18, "risk": "Low", "heat_zone": 0, "color": "#2ecc71", "city": "Chennai"}}, {"type": "Feature", "geometry": {"type": "Point", "coordinates": [80.29080420401225, 13.00972331083248]}, "properties": {"lst": 29.98, "ndvi": 0.029, "ndbi": 0.165, "risk": "Low", "heat_zone": 0, "color": "#2ecc71", "city": "Chennai"}}, {"type": "Feature", "geometry": {"type": "Point", "coordinates": [80.26406073246646, 12.97624180522107]}, "properties": {"lst": 38.38, "ndvi": 0.208, "ndbi": -0.02, "risk": "Critical", "heat_zone": 3, "color": "#e74c3c", "city": "Chennai"}}, {"type": "Feature", "geometry": {"type": "Point", "coordinates": [80.27938041048338, 12.930060616591376]}, "properties": {"lst": 29.48, "ndvi": 0.055, "ndbi": 0.22, "risk": "Low", "heat_zone": 0, "color": "#2ecc71", "city": "Chennai"}}, {"type": "Feature", "geometry": {"type": "Point", "coordinates": [80.2559100696375, 13.084683186898628]}, "properties": {"lst": 40.81, "ndvi": 0.212, "ndbi": 0.077, "risk": "Critical", "heat_zone": 3, "color": "#e74c3c", "city": "Chennai"}}, {"type": "Feature", "geometry": {"type": "Point", "coordinates": [80.17949868657534, 13.107070559153412]}, "properties": {"lst": 39.9, "ndvi": 0.675, "ndbi": -0.167, "risk": "High", "heat_zone": 2, "color": "#e67e22", "city": "Chennai"}}, {"type": "Feature", "geometry": {"type": "Point", "coordinates": [80.180111542912, 12.99732319269452]}, "properties": {"lst": 42.24, "ndvi": 0.427, "ndbi": -0.048, "risk": "Critical", "heat_zone": 3, "color": "#e74c3c", "city": "Chennai"}}, {"type": "Feature", "geometry": {"type": "Point", "coordinates": [80.26259017769421, 12.941539389679606]}, "properties": {"lst": 29.49, "ndvi": -0.066, "ndbi": -0.235, "risk": "Moderate", "heat_zone": 1, "color": "#f1c40f", "city": "Chennai"}}, {"type": "Feature", "geometry": {"type": "Point", "coordinates": [80.21158068087297, 13.006181570483896]}, "properties": {"lst": 39.93, "ndvi": 0.373, "ndbi": -0.016, "risk": "Critical", "heat_zone": 3, "color": "#e74c3c", "city": "Chennai"}}, {"type": "Feature", "geometry": {"type": "Point", "coordinates": [80.28331104377455, 13.128775533833942]}, "properties": {"lst": 44.26, "ndvi": 0.131, "ndbi": 0.157, "risk": "Critical", "heat_zone": 3, "color": "#e74c3c", "city": "Chennai"}}, {"type": "Feature", "geometry": {"type": "Point", "coordinates": [80.23802241501873, 12.972104549710634]}, "properties": {"lst": 41.62, "ndvi": 0.222, "ndbi": 0.005, "risk": "Critical", "heat_zone": 3, "color": "#e74c3c", "city": "Chennai"}}, {"type": "Feature", "geometry": {"type": "Point", "coordinates": [80.17910291108156, 13.10752511307182]}, "properties": {"lst": 40.76, "ndvi": 0.301, "ndbi": 0.078, "risk": "Critical", "heat_zone": 3, "color": "#e74c3c", "city": "Chennai"}}, {"type": "Feature", "geometry": {"type": "Point", "coordinates": [80.19981854511492, 12.940644080524924]}, "properties": {"lst": 39.28, "ndvi": 0.483, "ndbi": -0.095, "risk": "High", "heat_zone": 2, "color": "#e67e22", "city": "Chennai"}}, {"type": "Feature", "geometry": {"type": "Point", "coordinates": [80.18685270824385, 12.980333853511206]}, "properties": {"lst": 38.73, "ndvi": 0.288, "ndbi": -0.008, "risk": "Critical", "heat_zone": 3, "color": "#e74c3c", "city": "Chennai"}}, {"type": "Feature", "geometry": {"type": "Point", "coordinates": [80.20437816780748, 13.062301608816323]}, "properties": {"lst": 38.36, "ndvi": 0.5, "ndbi": -0.131, "risk": "High", "heat_zone": 2, "color": "#e67e22", "city": "Chennai"}}, {"type": "Feature", "geometry": {"type": "Point", "coordinates": [80.29451834604376, 12.937391192550702]}, "properties": {"lst": 29.37, "ndvi": 0.049, "ndbi": 0.231, "risk": "Low", "heat_zone": 0, "color": "#2ecc71", "city": "Chennai"}}, {"type": "Feature", "geometry": {"type": "Point", "coordinates": [80.3021721877066, 13.144924078736524]}, "properties": {"lst": 31.28, "ndvi": -0.083, "ndbi": -0.272, "risk": "Moderate", "heat_zone": 1, "color": "#f1c40f", "city": "Chennai"}}, {"type": "Feature", "geometry": {"type": "Point", "coordinates": [80.27528474957032, 12.933880532660552]}, "properties": {"lst": 29.3, "ndvi": 0.022, "ndbi": 0.206, "risk": "Low", "heat_zone": 0, "color": "#2ecc71", "city": "Chennai"}}, {"type": "Feature", "geometry": {"type": "Point", "coordinates": [80.2461640124583, 13.072051357245105]}, "properties": {"lst": 39.82, "ndvi": 0.235, "ndbi": -0.0, "risk": "Critical", "heat_zone": 3, "color": "#e74c3c", "city": "Chennai"}}, {"type": "Feature", "geometry": {"type": "Point", "coordinates": [80.31607537224522, 12.97735852197552]}, "properties": {"lst": 29.19, "ndvi": 0.14, "ndbi": 0.185, "risk": "Low", "heat_zone": 0, "color": "#2ecc71", "city": "Chennai"}}, {"type": "Feature", "geometry": {"type": "Point", "coordinates": [80.20584482485025, 13.076960984456552]}, "properties": {"lst": 39.38, "ndvi": 0.196, "ndbi": 0.028, "risk": "Critical", "heat_zone": 3, "color": "#e74c3c", "city": "Chennai"}}, {"type": "Feature", "geometry": {"type": "Point", "coordinates": [80.31729502626106, 12.962521928331952]}, "properties": {"lst": 29.45, "ndvi": 0.136, "ndbi": 0.212, "risk": "Low", "heat_zone": 0, "color": "#2ecc71", "city": "Chennai"}}, {"type": "Feature", "geometry": {"type": "Point", "coordinates": [80.22137628548037, 13.1016023613962]}, "properties": {"lst": 42.73, "ndvi": 0.403, "ndbi": -0.009, "risk": "Critical", "heat_zone": 3, "color": "#e74c3c", "city": "Chennai"}}, {"type": "Feature", "geometry": {"type": "Point", "coordinates": [80.277850027672, 13.089668230939164]}, "properties": {"lst": 41.92, "ndvi": 0.176, "ndbi": 0.087, "risk": "Critical", "heat_zone": 3, "color": "#e74c3c", "city": "Chennai"}}, {"type": "Feature", "geometry": {"type": "Point", "coordinates": [80.27362957939222, 12.959554843934525]}, "properties": {"lst": 28.93, "ndvi": -0.173, "ndbi": 0.29, "risk": "Low", "heat_zone": 0, "color": "#2ecc71", "city": "Chennai"}}, {"type": "Feature", "geometry": {"type": "Point", "coordinates": [80.23161844334801, 13.012542136022844]}, "properties": {"lst": 37.24, "ndvi": 0.274, "ndbi": -0.011, "risk": "Critical", "heat_zone": 3, "color": "#e74c3c", "city": "Chennai"}}, {"type": "Feature", "geometry": {"type": "Point", "coordinates": [80.18309607113441, 13.060617347331617]}, "properties": {"lst": 41.55, "ndvi": 0.219, "ndbi": 0.023, "risk": "Critical", "heat_zone": 3, "color": "#e74c3c", "city": "Chennai"}}, {"type": "Feature", "geometry": {"type": "Point", "coordinates": [80.31949270284596, 13.030184912671848]}, "properties": {"lst": 29.15, "ndvi": 0.193, "ndbi": 0.366, "risk": "Low", "heat_zone": 0, "color": "#2ecc71", "city": "Chennai"}}, {"type": "Feature", "geometry": {"type": "Point", "coordinates": [80.3491501451222, 12.976868204125138]}, "properties": {"lst": 29.15, "ndvi": 0.151, "ndbi": 0.264, "risk": "Low", "heat_zone": 0, "color": "#2ecc71", "city": "Chennai"}}, {"type": "Feature", "geometry": {"type": "Point", "coordinates": [80.32704605091584, 13.038971131718938]}, "properties": {"lst": 29.29, "ndvi": 0.135, "ndbi": 0.203, "risk": "Low", "heat_zone": 0, "color": "#2ecc71", "city": "Chennai"}}, {"type": "Feature", "geometry": {"type": "Point", "coordinates": [80.16856017275391, 13.066287819603096]}, "properties": {"lst": 37.29, "ndvi": 0.474, "ndbi": -0.093, "risk": "High", "heat_zone": 2, "color": "#e67e22", "city": "Chennai"}}, {"type": "Feature", "geometry": {"type": "Point", "coordinates": [80.18226977630431, 13.111755751921551]}, "properties": {"lst": 39.0, "ndvi": 0.323, "ndbi": 0.002, "risk": "Critical", "heat_zone": 3, "color": "#e74c3c", "city": "Chennai"}}, {"type": "Feature", "geometry": {"type": "Point", "coordinates": [80.22650935578487, 13.014454749685854]}, "properties": {"lst": 39.18, "ndvi": 0.415, "ndbi": -0.111, "risk": "High", "heat_zone": 2, "color": "#e67e22", "city": "Chennai"}}, {"type": "Feature", "geometry": {"type": "Point", "coordinates": [80.31671206908808, 13.014761941465556]}, "properties": {"lst": 29.35, "ndvi": 0.067, "ndbi": 0.213, "risk": "Low", "heat_zone": 0, "color": "#2ecc71", "city": "Chennai"}}, {"type": "Feature", "geometry": {"type": "Point", "coordinates": [80.3416888163795, 13.056447296420748]}, "properties": {"lst": 29.31, "ndvi": 0.132, "ndbi": 0.226, "risk": "Low", "heat_zone": 0, "color": "#2ecc71", "city": "Chennai"}}, {"type": "Feature", "geometry": {"type": "Point", "coordinates": [80.18956517828062, 12.955587003109583]}, "properties": {"lst": 42.95, "ndvi": 0.323, "ndbi": -0.015, "risk": "Critical", "heat_zone": 3, "color": "#e74c3c", "city": "Chennai"}}, {"type": "Feature", "geometry": {"type": "Point", "coordinates": [80.23401755761034, 13.14353845719572]}, "properties": {"lst": 43.99, "ndvi": 0.297, "ndbi": -0.022, "risk": "Critical", "heat_zone": 3, "color": "#e74c3c", "city": "Chennai"}}, {"type": "Feature", "geometry": {"type": "Point", "coordinates": [80.32610941361992, 13.118918823972203]}, "properties": {"lst": 29.09, "ndvi": 0.031, "ndbi": 0.176, "risk": "Low", "heat_zone": 0, "color": "#2ecc71", "city": "Chennai"}}, {"type": "Feature", "geometry": {"type": "Point", "coordinates": [80.34315591107772, 13.003001945180715]}, "properties": {"lst": 29.03, "ndvi": 0.08, "ndbi": 0.173, "risk": "Low", "heat_zone": 0, "color": "#2ecc71", "city": "Chennai"}}, {"type": "Feature", "geometry": {"type": "Point", "coordinates": [80.29600957877787, 13.024464993262336]}, "properties": {"lst": 29.63, "ndvi": -0.09, "ndbi": 0.237, "risk": "Low", "heat_zone": 0, "color": "#2ecc71", "city": "Chennai"}}, {"type": "Feature", "geometry": {"type": "Point", "coordinates": [80.23416172653207, 13.05186979444812]}, "properties": {"lst": 39.3, "ndvi": 0.355, "ndbi": -0.062, "risk": "Critical", "heat_zone": 3, "color": "#e74c3c", "city": "Chennai"}}, {"type": "Feature", "geometry": {"type": "Point", "coordinates": [80.32921250453109, 13.116471160795664]}, "properties": {"lst": 29.39, "ndvi": 0.007, "ndbi": 0.217, "risk": "Low", "heat_zone": 0, "color": "#2ecc71", "city": "Chennai"}}, {"type": "Feature", "geometry": {"type": "Point", "coordinates": [80.31286133709689, 13.06425648582381]}, "properties": {"lst": 29.19, "ndvi": -0.256, "ndbi": 0.364, "risk": "Low", "heat_zone": 0, "color": "#2ecc71", "city": "Chennai"}}, {"type": "Feature", "geometry": {"type": "Point", "coordinates": [80.16147223881099, 12.963206912258803]}, "properties": {"lst": 41.01, "ndvi": 0.256, "ndbi": 0.023, "risk": "Critical", "heat_zone": 3, "color": "#e74c3c", "city": "Chennai"}}, {"type": "Feature", "geometry": {"type": "Point", "coordinates": [80.26935946068262, 12.962023635906904]}, "properties": {"lst": 29.32, "ndvi": -0.08, "ndbi": -0.128, "risk": "Moderate", "heat_zone": 1, "color": "#f1c40f", "city": "Chennai"}}, {"type": "Feature", "geometry": {"type": "Point", "coordinates": [80.15706546568428, 12.900220402645203]}, "properties": {"lst": 39.8, "ndvi": 0.471, "ndbi": -0.083, "risk": "High", "heat_zone": 2, "color": "#e67e22", "city": "Chennai"}}, {"type": "Feature", "geometry": {"type": "Point", "coordinates": [80.21908795832445, 13.138817822935112]}, "properties": {"lst": 38.97, "ndvi": 0.335, "ndbi": -0.053, "risk": "Critical", "heat_zone": 3, "color": "#e74c3c", "city": "Chennai"}}, {"type": "Feature", "geometry": {"type": "Point", "coordinates": [80.25872532188717, 12.989606107183748]}, "properties": {"lst": 38.78, "ndvi": 0.188, "ndbi": 0.019, "risk": "Critical", "heat_zone": 3, "color": "#e74c3c", "city": "Chennai"}}, {"type": "Feature", "geometry": {"type": "Point", "coordinates": [80.28236535758425, 13.083158855262688]}, "properties": {"lst": 40.91, "ndvi": 0.314, "ndbi": -0.05, "risk": "Critical", "heat_zone": 3, "color": "#e74c3c", "city": "Chennai"}}, {"type": "Feature", "geometry": {"type": "Point", "coordinates": [80.18614129964907, 13.112988159000496]}, "properties": {"lst": 39.94, "ndvi": 0.341, "ndbi": -0.039, "risk": "Critical", "heat_zone": 3, "color": "#e74c3c", "city": "Chennai"}}, {"type": "Feature", "geometry": {"type": "Point", "coordinates": [80.27432560675891, 13.017787722987228]}, "properties": {"lst": 35.67, "ndvi": 0.357, "ndbi": -0.167, "risk": "Critical", "heat_zone": 3, "color": "#e74c3c", "city": "Chennai"}}, {"type": "Feature", "geometry": {"type": "Point", "coordinates": [80.18480366605486, 13.077589517979613]}, "properties": {"lst": 39.29, "ndvi": 0.272, "ndbi": 0.023, "risk": "Critical", "heat_zone": 3, "color": "#e74c3c", "city": "Chennai"}}, {"type": "Feature", "geometry": {"type": "Point", "coordinates": [80.28915218109015, 13.006143786653528]}, "properties": {"lst": 30.06, "ndvi": -0.119, "ndbi": 0.156, "risk": "Low", "heat_zone": 0, "color": "#2ecc71", "city": "Chennai"}}, {"type": "Feature", "geometry": {"type": "Point", "coordinates": [80.33038410032839, 12.976815949689632]}, "properties": {"lst": 29.16, "ndvi": 0.044, "ndbi": 0.271, "risk": "Low", "heat_zone": 0, "color": "#2ecc71", "city": "Chennai"}}, {"type": "Feature", "geometry": {"type": "Point", "coordinates": [80.21453046021975, 12.958604911183814]}, "properties": {"lst": 36.96, "ndvi": 0.501, "ndbi": -0.107, "risk": "High", "heat_zone": 2, "color": "#e67e22", "city": "Chennai"}}, {"type": "Feature", "geometry": {"type": "Point", "coordinates": [80.20689734338022, 12.926159361133529]}, "properties": {"lst": 39.36, "ndvi": 0.415, "ndbi": -0.054, "risk": "Critical", "heat_zone": 3, "color": "#e74c3c", "city": "Chennai"}}, {"type": "Feature", "geometry": {"type": "Point", "coordinates": [80.34021168734445, 12.923171247072911]}, "properties": {"lst": 29.18, "ndvi": 0.151, "ndbi": 0.24, "risk": "Low", "heat_zone": 0, "color": "#2ecc71", "city": "Chennai"}}, {"type": "Feature", "geometry": {"type": "Point", "coordinates": [80.23412903986792, 12.948865712125668]}, "properties": {"lst": 39.77, "ndvi": 0.14, "ndbi": -0.058, "risk": "Critical", "heat_zone": 3, "color": "#e74c3c", "city": "Chennai"}}, {"type": "Feature", "geometry": {"type": "Point", "coordinates": [80.15973892586263, 13.09129278170991]}, "properties": {"lst": 41.36, "ndvi": 0.279, "ndbi": -0.01, "risk": "Critical", "heat_zone": 3, "color": "#e74c3c", "city": "Chennai"}}, {"type": "Feature", "geometry": {"type": "Point", "coordinates": [80.2229051404059, 13.130603839727607]}, "properties": {"lst": 40.45, "ndvi": 0.23, "ndbi": -0.034, "risk": "Critical", "heat_zone": 3, "color": "#e74c3c", "city": "Chennai"}}, {"type": "Feature", "geometry": {"type": "Point", "coordinates": [80.2462458695287, 13.009553409671073]}, "properties": {"lst": 35.25, "ndvi": 0.548, "ndbi": -0.152, "risk": "High", "heat_zone": 2, "color": "#e67e22", "city": "Chennai"}}, {"type": "Feature", "geometry": {"type": "Point", "coordinates": [80.18700841432674, 12.922220838281826]}, "properties": {"lst": 39.34, "ndvi": 0.262, "ndbi": -0.014, "risk": "Critical", "heat_zone": 3, "color": "#e74c3c", "city": "Chennai"}}, {"type": "Feature", "geometry": {"type": "Point", "coordinates": [80.15790917980239, 13.06755428943324]}, "properties": {"lst": 39.95, "ndvi": 0.268, "ndbi": -0.044, "risk": "Critical", "heat_zone": 3, "color": "#e74c3c", "city": "Chennai"}}, {"type": "Feature", "geometry": {"type": "Point", "coordinates": [80.25591434836981, 13.040318677890507]}, "properties": {"lst": 38.29, "ndvi": 0.336, "ndbi": -0.105, "risk": "Critical", "heat_zone": 3, "color": "#e74c3c", "city": "Chennai"}}, {"type": "Feature", "geometry": {"type": "Point", "coordinates": [80.3206431469275, 13.100080749045256]}, "properties": {"lst": 28.48, "ndvi": -0.276, "ndbi": 0.445, "risk": "Low", "heat_zone": 0, "color": "#2ecc71", "city": "Chennai"}}, {"type": "Feature", "geometry": {"type": "Point", "coordinates": [80.21579971727199, 13.011314778225024]}, "properties": {"lst": 37.59, "ndvi": 0.592, "ndbi": -0.196, "risk": "High", "heat_zone": 2, "color": "#e67e22", "city": "Chennai"}}, {"type": "Feature", "geometry": {"type": "Point", "coordinates": [80.21900187608666, 13.035526228521666]}, "properties": {"lst": 39.55, "ndvi": 0.359, "ndbi": -0.128, "risk": "Critical", "heat_zone": 3, "color": "#e74c3c", "city": "Chennai"}}, {"type": "Feature", "geometry": {"type": "Point", "coordinates": [80.27487703956355, 13.124839951243962]}, "properties": {"lst": 42.17, "ndvi": 0.207, "ndbi": 0.03, "risk": "Critical", "heat_zone": 3, "color": "#e74c3c", "city": "Chennai"}}, {"type": "Feature", "geometry": {"type": "Point", "coordinates": [80.22728389940794, 13.017352580986108]}, "properties": {"lst": 38.7, "ndvi": 0.299, "ndbi": -0.028, "risk": "Critical", "heat_zone": 3, "color": "#e74c3c", "city": "Chennai"}}, {"type": "Feature", "geometry": {"type": "Point", "coordinates": [80.29421415246262, 12.979084250862703]}, "properties": {"lst": 28.54, "ndvi": -0.124, "ndbi": 0.194, "risk": "Low", "heat_zone": 0, "color": "#2ecc71", "city": "Chennai"}}, {"type": "Feature", "geometry": {"type": "Point", "coordinates": [80.25481098193126, 12.937687172465594]}, "properties": {"lst": 41.96, "ndvi": 0.213, "ndbi": 0.03, "risk": "Critical", "heat_zone": 3, "color": "#e74c3c", "city": "Chennai"}}, {"type": "Feature", "geometry": {"type": "Point", "coordinates": [80.15229791501643, 12.92133650611635]}, "properties": {"lst": 38.88, "ndvi": 0.401, "ndbi": 0.004, "risk": "Critical", "heat_zone": 3, "color": "#e74c3c", "city": "Chennai"}}, {"type": "Feature", "geometry": {"type": "Point", "coordinates": [80.26274642784229, 13.101206687200806]}, "properties": {"lst": 41.86, "ndvi": 0.196, "ndbi": 0.075, "risk": "Critical", "heat_zone": 3, "color": "#e74c3c", "city": "Chennai"}}, {"type": "Feature", "geometry": {"type": "Point", "coordinates": [80.33263430203503, 13.059515747211458]}, "properties": {"lst": 29.43, "ndvi": 0.135, "ndbi": 0.185, "risk": "Low", "heat_zone": 0, "color": "#2ecc71", "city": "Chennai"}}, {"type": "Feature", "geometry": {"type": "Point", "coordinates": [80.18425714814269, 13.12808770742875]}, "properties": {"lst": 39.36, "ndvi": 0.409, "ndbi": 0.006, "risk": "Critical", "heat_zone": 3, "color": "#e74c3c", "city": "Chennai"}}, {"type": "Feature", "geometry": {"type": "Point", "coordinates": [80.2736134137955, 13.101236317501645]}, "properties": {"lst": 39.11, "ndvi": 0.519, "ndbi": -0.238, "risk": "High", "heat_zone": 2, "color": "#e67e22", "city": "Chennai"}}, {"type": "Feature", "geometry": {"type": "Point", "coordinates": [80.22550345466232, 13.089929343474582]}, "properties": {"lst": 37.98, "ndvi": 0.302, "ndbi": -0.042, "risk": "Critical", "heat_zone": 3, "color": "#e74c3c", "city": "Chennai"}}, {"type": "Feature", "geometry": {"type": "Point", "coordinates": [80.30819849661528, 13.07519877090455]}, "properties": {"lst": 28.02, "ndvi": -0.208, "ndbi": 0.632, "risk": "Low", "heat_zone": 0, "color": "#2ecc71", "city": "Chennai"}}, {"type": "Feature", "geometry": {"type": "Point", "coordinates": [80.24999672545816, 12.969838946837182]}, "properties": {"lst": 39.47, "ndvi": 0.185, "ndbi": -0.024, "risk": "Critical", "heat_zone": 3, "color": "#e74c3c", "city": "Chennai"}}, {"type": "Feature", "geometry": {"type": "Point", "coordinates": [80.24340746681051, 13.139776966394386]}, "properties": {"lst": 40.97, "ndvi": 0.302, "ndbi": 0.016, "risk": "Critical", "heat_zone": 3, "color": "#e74c3c", "city": "Chennai"}}, {"type": "Feature", "geometry": {"type": "Point", "coordinates": [80.33717886761313, 12.904073671015704]}, "properties": {"lst": 29.09, "ndvi": 0.097, "ndbi": 0.219, "risk": "Low", "heat_zone": 0, "color": "#2ecc71", "city": "Chennai"}}, {"type": "Feature", "geometry": {"type": "Point", "coordinates": [80.16398203356422, 13.088560565993532]}, "properties": {"lst": 42.66, "ndvi": 0.424, "ndbi": -0.029, "risk": "Critical", "heat_zone": 3, "color": "#e74c3c", "city": "Chennai"}}, {"type": "Feature", "geometry": {"type": "Point", "coordinates": [80.16505665780228, 13.120879939482792]}, "properties": {"lst": 37.19, "ndvi": 0.356, "ndbi": -0.057, "risk": "Critical", "heat_zone": 3, "color": "#e74c3c", "city": "Chennai"}}, {"type": "Feature", "geometry": {"type": "Point", "coordinates": [80.19023348952776, 13.016869133268278]}, "properties": {"lst": 38.48, "ndvi": 0.406, "ndbi": -0.02, "risk": "Critical", "heat_zone": 3, "color": "#e74c3c", "city": "Chennai"}}, {"type": "Feature", "geometry": {"type": "Point", "coordinates": [80.34362336672999, 13.085393500988294]}, "properties": {"lst": 29.42, "ndvi": 0.118, "ndbi": 0.206, "risk": "Low", "heat_zone": 0, "color": "#2ecc71", "city": "Chennai"}}, {"type": "Feature", "geometry": {"type": "Point", "coordinates": [80.28686295278693, 13.107053697643398]}, "properties": {"lst": 39.8, "ndvi": 0.406, "ndbi": -0.141, "risk": "High", "heat_zone": 2, "color": "#e67e22", "city": "Chennai"}}, {"type": "Feature", "geometry": {"type": "Point", "coordinates": [80.2883561901261, 12.916277632881746]}, "properties": {"lst": 29.31, "ndvi": 0.054, "ndbi": 0.259, "risk": "Low", "heat_zone": 0, "color": "#2ecc71", "city": "Chennai"}}, {"type": "Feature", "geometry": {"type": "Point", "coordinates": [80.18365931744202, 13.134155550480909]}, "properties": {"lst": 37.82, "ndvi": 0.24, "ndbi": -0.057, "risk": "Critical", "heat_zone": 3, "color": "#e74c3c", "city": "Chennai"}}, {"type": "Feature", "geometry": {"type": "Point", "coordinates": [80.24167055412848, 13.048199969113474]}, "properties": {"lst": 38.16, "ndvi": 0.302, "ndbi": -0.075, "risk": "Critical", "heat_zone": 3, "color": "#e74c3c", "city": "Chennai"}}, {"type": "Feature", "geometry": {"type": "Point", "coordinates": [80.17689558965091, 13.03995218251351]}, "properties": {"lst": 39.54, "ndvi": 0.257, "ndbi": -0.015, "risk": "Critical", "heat_zone": 3, "color": "#e74c3c", "city": "Chennai"}}, {"type": "Feature", "geometry": {"type": "Point", "coordinates": [80.3168153695983, 13.05337692830848]}, "properties": {"lst": 29.81, "ndvi": 0.135, "ndbi": 0.204, "risk": "Low", "heat_zone": 0, "color": "#2ecc71", "city": "Chennai"}}, {"type": "Feature", "geometry": {"type": "Point", "coordinates": [80.19902101765214, 13.038934768237675]}, "properties": {"lst": 38.33, "ndvi": 0.52, "ndbi": -0.201, "risk": "High", "heat_zone": 2, "color": "#e67e22", "city": "Chennai"}}, {"type": "Feature", "geometry": {"type": "Point", "coordinates": [80.17683743990985, 13.093624884462228]}, "properties": {"lst": 42.25, "ndvi": 0.219, "ndbi": 0.034, "risk": "Critical", "heat_zone": 3, "color": "#e74c3c", "city": "Chennai"}}, {"type": "Feature", "geometry": {"type": "Point", "coordinates": [80.2865976953701, 12.93048127349937]}, "properties": {"lst": 29.44, "ndvi": 0.046, "ndbi": 0.24, "risk": "Low", "heat_zone": 0, "color": "#2ecc71", "city": "Chennai"}}, {"type": "Feature", "geometry": {"type": "Point", "coordinates": [80.27575744669905, 13.148231958265624]}, "properties": {"lst": 40.79, "ndvi": 0.41, "ndbi": -0.085, "risk": "Critical", "heat_zone": 3, "color": "#e74c3c", "city": "Chennai"}}, {"type": "Feature", "geometry": {"type": "Point", "coordinates": [80.30829410847747, 13.019324042453205]}, "properties": {"lst": 29.84, "ndvi": 0.173, "ndbi": 0.308, "risk": "Low", "heat_zone": 0, "color": "#2ecc71", "city": "Chennai"}}, {"type": "Feature", "geometry": {"type": "Point", "coordinates": [80.30423114536612, 13.055698986347496]}, "properties": {"lst": 29.43, "ndvi": -0.101, "ndbi": 0.238, "risk": "Low", "heat_zone": 0, "color": "#2ecc71", "city": "Chennai"}}, {"type": "Feature", "geometry": {"type": "Point", "coordinates": [80.16363948570887, 13.05801947310882]}, "properties": {"lst": 40.78, "ndvi": 0.242, "ndbi": 0.028, "risk": "Critical", "heat_zone": 3, "color": "#e74c3c", "city": "Chennai"}}, {"type": "Feature", "geometry": {"type": "Point", "coordinates": [80.2405484225884, 13.052289172646743]}, "properties": {"lst": 40.24, "ndvi": 0.33, "ndbi": -0.085, "risk": "Critical", "heat_zone": 3, "color": "#e74c3c", "city": "Chennai"}}, {"type": "Feature", "geometry": {"type": "Point", "coordinates": [80.32337520342693, 13.109178986661655]}, "properties": {"lst": 29.32, "ndvi": 0.032, "ndbi": 0.15, "risk": "Low", "heat_zone": 0, "color": "#2ecc71", "city": "Chennai"}}, {"type": "Feature", "geometry": {"type": "Point", "coordinates": [80.15763487482316, 12.953623711517606]}, "properties": {"lst": 37.24, "ndvi": 0.503, "ndbi": -0.241, "risk": "High", "heat_zone": 2, "color": "#e67e22", "city": "Chennai"}}, {"type": "Feature", "geometry": {"type": "Point", "coordinates": [80.21958243690244, 12.95012652133297]}, "properties": {"lst": 32.94, "ndvi": 0.713, "ndbi": -0.363, "risk": "High", "heat_zone": 2, "color": "#e67e22", "city": "Chennai"}}, {"type": "Feature", "geometry": {"type": "Point", "coordinates": [80.24137325877079, 13.111363455195754]}, "properties": {"lst": 40.19, "ndvi": 0.382, "ndbi": -0.073, "risk": "Critical", "heat_zone": 3, "color": "#e74c3c", "city": "Chennai"}}, {"type": "Feature", "geometry": {"type": "Point", "coordinates": [80.25472252592502, 13.038100939660248]}, "properties": {"lst": 39.0, "ndvi": 0.354, "ndbi": -0.06, "risk": "Critical", "heat_zone": 3, "color": "#e74c3c", "city": "Chennai"}}, {"type": "Feature", "geometry": {"type": "Point", "coordinates": [80.17816773834983, 12.969028243969504]}, "properties": {"lst": 40.34, "ndvi": 0.242, "ndbi": 0.014, "risk": "Critical", "heat_zone": 3, "color": "#e74c3c", "city": "Chennai"}}, {"type": "Feature", "geometry": {"type": "Point", "coordinates": [80.17918571341794, 13.09820276314225]}, "properties": {"lst": 40.87, "ndvi": 0.325, "ndbi": -0.011, "risk": "Critical", "heat_zone": 3, "color": "#e74c3c", "city": "Chennai"}}, {"type": "Feature", "geometry": {"type": "Point", "coordinates": [80.15366975280406, 13.125969133285723]}, "properties": {"lst": 38.9, "ndvi": 0.308, "ndbi": 0.0, "risk": "Critical", "heat_zone": 3, "color": "#e74c3c", "city": "Chennai"}}, {"type": "Feature", "geometry": {"type": "Point", "coordinates": [80.30890417223036, 12.919763479719805]}, "properties": {"lst": 29.57, "ndvi": 0.077, "ndbi": 0.25, "risk": "Low", "heat_zone": 0, "color": "#2ecc71", "city": "Chennai"}}, {"type": "Feature", "geometry": {"type": "Point", "coordinates": [80.34547757523401, 13.1313203682826]}, "properties": {"lst": 29.01, "ndvi": 0.096, "ndbi": 0.319, "risk": "Low", "heat_zone": 0, "color": "#2ecc71", "city": "Chennai"}}, {"type": "Feature", "geometry": {"type": "Point", "coordinates": [80.31583546572068, 13.05326449214695]}, "properties": {"lst": 29.72, "ndvi": 0.101, "ndbi": 0.227, "risk": "Low", "heat_zone": 0, "color": "#2ecc71", "city": "Chennai"}}, {"type": "Feature", "geometry": {"type": "Point", "coordinates": [80.15935932803754, 13.0200098535892]}, "properties": {"lst": 38.7, "ndvi": 0.358, "ndbi": -0.053, "risk": "Critical", "heat_zone": 3, "color": "#e74c3c", "city": "Chennai"}}, {"type": "Feature", "geometry": {"type": "Point", "coordinates": [80.34950813736334, 12.922922347225477]}, "properties": {"lst": 29.19, "ndvi": 0.136, "ndbi": 0.23, "risk": "Low", "heat_zone": 0, "color": "#2ecc71", "city": "Chennai"}}, {"type": "Feature", "geometry": {"type": "Point", "coordinates": [80.1807989526337, 12.981138695653357]}, "properties": {"lst": 38.87, "ndvi": 0.371, "ndbi": -0.062, "risk": "Critical", "heat_zone": 3, "color": "#e74c3c", "city": "Chennai"}}, {"type": "Feature", "geometry": {"type": "Point", "coordinates": [80.30739949399491, 13.005180617234195]}, "properties": {"lst": 29.69, "ndvi": 0.144, "ndbi": 0.202, "risk": "Low", "heat_zone": 0, "color": "#2ecc71", "city": "Chennai"}}, {"type": "Feature", "geometry": {"type": "Point", "coordinates": [80.19935810003578, 13.063994097602004]}, "properties": {"lst": 39.97, "ndvi": 0.423, "ndbi": -0.078, "risk": "High", "heat_zone": 2, "color": "#e67e22", "city": "Chennai"}}, {"type": "Feature", "geometry": {"type": "Point", "coordinates": [80.1589713904994, 12.94391738212337]}, "properties": {"lst": 39.79, "ndvi": 0.325, "ndbi": 0.007, "risk": "Critical", "heat_zone": 3, "color": "#e74c3c", "city": "Chennai"}}, {"type": "Feature", "geometry": {"type": "Point", "coordinates": [80.28116455567796, 13.11704348452796]}, "properties": {"lst": 40.69, "ndvi": 0.191, "ndbi": 0.052, "risk": "Critical", "heat_zone": 3, "color": "#e74c3c", "city": "Chennai"}}, {"type": "Feature", "geometry": {"type": "Point", "coordinates": [80.25613271982763, 13.108687607591005]}, "properties": {"lst": 39.64, "ndvi": 0.346, "ndbi": -0.041, "risk": "Critical", "heat_zone": 3, "color": "#e74c3c", "city": "Chennai"}}, {"type": "Feature", "geometry": {"type": "Point", "coordinates": [80.16074759625594, 13.14278670044679]}, "properties": {"lst": 31.2, "ndvi": 0.004, "ndbi": -0.177, "risk": "Moderate", "heat_zone": 1, "color": "#f1c40f", "city": "Chennai"}}, {"type": "Feature", "geometry": {"type": "Point", "coordinates": [80.25847376113792, 13.036170877320105]}, "properties": {"lst": 37.53, "ndvi": 0.333, "ndbi": -0.024, "risk": "Critical", "heat_zone": 3, "color": "#e74c3c", "city": "Chennai"}}, {"type": "Feature", "geometry": {"type": "Point", "coordinates": [80.31033117954843, 12.965901926399775]}, "properties": {"lst": 29.37, "ndvi": 0.124, "ndbi": 0.237, "risk": "Low", "heat_zone": 0, "color": "#2ecc71", "city": "Chennai"}}, {"type": "Feature", "geometry": {"type": "Point", "coordinates": [80.29266831293556, 12.935988027092648]}, "properties": {"lst": 29.3, "ndvi": 0.061, "ndbi": 0.259, "risk": "Low", "heat_zone": 0, "color": "#2ecc71", "city": "Chennai"}}, {"type": "Feature", "geometry": {"type": "Point", "coordinates": [80.16333392182042, 13.0156199617569]}, "properties": {"lst": 41.04, "ndvi": 0.387, "ndbi": 0.008, "risk": "Critical", "heat_zone": 3, "color": "#e74c3c", "city": "Chennai"}}, {"type": "Feature", "geometry": {"type": "Point", "coordinates": [80.22021415673586, 13.019509304785666]}, "properties": {"lst": 39.8, "ndvi": 0.221, "ndbi": 0.005, "risk": "Critical", "heat_zone": 3, "color": "#e74c3c", "city": "Chennai"}}, {"type": "Feature", "geometry": {"type": "Point", "coordinates": [80.16927476070546, 13.028596604668778]}, "properties": {"lst": 40.49, "ndvi": 0.202, "ndbi": -0.026, "risk": "Critical", "heat_zone": 3, "color": "#e74c3c", "city": "Chennai"}}, {"type": "Feature", "geometry": {"type": "Point", "coordinates": [80.28610056167997, 13.10441871939222]}, "properties": {"lst": 40.21, "ndvi": 0.32, "ndbi": -0.018, "risk": "Critical", "heat_zone": 3, "color": "#e74c3c", "city": "Chennai"}}, {"type": "Feature", "geometry": {"type": "Point", "coordinates": [80.3469566778613, 13.06230310499687]}, "properties": {"lst": 28.74, "ndvi": 0.14, "ndbi": 0.255, "risk": "Low", "heat_zone": 0, "color": "#2ecc71", "city": "Chennai"}}, {"type": "Feature", "geometry": {"type": "Point", "coordinates": [80.23682309478836, 12.943560362905783]}, "properties": {"lst": 40.89, "ndvi": 0.474, "ndbi": -0.124, "risk": "High", "heat_zone": 2, "color": "#e67e22", "city": "Chennai"}}, {"type": "Feature", "geometry": {"type": "Point", "coordinates": [80.2830964254056, 13.12421714674367]}, "properties": {"lst": 39.42, "ndvi": 0.113, "ndbi": 0.123, "risk": "Critical", "heat_zone": 3, "color": "#e74c3c", "city": "Chennai"}}, {"type": "Feature", "geometry": {"type": "Point", "coordinates": [80.1971409685393, 13.019155284425304]}, "properties": {"lst": 39.45, "ndvi": 0.281, "ndbi": -0.07, "risk": "Critical", "heat_zone": 3, "color": "#e74c3c", "city": "Chennai"}}, {"type": "Feature", "geometry": {"type": "Point", "coordinates": [80.17415398652128, 12.919961317999718]}, "properties": {"lst": 35.67, "ndvi": 0.701, "ndbi": -0.203, "risk": "High", "heat_zone": 2, "color": "#e67e22", "city": "Chennai"}}, {"type": "Feature", "geometry": {"type": "Point", "coordinates": [80.20408332533745, 13.148847015321897]}, "properties": {"lst": 40.18, "ndvi": 0.273, "ndbi": -0.018, "risk": "Critical", "heat_zone": 3, "color": "#e74c3c", "city": "Chennai"}}, {"type": "Feature", "geometry": {"type": "Point", "coordinates": [80.32602353729555, 13.04379427048987]}, "properties": {"lst": 29.37, "ndvi": 0.123, "ndbi": 0.221, "risk": "Low", "heat_zone": 0, "color": "#2ecc71", "city": "Chennai"}}, {"type": "Feature", "geometry": {"type": "Point", "coordinates": [80.21192451257747, 13.132911253442558]}, "properties": {"lst": 37.09, "ndvi": 0.242, "ndbi": 0.027, "risk": "Critical", "heat_zone": 3, "color": "#e74c3c", "city": "Chennai"}}, {"type": "Feature", "geometry": {"type": "Point", "coordinates": [80.15915530562788, 12.98299024440702]}, "properties": {"lst": 44.09, "ndvi": 0.126, "ndbi": 0.033, "risk": "Critical", "heat_zone": 3, "color": "#e74c3c", "city": "Chennai"}}, {"type": "Feature", "geometry": {"type": "Point", "coordinates": [80.17706737729603, 12.997873907738825]}, "properties": {"lst": 43.18, "ndvi": 0.4, "ndbi": 0.021, "risk": "Critical", "heat_zone": 3, "color": "#e74c3c", "city": "Chennai"}}, {"type": "Feature", "geometry": {"type": "Point", "coordinates": [80.3236918652954, 13.019211443128176]}, "properties": {"lst": 29.58, "ndvi": 0.152, "ndbi": 0.219, "risk": "Low", "heat_zone": 0, "color": "#2ecc71", "city": "Chennai"}}, {"type": "Feature", "geometry": {"type": "Point", "coordinates": [80.17759136958418, 13.120539663304248]}, "properties": {"lst": 33.42, "ndvi": 0.566, "ndbi": -0.224, "risk": "High", "heat_zone": 2, "color": "#e67e22", "city": "Chennai"}}, {"type": "Feature", "geometry": {"type": "Point", "coordinates": [80.33312422802712, 13.099884226312769]}, "properties": {"lst": 28.71, "ndvi": 0.039, "ndbi": 0.236, "risk": "Low", "heat_zone": 0, "color": "#2ecc71", "city": "Chennai"}}, {"type": "Feature", "geometry": {"type": "Point", "coordinates": [80.27848842869786, 12.938303655720116]}, "properties": {"lst": 29.49, "ndvi": 0.061, "ndbi": 0.201, "risk": "Low", "heat_zone": 0, "color": "#2ecc71", "city": "Chennai"}}, {"type": "Feature", "geometry": {"type": "Point", "coordinates": [80.25587160263446, 13.115032735139106]}, "properties": {"lst": 40.38, "ndvi": 0.258, "ndbi": 0.027, "risk": "Critical", "heat_zone": 3, "color": "#e74c3c", "city": "Chennai"}}, {"type": "Feature", "geometry": {"type": "Point", "coordinates": [80.30565146047226, 13.060508737571755]}, "properties": {"lst": 29.55, "ndvi": -0.17, "ndbi": 0.377, "risk": "Low", "heat_zone": 0, "color": "#2ecc71", "city": "Chennai"}}, {"type": "Feature", "geometry": {"type": "Point", "coordinates": [80.21163381960426, 13.127216591648844]}, "properties": {"lst": 39.07, "ndvi": 0.357, "ndbi": -0.065, "risk": "Critical", "heat_zone": 3, "color": "#e74c3c", "city": "Chennai"}}, {"type": "Feature", "geometry": {"type": "Point", "coordinates": [80.28213722687745, 13.049132863150986]}, "properties": {"lst": 49.17, "ndvi": 0.131, "ndbi": 0.128, "risk": "Critical", "heat_zone": 3, "color": "#e74c3c", "city": "Chennai"}}, {"type": "Feature", "geometry": {"type": "Point", "coordinates": [80.34064368945367, 12.9840513456658]}, "properties": {"lst": 29.28, "ndvi": 0.132, "ndbi": 0.187, "risk": "Low", "heat_zone": 0, "color": "#2ecc71", "city": "Chennai"}}, {"type": "Feature", "geometry": {"type": "Point", "coordinates": [80.2134876517241, 13.052858577440585]}, "properties": {"lst": 39.48, "ndvi": 0.111, "ndbi": -0.025, "risk": "Critical", "heat_zone": 3, "color": "#e74c3c", "city": "Chennai"}}, {"type": "Feature", "geometry": {"type": "Point", "coordinates": [80.29428573468181, 12.980817193484398]}, "properties": {"lst": 28.33, "ndvi": -0.09, "ndbi": 0.153, "risk": "Low", "heat_zone": 0, "color": "#2ecc71", "city": "Chennai"}}, {"type": "Feature", "geometry": {"type": "Point", "coordinates": [80.26756031520462, 13.048394519417352]}, "properties": {"lst": 38.82, "ndvi": 0.424, "ndbi": -0.129, "risk": "High", "heat_zone": 2, "color": "#e67e22", "city": "Chennai"}}, {"type": "Feature", "geometry": {"type": "Point", "coordinates": [80.22975535130169, 12.975836192846598]}, "properties": {"lst": 40.45, "ndvi": 0.372, "ndbi": -0.06, "risk": "Critical", "heat_zone": 3, "color": "#e74c3c", "city": "Chennai"}}, {"type": "Feature", "geometry": {"type": "Point", "coordinates": [80.24271576061474, 12.947434626468432]}, "properties": {"lst": 39.94, "ndvi": 0.274, "ndbi": -0.065, "risk": "Critical", "heat_zone": 3, "color": "#e74c3c", "city": "Chennai"}}, {"type": "Feature", "geometry": {"type": "Point", "coordinates": [80.31039632194458, 12.98337490567539]}, "properties": {"lst": 29.28, "ndvi": 0.108, "ndbi": 0.218, "risk": "Low", "heat_zone": 0, "color": "#2ecc71", "city": "Chennai"}}, {"type": "Feature", "geometry": {"type": "Point", "coordinates": [80.32513504196744, 12.938876998363124]}, "properties": {"lst": 29.06, "ndvi": 0.118, "ndbi": 0.193, "risk": "Low", "heat_zone": 0, "color": "#2ecc71", "city": "Chennai"}}, {"type": "Feature", "geometry": {"type": "Point", "coordinates": [80.16616626815664, 13.033605421070146]}, "properties": {"lst": 39.37, "ndvi": 0.551, "ndbi": -0.13, "risk": "High", "heat_zone": 2, "color": "#e67e22", "city": "Chennai"}}, {"type": "Feature", "geometry": {"type": "Point", "coordinates": [80.29445278815578, 12.942948399085942]}, "properties": {"lst": 29.38, "ndvi": 0.068, "ndbi": 0.306, "risk": "Low", "heat_zone": 0, "color": "#2ecc71", "city": "Chennai"}}, {"type": "Feature", "geometry": {"type": "Point", "coordinates": [80.21859540552326, 13.134944780978074]}, "properties": {"lst": 40.02, "ndvi": 0.234, "ndbi": 0.032, "risk": "Critical", "heat_zone": 3, "color": "#e74c3c", "city": "Chennai"}}, {"type": "Feature", "geometry": {"type": "Point", "coordinates": [80.23967439861757, 13.108921066064273]}, "properties": {"lst": 40.4, "ndvi": 0.336, "ndbi": -0.033, "risk": "Critical", "heat_zone": 3, "color": "#e74c3c", "city": "Chennai"}}, {"type": "Feature", "geometry": {"type": "Point", "coordinates": [80.27454442391911, 12.956128038072364]}, "properties": {"lst": 28.92, "ndvi": -0.092, "ndbi": 0.282, "risk": "Low", "heat_zone": 0, "color": "#2ecc71", "city": "Chennai"}}, {"type": "Feature", "geometry": {"type": "Point", "coordinates": [80.29415651366155, 12.944514370657606]}, "properties": {"lst": 29.19, "ndvi": 0.051, "ndbi": 0.246, "risk": "Low", "heat_zone": 0, "color": "#2ecc71", "city": "Chennai"}}, {"type": "Feature", "geometry": {"type": "Point", "coordinates": [80.19442660404408, 12.939766835790392]}, "properties": {"lst": 39.9, "ndvi": 0.427, "ndbi": -0.148, "risk": "High", "heat_zone": 2, "color": "#e67e22", "city": "Chennai"}}, {"type": "Feature", "geometry": {"type": "Point", "coordinates": [80.16974747261477, 13.027622478494637]}, "properties": {"lst": 39.82, "ndvi": 0.312, "ndbi": -0.073, "risk": "Critical", "heat_zone": 3, "color": "#e74c3c", "city": "Chennai"}}, {"type": "Feature", "geometry": {"type": "Point", "coordinates": [80.17427727369592, 13.095728495747233]}, "properties": {"lst": 43.15, "ndvi": 0.146, "ndbi": 0.079, "risk": "Critical", "heat_zone": 3, "color": "#e74c3c", "city": "Chennai"}}, {"type": "Feature", "geometry": {"type": "Point", "coordinates": [80.2628021938834, 13.0156654437103]}, "properties": {"lst": 34.71, "ndvi": 0.325, "ndbi": 0.001, "risk": "Critical", "heat_zone": 3, "color": "#e74c3c", "city": "Chennai"}}, {"type": "Feature", "geometry": {"type": "Point", "coordinates": [80.16500952845945, 12.937170047664946]}, "properties": {"lst": 31.71, "ndvi": 0.135, "ndbi": -0.292, "risk": "Moderate", "heat_zone": 1, "color": "#f1c40f", "city": "Chennai"}}, {"type": "Feature", "geometry": {"type": "Point", "coordinates": [80.16347081637205, 13.029811615502354]}, "properties": {"lst": 38.96, "ndvi": 0.361, "ndbi": -0.011, "risk": "Critical", "heat_zone": 3, "color": "#e74c3c", "city": "Chennai"}}, {"type": "Feature", "geometry": {"type": "Point", "coordinates": [80.2741908175023, 12.950407488419328]}, "properties": {"lst": 28.12, "ndvi": -0.13, "ndbi": 0.174, "risk": "Low", "heat_zone": 0, "color": "#2ecc71", "city": "Chennai"}}, {"type": "Feature", "geometry": {"type": "Point", "coordinates": [80.22409689668368, 13.107898631982618]}, "properties": {"lst": 39.77, "ndvi": 0.502, "ndbi": -0.177, "risk": "High", "heat_zone": 2, "color": "#e67e22", "city": "Chennai"}}, {"type": "Feature", "geometry": {"type": "Point", "coordinates": [80.15486646994255, 13.003336467476633]}, "properties": {"lst": 36.25, "ndvi": 0.672, "ndbi": -0.282, "risk": "High", "heat_zone": 2, "color": "#e67e22", "city": "Chennai"}}, {"type": "Feature", "geometry": {"type": "Point", "coordinates": [80.17449434019808, 12.996301372942929]}, "properties": {"lst": 44.07, "ndvi": 0.46, "ndbi": 0.03, "risk": "Critical", "heat_zone": 3, "color": "#e74c3c", "city": "Chennai"}}, {"type": "Feature", "geometry": {"type": "Point", "coordinates": [80.31244402412094, 13.022216880533604]}, "properties": {"lst": 29.76, "ndvi": 0.151, "ndbi": 0.236, "risk": "Low", "heat_zone": 0, "color": "#2ecc71", "city": "Chennai"}}, {"type": "Feature", "geometry": {"type": "Point", "coordinates": [80.1941623279023, 13.112297190675203]}, "properties": {"lst": 38.15, "ndvi": 0.45, "ndbi": -0.144, "risk": "High", "heat_zone": 2, "color": "#e67e22", "city": "Chennai"}}, {"type": "Feature", "geometry": {"type": "Point", "coordinates": [80.17976021343594, 12.91894082982921]}, "properties": {"lst": 40.56, "ndvi": 0.255, "ndbi": -0.022, "risk": "Critical", "heat_zone": 3, "color": "#e74c3c", "city": "Chennai"}}, {"type": "Feature", "geometry": {"type": "Point", "coordinates": [80.29418423882164, 13.035201466596805]}, "properties": {"lst": 29.63, "ndvi": -0.212, "ndbi": 0.185, "risk": "Low", "heat_zone": 0, "color": "#2ecc71", "city": "Chennai"}}, {"type": "Feature", "geometry": {"type": "Point", "coordinates": [80.30801541691991, 12.911308738298771]}, "properties": {"lst": 29.54, "ndvi": 0.053, "ndbi": 0.264, "risk": "Low", "heat_zone": 0, "color": "#2ecc71", "city": "Chennai"}}, {"type": "Feature", "geometry": {"type": "Point", "coordinates": [80.33547625927048, 13.025527950659512]}, "properties": {"lst": 29.24, "ndvi": 0.153, "ndbi": 0.214, "risk": "Low", "heat_zone": 0, "color": "#2ecc71", "city": "Chennai"}}, {"type": "Feature", "geometry": {"type": "Point", "coordinates": [80.24697261545734, 13.144055491789096]}, "properties": {"lst": 39.49, "ndvi": 0.301, "ndbi": -0.025, "risk": "Critical", "heat_zone": 3, "color": "#e74c3c", "city": "Chennai"}}, {"type": "Feature", "geometry": {"type": "Point", "coordinates": [80.2379807377925, 12.997754350154988]}, "properties": {"lst": 36.23, "ndvi": 0.25, "ndbi": 0.066, "risk": "Critical", "heat_zone": 3, "color": "#e74c3c", "city": "Chennai"}}, {"type": "Feature", "geometry": {"type": "Point", "coordinates": [80.16254274372365, 13.019637664117356]}, "properties": {"lst": 39.15, "ndvi": 0.394, "ndbi": -0.006, "risk": "Critical", "heat_zone": 3, "color": "#e74c3c", "city": "Chennai"}}, {"type": "Feature", "geometry": {"type": "Point", "coordinates": [80.23357447611531, 13.080591127893198]}, "properties": {"lst": 38.55, "ndvi": 0.424, "ndbi": -0.135, "risk": "High", "heat_zone": 2, "color": "#e67e22", "city": "Chennai"}}, {"type": "Feature", "geometry": {"type": "Point", "coordinates": [80.3466026353268, 13.043339857859207]}, "properties": {"lst": 28.48, "ndvi": 0.113, "ndbi": 0.23, "risk": "Low", "heat_zone": 0, "color": "#2ecc71", "city": "Chennai"}}, {"type": "Feature", "geometry": {"type": "Point", "coordinates": [80.26763896054239, 13.042929325421891]}, "properties": {"lst": 39.87, "ndvi": 0.264, "ndbi": -0.068, "risk": "Critical", "heat_zone": 3, "color": "#e74c3c", "city": "Chennai"}}, {"type": "Feature", "geometry": {"type": "Point", "coordinates": [80.26998259881962, 12.915397978900424]}, "properties": {"lst": 28.42, "ndvi": -0.053, "ndbi": 0.292, "risk": "Low", "heat_zone": 0, "color": "#2ecc71", "city": "Chennai"}}, {"type": "Feature", "geometry": {"type": "Point", "coordinates": [80.15695512279517, 12.945436057855888]}, "properties": {"lst": 40.19, "ndvi": 0.333, "ndbi": -0.037, "risk": "Critical", "heat_zone": 3, "color": "#e74c3c", "city": "Chennai"}}, {"type": "Feature", "geometry": {"type": "Point", "coordinates": [80.3280457382703, 12.950177561118588]}, "properties": {"lst": 28.94, "ndvi": 0.07, "ndbi": 0.179, "risk": "Low", "heat_zone": 0, "color": "#2ecc71", "city": "Chennai"}}, {"type": "Feature", "geometry": {"type": "Point", "coordinates": [80.19914694286614, 12.967640311319157]}, "properties": {"lst": 38.8, "ndvi": 0.278, "ndbi": -0.044, "risk": "Critical", "heat_zone": 3, "color": "#e74c3c", "city": "Chennai"}}, {"type": "Feature", "geometry": {"type": "Point", "coordinates": [80.16649529903448, 12.953642103323563]}, "properties": {"lst": 42.66, "ndvi": 0.25, "ndbi": 0.0, "risk": "Critical", "heat_zone": 3, "color": "#e74c3c", "city": "Chennai"}}, {"type": "Feature", "geometry": {"type": "Point", "coordinates": [80.2669971103263, 13.066127613809766]}, "properties": {"lst": 41.95, "ndvi": 0.315, "ndbi": 0.005, "risk": "Critical", "heat_zone": 3, "color": "#e74c3c", "city": "Chennai"}}, {"type": "Feature", "geometry": {"type": "Point", "coordinates": [80.15906816172472, 13.058146208187043]}, "properties": {"lst": 40.81, "ndvi": 0.277, "ndbi": -0.081, "risk": "Critical", "heat_zone": 3, "color": "#e74c3c", "city": "Chennai"}}, {"type": "Feature", "geometry": {"type": "Point", "coordinates": [80.27560169105999, 12.968049764721094]}, "properties": {"lst": 28.98, "ndvi": -0.111, "ndbi": 0.209, "risk": "Low", "heat_zone": 0, "color": "#2ecc71", "city": "Chennai"}}, {"type": "Feature", "geometry": {"type": "Point", "coordinates": [80.3213012789557, 13.046571421118587]}, "properties": {"lst": 29.39, "ndvi": 0.114, "ndbi": 0.195, "risk": "Low", "heat_zone": 0, "color": "#2ecc71", "city": "Chennai"}}, {"type": "Feature", "geometry": {"type": "Point", "coordinates": [80.28222593828698, 13.141295671300256]}, "properties": {"lst": 44.71, "ndvi": 0.188, "ndbi": 0.072, "risk": "Critical", "heat_zone": 3, "color": "#e74c3c", "city": "Chennai"}}, {"type": "Feature", "geometry": {"type": "Point", "coordinates": [80.20100586214662, 12.979726928727288]}, "properties": {"lst": 39.46, "ndvi": 0.213, "ndbi": 0.003, "risk": "Critical", "heat_zone": 3, "color": "#e74c3c", "city": "Chennai"}}, {"type": "Feature", "geometry": {"type": "Point", "coordinates": [80.22088723220148, 13.03162832069847]}, "properties": {"lst": 40.98, "ndvi": 0.316, "ndbi": -0.041, "risk": "Critical", "heat_zone": 3, "color": "#e74c3c", "city": "Chennai"}}, {"type": "Feature", "geometry": {"type": "Point", "coordinates": [80.30108861305999, 13.027152050063703]}, "properties": {"lst": 29.63, "ndvi": 0.169, "ndbi": 0.229, "risk": "Low", "heat_zone": 0, "color": "#2ecc71", "city": "Chennai"}}, {"type": "Feature", "geometry": {"type": "Point", "coordinates": [80.20425170309953, 13.03634991160078]}, "properties": {"lst": 38.48, "ndvi": 0.321, "ndbi": 0.018, "risk": "Critical", "heat_zone": 3, "color": "#e74c3c", "city": "Chennai"}}, {"type": "Feature", "geometry": {"type": "Point", "coordinates": [80.21247315514826, 12.91807940612472]}, "properties": {"lst": 38.85, "ndvi": 0.401, "ndbi": -0.185, "risk": "High", "heat_zone": 2, "color": "#e67e22", "city": "Chennai"}}, {"type": "Feature", "geometry": {"type": "Point", "coordinates": [80.29000143280429, 13.10379197950258]}, "properties": {"lst": 40.23, "ndvi": 0.642, "ndbi": -0.25, "risk": "High", "heat_zone": 2, "color": "#e67e22", "city": "Chennai"}}, {"type": "Feature", "geometry": {"type": "Point", "coordinates": [80.25822521175957, 13.131726936760003]}, "properties": {"lst": 39.13, "ndvi": 0.477, "ndbi": -0.113, "risk": "High", "heat_zone": 2, "color": "#e67e22", "city": "Chennai"}}, {"type": "Feature", "geometry": {"type": "Point", "coordinates": [80.15004892930608, 12.906048694147737]}, "properties": {"lst": 39.92, "ndvi": 0.313, "ndbi": -0.019, "risk": "Critical", "heat_zone": 3, "color": "#e74c3c", "city": "Chennai"}}, {"type": "Feature", "geometry": {"type": "Point", "coordinates": [80.1618722972527, 13.07536308912005]}, "properties": {"lst": 40.43, "ndvi": 0.2, "ndbi": 0.029, "risk": "Critical", "heat_zone": 3, "color": "#e74c3c", "city": "Chennai"}}, {"type": "Feature", "geometry": {"type": "Point", "coordinates": [80.18003120449059, 13.110140900036283]}, "properties": {"lst": 40.81, "ndvi": 0.278, "ndbi": 0.002, "risk": "Critical", "heat_zone": 3, "color": "#e74c3c", "city": "Chennai"}}, {"type": "Feature", "geometry": {"type": "Point", "coordinates": [80.30129154171111, 12.99245163963914]}, "properties": {"lst": 29.49, "ndvi": 0.061, "ndbi": 0.179, "risk": "Low", "heat_zone": 0, "color": "#2ecc71", "city": "Chennai"}}, {"type": "Feature", "geometry": {"type": "Point", "coordinates": [80.33198523775368, 13.087750530318282]}, "properties": {"lst": 29.45, "ndvi": -0.163, "ndbi": 0.198, "risk": "Low", "heat_zone": 0, "color": "#2ecc71", "city": "Chennai"}}, {"type": "Feature", "geometry": {"type": "Point", "coordinates": [80.33451082331297, 13.008080717625155]}, "properties": {"lst": 29.12, "ndvi": 0.092, "ndbi": 0.255, "risk": "Low", "heat_zone": 0, "color": "#2ecc71", "city": "Chennai"}}, {"type": "Feature", "geometry": {"type": "Point", "coordinates": [80.24938574435348, 13.015187801944403]}, "properties": {"lst": 39.39, "ndvi": 0.467, "ndbi": -0.116, "risk": "High", "heat_zone": 2, "color": "#e67e22", "city": "Chennai"}}, {"type": "Feature", "geometry": {"type": "Point", "coordinates": [80.26369798032728, 12.927961826203154]}, "properties": {"lst": 29.12, "ndvi": -0.066, "ndbi": -0.068, "risk": "Moderate", "heat_zone": 1, "color": "#f1c40f", "city": "Chennai"}}, {"type": "Feature", "geometry": {"type": "Point", "coordinates": [80.2107849879264, 12.940807743687618]}, "properties": {"lst": 39.48, "ndvi": 0.357, "ndbi": -0.031, "risk": "Critical", "heat_zone": 3, "color": "#e74c3c", "city": "Chennai"}}, {"type": "Feature", "geometry": {"type": "Point", "coordinates": [80.23733203467326, 13.017421920988427]}, "properties": {"lst": 35.28, "ndvi": 0.66, "ndbi": -0.256, "risk": "High", "heat_zone": 2, "color": "#e67e22", "city": "Chennai"}}, {"type": "Feature", "geometry": {"type": "Point", "coordinates": [80.25296148684419, 13.081933608565487]}, "properties": {"lst": 39.83, "ndvi": 0.201, "ndbi": 0.01, "risk": "Critical", "heat_zone": 3, "color": "#e74c3c", "city": "Chennai"}}, {"type": "Feature", "geometry": {"type": "Point", "coordinates": [80.27735906939206, 13.086710911856285]}, "properties": {"lst": 41.44, "ndvi": 0.15, "ndbi": 0.09, "risk": "Critical", "heat_zone": 3, "color": "#e74c3c", "city": "Chennai"}}, {"type": "Feature", "geometry": {"type": "Point", "coordinates": [80.18630428200439, 13.04479994985054]}, "properties": {"lst": 38.54, "ndvi": 0.511, "ndbi": -0.15, "risk": "High", "heat_zone": 2, "color": "#e67e22", "city": "Chennai"}}, {"type": "Feature", "geometry": {"type": "Point", "coordinates": [80.21459100509982, 13.08189550956964]}, "properties": {"lst": 38.34, "ndvi": 0.303, "ndbi": -0.07, "risk": "Critical", "heat_zone": 3, "color": "#e74c3c", "city": "Chennai"}}, {"type": "Feature", "geometry": {"type": "Point", "coordinates": [80.17548782501052, 12.995076727493691]}, "properties": {"lst": 44.9, "ndvi": 0.401, "ndbi": 0.039, "risk": "Critical", "heat_zone": 3, "color": "#e74c3c", "city": "Chennai"}}, {"type": "Feature", "geometry": {"type": "Point", "coordinates": [80.21614219704647, 13.14116179525226]}, "properties": {"lst": 37.2, "ndvi": 0.579, "ndbi": -0.164, "risk": "High", "heat_zone": 2, "color": "#e67e22", "city": "Chennai"}}, {"type": "Feature", "geometry": {"type": "Point", "coordinates": [80.16036215401878, 13.112643904842535]}, "properties": {"lst": 42.51, "ndvi": 0.473, "ndbi": -0.105, "risk": "High", "heat_zone": 2, "color": "#e67e22", "city": "Chennai"}}, {"type": "Feature", "geometry": {"type": "Point", "coordinates": [80.23461071160206, 12.959625446360873]}, "properties": {"lst": 39.04, "ndvi": 0.154, "ndbi": -0.006, "risk": "Critical", "heat_zone": 3, "color": "#e74c3c", "city": "Chennai"}}, {"type": "Feature", "geometry": {"type": "Point", "coordinates": [80.28164148394318, 13.12065159108556]}, "properties": {"lst": 41.84, "ndvi": 0.209, "ndbi": 0.075, "risk": "Critical", "heat_zone": 3, "color": "#e74c3c", "city": "Chennai"}}, {"type": "Feature", "geometry": {"type": "Point", "coordinates": [80.31265287872654, 12.913802825707211]}, "properties": {"lst": 29.29, "ndvi": 0.075, "ndbi": 0.242, "risk": "Low", "heat_zone": 0, "color": "#2ecc71", "city": "Chennai"}}, {"type": "Feature", "geometry": {"type": "Point", "coordinates": [80.20837894095465, 13.136266974554768]}, "properties": {"lst": 39.28, "ndvi": 0.196, "ndbi": 0.031, "risk": "Critical", "heat_zone": 3, "color": "#e74c3c", "city": "Chennai"}}, {"type": "Feature", "geometry": {"type": "Point", "coordinates": [80.20363481453008, 12.964280768815769]}, "properties": {"lst": 39.24, "ndvi": 0.233, "ndbi": -0.034, "risk": "Critical", "heat_zone": 3, "color": "#e74c3c", "city": "Chennai"}}, {"type": "Feature", "geometry": {"type": "Point", "coordinates": [80.16075178665476, 12.969640430800098]}, "properties": {"lst": 36.9, "ndvi": 0.682, "ndbi": -0.215, "risk": "High", "heat_zone": 2, "color": "#e67e22", "city": "Chennai"}}, {"type": "Feature", "geometry": {"type": "Point", "coordinates": [80.29998189670042, 12.969819462861084]}, "properties": {"lst": 29.57, "ndvi": 0.07, "ndbi": 0.225, "risk": "Low", "heat_zone": 0, "color": "#2ecc71", "city": "Chennai"}}, {"type": "Feature", "geometry": {"type": "Point", "coordinates": [80.26445940589001, 12.923321114751213]}, "properties": {"lst": 29.16, "ndvi": -0.087, "ndbi": 0.029, "risk": "Moderate", "heat_zone": 1, "color": "#f1c40f", "city": "Chennai"}}, {"type": "Feature", "geometry": {"type": "Point", "coordinates": [80.21047389104635, 13.066512432717465]}, "properties": {"lst": 40.31, "ndvi": 0.277, "ndbi": 0.005, "risk": "Critical", "heat_zone": 3, "color": "#e74c3c", "city": "Chennai"}}, {"type": "Feature", "geometry": {"type": "Point", "coordinates": [80.33951829382899, 13.110590527820792]}, "properties": {"lst": 29.58, "ndvi": 0.072, "ndbi": 0.2, "risk": "Low", "heat_zone": 0, "color": "#2ecc71", "city": "Chennai"}}, {"type": "Feature", "geometry": {"type": "Point", "coordinates": [80.23810861427215, 12.91779863800407]}, "properties": {"lst": 40.7, "ndvi": 0.487, "ndbi": -0.02, "risk": "High", "heat_zone": 2, "color": "#e67e22", "city": "Chennai"}}, {"type": "Feature", "geometry": {"type": "Point", "coordinates": [80.34213545863803, 13.040106769985249]}, "properties": {"lst": 28.93, "ndvi": 0.134, "ndbi": 0.211, "risk": "Low", "heat_zone": 0, "color": "#2ecc71", "city": "Chennai"}}, {"type": "Feature", "geometry": {"type": "Point", "coordinates": [80.34708342342248, 13.025039325986338]}, "properties": {"lst": 28.91, "ndvi": 0.189, "ndbi": 0.237, "risk": "Low", "heat_zone": 0, "color": "#2ecc71", "city": "Chennai"}}, {"type": "Feature", "geometry": {"type": "Point", "coordinates": [80.15008609507208, 13.062897647168166]}, "properties": {"lst": 39.37, "ndvi": 0.478, "ndbi": -0.215, "risk": "High", "heat_zone": 2, "color": "#e67e22", "city": "Chennai"}}, {"type": "Feature", "geometry": {"type": "Point", "coordinates": [80.29678940953704, 13.015835116363112]}, "properties": {"lst": 30.18, "ndvi": -0.001, "ndbi": 0.227, "risk": "Low", "heat_zone": 0, "color": "#2ecc71", "city": "Chennai"}}, {"type": "Feature", "geometry": {"type": "Point", "coordinates": [80.17789753178701, 12.956914590105578]}, "properties": {"lst": 38.61, "ndvi": 0.433, "ndbi": -0.119, "risk": "High", "heat_zone": 2, "color": "#e67e22", "city": "Chennai"}}, {"type": "Feature", "geometry": {"type": "Point", "coordinates": [80.26337161319982, 12.91780174216993]}, "properties": {"lst": 29.22, "ndvi": -0.028, "ndbi": -0.029, "risk": "Moderate", "heat_zone": 1, "color": "#f1c40f", "city": "Chennai"}}, {"type": "Feature", "geometry": {"type": "Point", "coordinates": [80.31645672571571, 12.99688514541657]}, "properties": {"lst": 29.32, "ndvi": 0.165, "ndbi": 0.189, "risk": "Low", "heat_zone": 0, "color": "#2ecc71", "city": "Chennai"}}, {"type": "Feature", "geometry": {"type": "Point", "coordinates": [80.33077157460637, 12.99403124752684]}, "properties": {"lst": 29.16, "ndvi": 0.152, "ndbi": 0.22, "risk": "Low", "heat_zone": 0, "color": "#2ecc71", "city": "Chennai"}}, {"type": "Feature", "geometry": {"type": "Point", "coordinates": [80.26709581235235, 12.941713198134492]}, "properties": {"lst": 29.08, "ndvi": -0.065, "ndbi": -0.011, "risk": "Moderate", "heat_zone": 1, "color": "#f1c40f", "city": "Chennai"}}, {"type": "Feature", "geometry": {"type": "Point", "coordinates": [80.2316370324268, 12.911270917492194]}, "properties": {"lst": 39.86, "ndvi": 0.256, "ndbi": 0.052, "risk": "Critical", "heat_zone": 3, "color": "#e74c3c", "city": "Chennai"}}, {"type": "Feature", "geometry": {"type": "Point", "coordinates": [80.19894940515363, 13.115296764053028]}, "properties": {"lst": 39.58, "ndvi": 0.358, "ndbi": -0.037, "risk": "Critical", "heat_zone": 3, "color": "#e74c3c", "city": "Chennai"}}, {"type": "Feature", "geometry": {"type": "Point", "coordinates": [80.15190644434927, 13.037290955871947]}, "properties": {"lst": 41.31, "ndvi": 0.193, "ndbi": 0.049, "risk": "Critical", "heat_zone": 3, "color": "#e74c3c", "city": "Chennai"}}, {"type": "Feature", "geometry": {"type": "Point", "coordinates": [80.25178069440027, 12.95560760768159]}, "properties": {"lst": 38.74, "ndvi": 0.399, "ndbi": -0.153, "risk": "High", "heat_zone": 2, "color": "#e67e22", "city": "Chennai"}}, {"type": "Feature", "geometry": {"type": "Point", "coordinates": [80.24300551212794, 13.059297336620483]}, "properties": {"lst": 39.71, "ndvi": 0.458, "ndbi": -0.126, "risk": "High", "heat_zone": 2, "color": "#e67e22", "city": "Chennai"}}, {"type": "Feature", "geometry": {"type": "Point", "coordinates": [80.28023040876954, 13.06588526148261]}, "properties": {"lst": 38.57, "ndvi": 0.54, "ndbi": -0.175, "risk": "High", "heat_zone": 2, "color": "#e67e22", "city": "Chennai"}}, {"type": "Feature", "geometry": {"type": "Point", "coordinates": [80.17989748356713, 12.96078259685263]}, "properties": {"lst": 37.24, "ndvi": 0.249, "ndbi": -0.008, "risk": "Critical", "heat_zone": 3, "color": "#e74c3c", "city": "Chennai"}}, {"type": "Feature", "geometry": {"type": "Point", "coordinates": [80.1688303092584, 13.04009583971971]}, "properties": {"lst": 41.96, "ndvi": 0.229, "ndbi": 0.051, "risk": "Critical", "heat_zone": 3, "color": "#e74c3c", "city": "Chennai"}}, {"type": "Feature", "geometry": {"type": "Point", "coordinates": [80.16939217750715, 13.148195542978083]}, "properties": {"lst": 31.41, "ndvi": -0.02, "ndbi": -0.109, "risk": "Moderate", "heat_zone": 1, "color": "#f1c40f", "city": "Chennai"}}, {"type": "Feature", "geometry": {"type": "Point", "coordinates": [80.32772406112078, 12.92617873792291]}, "properties": {"lst": 29.0, "ndvi": 0.15, "ndbi": 0.207, "risk": "Low", "heat_zone": 0, "color": "#2ecc71", "city": "Chennai"}}, {"type": "Feature", "geometry": {"type": "Point", "coordinates": [80.30579775685635, 12.984385580328818]}, "properties": {"lst": 29.27, "ndvi": 0.07, "ndbi": 0.241, "risk": "Low", "heat_zone": 0, "color": "#2ecc71", "city": "Chennai"}}, {"type": "Feature", "geometry": {"type": "Point", "coordinates": [80.30046719975789, 13.099053065476497]}, "properties": {"lst": 31.16, "ndvi": 0.047, "ndbi": 0.03, "risk": "Moderate", "heat_zone": 1, "color": "#f1c40f", "city": "Chennai"}}, {"type": "Feature", "geometry": {"type": "Point", "coordinates": [80.19872908414027, 12.940776687107974]}, "properties": {"lst": 39.85, "ndvi": 0.255, "ndbi": -0.017, "risk": "Critical", "heat_zone": 3, "color": "#e74c3c", "city": "Chennai"}}, {"type": "Feature", "geometry": {"type": "Point", "coordinates": [80.32486519663112, 13.13445809863776]}, "properties": {"lst": 29.5, "ndvi": 0.06, "ndbi": 0.483, "risk": "Low", "heat_zone": 0, "color": "#2ecc71", "city": "Chennai"}}, {"type": "Feature", "geometry": {"type": "Point", "coordinates": [80.30795728321489, 12.95497632420984]}, "properties": {"lst": 29.26, "ndvi": 0.162, "ndbi": 0.255, "risk": "Low", "heat_zone": 0, "color": "#2ecc71", "city": "Chennai"}}, {"type": "Feature", "geometry": {"type": "Point", "coordinates": [80.18427901473308, 13.130745259287032]}, "properties": {"lst": 38.9, "ndvi": 0.361, "ndbi": 0.002, "risk": "Critical", "heat_zone": 3, "color": "#e74c3c", "city": "Chennai"}}, {"type": "Feature", "geometry": {"type": "Point", "coordinates": [80.24951249527545, 12.90132489007004]}, "properties": {"lst": 40.57, "ndvi": 0.382, "ndbi": -0.056, "risk": "Critical", "heat_zone": 3, "color": "#e74c3c", "city": "Chennai"}}, {"type": "Feature", "geometry": {"type": "Point", "coordinates": [80.24066786097664, 13.122114848473018]}, "properties": {"lst": 41.67, "ndvi": 0.37, "ndbi": -0.068, "risk": "Critical", "heat_zone": 3, "color": "#e74c3c", "city": "Chennai"}}, {"type": "Feature", "geometry": {"type": "Point", "coordinates": [80.23151392216934, 13.011014239295973]}, "properties": {"lst": 36.47, "ndvi": 0.631, "ndbi": -0.253, "risk": "High", "heat_zone": 2, "color": "#e67e22", "city": "Chennai"}}, {"type": "Feature", "geometry": {"type": "Point", "coordinates": [80.28060740858665, 13.102373964218453]}, "properties": {"lst": 40.78, "ndvi": 0.186, "ndbi": 0.145, "risk": "Critical", "heat_zone": 3, "color": "#e74c3c", "city": "Chennai"}}, {"type": "Feature", "geometry": {"type": "Point", "coordinates": [80.23297663237523, 13.097557756733073]}, "properties": {"lst": 41.64, "ndvi": 0.275, "ndbi": 0.018, "risk": "Critical", "heat_zone": 3, "color": "#e74c3c", "city": "Chennai"}}, {"type": "Feature", "geometry": {"type": "Point", "coordinates": [80.15633457351848, 13.026904159339876]}, "properties": {"lst": 39.92, "ndvi": 0.248, "ndbi": -0.015, "risk": "Critical", "heat_zone": 3, "color": "#e74c3c", "city": "Chennai"}}, {"type": "Feature", "geometry": {"type": "Point", "coordinates": [80.28432279771732, 12.96816970022283]}, "properties": {"lst": 29.83, "ndvi": 0.027, "ndbi": 0.206, "risk": "Low", "heat_zone": 0, "color": "#2ecc71", "city": "Chennai"}}, {"type": "Feature", "geometry": {"type": "Point", "coordinates": [80.19968021930771, 12.92426560732588]}, "properties": {"lst": 39.19, "ndvi": 0.466, "ndbi": -0.126, "risk": "High", "heat_zone": 2, "color": "#e67e22", "city": "Chennai"}}, {"type": "Feature", "geometry": {"type": "Point", "coordinates": [80.17376477332277, 13.062813457260818]}, "properties": {"lst": 37.86, "ndvi": 0.312, "ndbi": -0.032, "risk": "Critical", "heat_zone": 3, "color": "#e74c3c", "city": "Chennai"}}, {"type": "Feature", "geometry": {"type": "Point", "coordinates": [80.27709375292785, 13.06271598537306]}, "properties": {"lst": 41.52, "ndvi": 0.156, "ndbi": 0.112, "risk": "Critical", "heat_zone": 3, "color": "#e74c3c", "city": "Chennai"}}, {"type": "Feature", "geometry": {"type": "Point", "coordinates": [80.27362750745297, 13.147324019884666]}, "properties": {"lst": 36.72, "ndvi": 0.352, "ndbi": -0.047, "risk": "Critical", "heat_zone": 3, "color": "#e74c3c", "city": "Chennai"}}, {"type": "Feature", "geometry": {"type": "Point", "coordinates": [80.24938469659408, 13.017189744649237]}, "properties": {"lst": 32.79, "ndvi": 0.132, "ndbi": -0.305, "risk": "Moderate", "heat_zone": 1, "color": "#f1c40f", "city": "Chennai"}}, {"type": "Feature", "geometry": {"type": "Point", "coordinates": [80.22129584157149, 13.12558409661852]}, "properties": {"lst": 41.11, "ndvi": 0.212, "ndbi": 0.05, "risk": "Critical", "heat_zone": 3, "color": "#e74c3c", "city": "Chennai"}}, {"type": "Feature", "geometry": {"type": "Point", "coordinates": [80.34622165411487, 12.95221586164537]}, "properties": {"lst": 28.7, "ndvi": 0.105, "ndbi": 0.169, "risk": "Low", "heat_zone": 0, "color": "#2ecc71", "city": "Chennai"}}, {"type": "Feature", "geometry": {"type": "Point", "coordinates": [80.17713562676033, 13.054299335005176]}, "properties": {"lst": 39.1, "ndvi": 0.239, "ndbi": 0.066, "risk": "Critical", "heat_zone": 3, "color": "#e74c3c", "city": "Chennai"}}, {"type": "Feature", "geometry": {"type": "Point", "coordinates": [80.28420471421781, 13.124287502751304]}, "properties": {"lst": 40.27, "ndvi": 0.515, "ndbi": -0.183, "risk": "High", "heat_zone": 2, "color": "#e67e22", "city": "Chennai"}}, {"type": "Feature", "geometry": {"type": "Point", "coordinates": [80.16520094762329, 12.939183194605867]}, "properties": {"lst": 31.25, "ndvi": 0.132, "ndbi": -0.26, "risk": "Moderate", "heat_zone": 1, "color": "#f1c40f", "city": "Chennai"}}, {"type": "Feature", "geometry": {"type": "Point", "coordinates": [80.22170265903529, 13.109573142516677]}, "properties": {"lst": 42.4, "ndvi": 0.359, "ndbi": -0.004, "risk": "Critical", "heat_zone": 3, "color": "#e74c3c", "city": "Chennai"}}, {"type": "Feature", "geometry": {"type": "Point", "coordinates": [80.22879548625451, 13.082141580460627]}, "properties": {"lst": 37.36, "ndvi": 0.408, "ndbi": -0.066, "risk": "Critical", "heat_zone": 3, "color": "#e74c3c", "city": "Chennai"}}, {"type": "Feature", "geometry": {"type": "Point", "coordinates": [80.16307283362936, 13.081940130327585]}, "properties": {"lst": 39.23, "ndvi": 0.268, "ndbi": -0.035, "risk": "Critical", "heat_zone": 3, "color": "#e74c3c", "city": "Chennai"}}, {"type": "Feature", "geometry": {"type": "Point", "coordinates": [80.160185801784, 13.141996091593306]}, "properties": {"lst": 31.09, "ndvi": 0.006, "ndbi": -0.226, "risk": "Moderate", "heat_zone": 1, "color": "#f1c40f", "city": "Chennai"}}, {"type": "Feature", "geometry": {"type": "Point", "coordinates": [80.34299148818732, 12.902673331612233]}, "properties": {"lst": 29.32, "ndvi": 0.139, "ndbi": 0.235, "risk": "Low", "heat_zone": 0, "color": "#2ecc71", "city": "Chennai"}}, {"type": "Feature", "geometry": {"type": "Point", "coordinates": [80.24260584913092, 13.120095464312174]}, "properties": {"lst": 41.07, "ndvi": 0.408, "ndbi": -0.053, "risk": "Critical", "heat_zone": 3, "color": "#e74c3c", "city": "Chennai"}}, {"type": "Feature", "geometry": {"type": "Point", "coordinates": [80.22950810670478, 12.989262443958738]}, "properties": {"lst": 35.5, "ndvi": 0.254, "ndbi": -0.04, "risk": "Critical", "heat_zone": 3, "color": "#e74c3c", "city": "Chennai"}}, {"type": "Feature", "geometry": {"type": "Point", "coordinates": [80.18725631627593, 12.985969771081926]}, "properties": {"lst": 39.27, "ndvi": 0.191, "ndbi": 0.084, "risk": "Critical", "heat_zone": 3, "color": "#e74c3c", "city": "Chennai"}}, {"type": "Feature", "geometry": {"type": "Point", "coordinates": [80.23980035635785, 12.9745493055638]}, "properties": {"lst": 39.74, "ndvi": 0.189, "ndbi": 0.055, "risk": "Critical", "heat_zone": 3, "color": "#e74c3c", "city": "Chennai"}}, {"type": "Feature", "geometry": {"type": "Point", "coordinates": [80.28600578627136, 12.9807773853357]}, "properties": {"lst": 29.74, "ndvi": -0.072, "ndbi": 0.222, "risk": "Low", "heat_zone": 0, "color": "#2ecc71", "city": "Chennai"}}, {"type": "Feature", "geometry": {"type": "Point", "coordinates": [80.31280128818601, 12.98331662647202]}, "properties": {"lst": 29.3, "ndvi": 0.122, "ndbi": 0.218, "risk": "Low", "heat_zone": 0, "color": "#2ecc71", "city": "Chennai"}}, {"type": "Feature", "geometry": {"type": "Point", "coordinates": [80.19335891528809, 13.132577098788095]}, "properties": {"lst": 39.66, "ndvi": 0.3, "ndbi": -0.023, "risk": "Critical", "heat_zone": 3, "color": "#e74c3c", "city": "Chennai"}}, {"type": "Feature", "geometry": {"type": "Point", "coordinates": [80.31803408599875, 13.018462814471556]}, "properties": {"lst": 29.51, "ndvi": 0.133, "ndbi": 0.233, "risk": "Low", "heat_zone": 0, "color": "#2ecc71", "city": "Chennai"}}, {"type": "Feature", "geometry": {"type": "Point", "coordinates": [80.33351478926053, 12.905901648868657]}, "properties": {"lst": 29.29, "ndvi": 0.084, "ndbi": 0.26, "risk": "Low", "heat_zone": 0, "color": "#2ecc71", "city": "Chennai"}}, {"type": "Feature", "geometry": {"type": "Point", "coordinates": [80.26244119029012, 13.071316621121948]}, "properties": {"lst": 40.97, "ndvi": 0.173, "ndbi": 0.094, "risk": "Critical", "heat_zone": 3, "color": "#e74c3c", "city": "Chennai"}}, {"type": "Feature", "geometry": {"type": "Point", "coordinates": [80.1670439163794, 12.986727106903029]}, "properties": {"lst": 45.29, "ndvi": 0.307, "ndbi": -0.051, "risk": "Critical", "heat_zone": 3, "color": "#e74c3c", "city": "Chennai"}}, {"type": "Feature", "geometry": {"type": "Point", "coordinates": [80.29085302714859, 13.080682492245687]}, "properties": {"lst": 43.95, "ndvi": 0.382, "ndbi": -0.053, "risk": "Critical", "heat_zone": 3, "color": "#e74c3c", "city": "Chennai"}}, {"type": "Feature", "geometry": {"type": "Point", "coordinates": [80.16974560639969, 12.929953344755369]}, "properties": {"lst": 36.71, "ndvi": 0.574, "ndbi": -0.116, "risk": "High", "heat_zone": 2, "color": "#e67e22", "city": "Chennai"}}, {"type": "Feature", "geometry": {"type": "Point", "coordinates": [80.27870446808667, 12.91913362754677]}, "properties": {"lst": 28.59, "ndvi": -0.194, "ndbi": 0.402, "risk": "Low", "heat_zone": 0, "color": "#2ecc71", "city": "Chennai"}}, {"type": "Feature", "geometry": {"type": "Point", "coordinates": [80.26259216617055, 12.984343353794957]}, "properties": {"lst": 40.05, "ndvi": 0.345, "ndbi": -0.043, "risk": "Critical", "heat_zone": 3, "color": "#e74c3c", "city": "Chennai"}}, {"type": "Feature", "geometry": {"type": "Point", "coordinates": [80.26305236617243, 13.023928391449717]}, "properties": {"lst": 38.1, "ndvi": 0.333, "ndbi": -0.11, "risk": "Critical", "heat_zone": 3, "color": "#e74c3c", "city": "Chennai"}}, {"type": "Feature", "geometry": {"type": "Point", "coordinates": [80.28772392978756, 12.916908930616446]}, "properties": {"lst": 29.45, "ndvi": 0.063, "ndbi": 0.384, "risk": "Low", "heat_zone": 0, "color": "#2ecc71", "city": "Chennai"}}, {"type": "Feature", "geometry": {"type": "Point", "coordinates": [80.21947415485698, 13.01018354616716]}, "properties": {"lst": 37.58, "ndvi": 0.295, "ndbi": -0.062, "risk": "Critical", "heat_zone": 3, "color": "#e74c3c", "city": "Chennai"}}, {"type": "Feature", "geometry": {"type": "Point", "coordinates": [80.34754106258775, 13.094067331173294]}, "properties": {"lst": 29.71, "ndvi": 0.094, "ndbi": 0.204, "risk": "Low", "heat_zone": 0, "color": "#2ecc71", "city": "Chennai"}}, {"type": "Feature", "geometry": {"type": "Point", "coordinates": [80.23713481893422, 12.992718170405585]}, "properties": {"lst": 35.9, "ndvi": 0.596, "ndbi": -0.164, "risk": "High", "heat_zone": 2, "color": "#e67e22", "city": "Chennai"}}, {"type": "Feature", "geometry": {"type": "Point", "coordinates": [80.28929645146228, 13.058944880690426]}, "properties": {"lst": 29.8, "ndvi": -0.098, "ndbi": -0.279, "risk": "Moderate", "heat_zone": 1, "color": "#f1c40f", "city": "Chennai"}}, {"type": "Feature", "geometry": {"type": "Point", "coordinates": [80.22395563812846, 12.941908456675325]}, "properties": {"lst": 33.93, "ndvi": 0.737, "ndbi": -0.389, "risk": "High", "heat_zone": 2, "color": "#e67e22", "city": "Chennai"}}, {"type": "Feature", "geometry": {"type": "Point", "coordinates": [80.15637579236657, 12.93768612810541]}, "properties": {"lst": 38.85, "ndvi": 0.399, "ndbi": -0.04, "risk": "Critical", "heat_zone": 3, "color": "#e74c3c", "city": "Chennai"}}, {"type": "Feature", "geometry": {"type": "Point", "coordinates": [80.1998314005144, 13.084506281815717]}, "properties": {"lst": 40.38, "ndvi": 0.227, "ndbi": 0.02, "risk": "Critical", "heat_zone": 3, "color": "#e74c3c", "city": "Chennai"}}, {"type": "Feature", "geometry": {"type": "Point", "coordinates": [80.26845038654483, 12.920568710444265]}, "properties": {"lst": 28.99, "ndvi": -0.037, "ndbi": 0.128, "risk": "Low", "heat_zone": 0, "color": "#2ecc71", "city": "Chennai"}}, {"type": "Feature", "geometry": {"type": "Point", "coordinates": [80.29383721908033, 13.030450410533774]}, "properties": {"lst": 28.93, "ndvi": -0.214, "ndbi": 0.482, "risk": "Low", "heat_zone": 0, "color": "#2ecc71", "city": "Chennai"}}, {"type": "Feature", "geometry": {"type": "Point", "coordinates": [80.16737735683375, 13.146868871643214]}, "properties": {"lst": 31.08, "ndvi": -0.03, "ndbi": -0.154, "risk": "Moderate", "heat_zone": 1, "color": "#f1c40f", "city": "Chennai"}}, {"type": "Feature", "geometry": {"type": "Point", "coordinates": [80.16579518663413, 13.010422319417025]}, "properties": {"lst": 37.81, "ndvi": 0.504, "ndbi": -0.1, "risk": "High", "heat_zone": 2, "color": "#e67e22", "city": "Chennai"}}, {"type": "Feature", "geometry": {"type": "Point", "coordinates": [80.32324715268265, 13.080280759565996]}, "properties": {"lst": 30.09, "ndvi": 0.054, "ndbi": 0.191, "risk": "Low", "heat_zone": 0, "color": "#2ecc71", "city": "Chennai"}}, {"type": "Feature", "geometry": {"type": "Point", "coordinates": [80.20468439745183, 13.117506288346352]}, "properties": {"lst": 39.34, "ndvi": 0.265, "ndbi": 0.016, "risk": "Critical", "heat_zone": 3, "color": "#e74c3c", "city": "Chennai"}}, {"type": "Feature", "geometry": {"type": "Point", "coordinates": [80.27467910106947, 13.027088034343867]}, "properties": {"lst": 38.98, "ndvi": 0.38, "ndbi": -0.067, "risk": "Critical", "heat_zone": 3, "color": "#e74c3c", "city": "Chennai"}}, {"type": "Feature", "geometry": {"type": "Point", "coordinates": [80.1642153787572, 12.970764595980995]}, "properties": {"lst": 38.98, "ndvi": 0.529, "ndbi": -0.115, "risk": "High", "heat_zone": 2, "color": "#e67e22", "city": "Chennai"}}, {"type": "Feature", "geometry": {"type": "Point", "coordinates": [80.20026464685147, 13.068967127062518]}, "properties": {"lst": 42.08, "ndvi": 0.37, "ndbi": -0.094, "risk": "Critical", "heat_zone": 3, "color": "#e74c3c", "city": "Chennai"}}, {"type": "Feature", "geometry": {"type": "Point", "coordinates": [80.28553321499602, 12.937639453552809]}, "properties": {"lst": 29.5, "ndvi": 0.041, "ndbi": 0.255, "risk": "Low", "heat_zone": 0, "color": "#2ecc71", "city": "Chennai"}}, {"type": "Feature", "geometry": {"type": "Point", "coordinates": [80.2728207136934, 13.126431808085584]}, "properties": {"lst": 41.09, "ndvi": 0.329, "ndbi": -0.007, "risk": "Critical", "heat_zone": 3, "color": "#e74c3c", "city": "Chennai"}}, {"type": "Feature", "geometry": {"type": "Point", "coordinates": [80.2085373467492, 13.105083167096652]}, "properties": {"lst": 40.66, "ndvi": 0.302, "ndbi": 0.065, "risk": "Critical", "heat_zone": 3, "color": "#e74c3c", "city": "Chennai"}}, {"type": "Feature", "geometry": {"type": "Point", "coordinates": [80.30147945046662, 12.912185792682694]}, "properties": {"lst": 29.32, "ndvi": 0.046, "ndbi": 0.428, "risk": "Low", "heat_zone": 0, "color": "#2ecc71", "city": "Chennai"}}, {"type": "Feature", "geometry": {"type": "Point", "coordinates": [80.21337746908797, 13.066300293693365]}, "properties": {"lst": 40.72, "ndvi": 0.215, "ndbi": 0.061, "risk": "Critical", "heat_zone": 3, "color": "#e74c3c", "city": "Chennai"}}, {"type": "Feature", "geometry": {"type": "Point", "coordinates": [80.34478234791503, 13.032682116786876]}, "properties": {"lst": 29.03, "ndvi": 0.156, "ndbi": 0.227, "risk": "Low", "heat_zone": 0, "color": "#2ecc71", "city": "Chennai"}}, {"type": "Feature", "geometry": {"type": "Point", "coordinates": [80.16163756289316, 12.98749475777958]}, "properties": {"lst": 44.78, "ndvi": 0.323, "ndbi": 0.032, "risk": "Critical", "heat_zone": 3, "color": "#e74c3c", "city": "Chennai"}}, {"type": "Feature", "geometry": {"type": "Point", "coordinates": [80.26185373619715, 13.002426009415256]}, "properties": {"lst": 37.98, "ndvi": 0.4, "ndbi": -0.128, "risk": "High", "heat_zone": 2, "color": "#e67e22", "city": "Chennai"}}, {"type": "Feature", "geometry": {"type": "Point", "coordinates": [80.29012791135587, 12.951153219850484]}, "properties": {"lst": 29.49, "ndvi": 0.074, "ndbi": 0.175, "risk": "Low", "heat_zone": 0, "color": "#2ecc71", "city": "Chennai"}}, {"type": "Feature", "geometry": {"type": "Point", "coordinates": [80.19320445709025, 12.906289821741389]}, "properties": {"lst": 40.25, "ndvi": 0.311, "ndbi": 0.002, "risk": "Critical", "heat_zone": 3, "color": "#e74c3c", "city": "Chennai"}}, {"type": "Feature", "geometry": {"type": "Point", "coordinates": [80.26512573153003, 13.074047936674162]}, "properties": {"lst": 38.65, "ndvi": 0.386, "ndbi": -0.048, "risk": "Critical", "heat_zone": 3, "color": "#e74c3c", "city": "Chennai"}}, {"type": "Feature", "geometry": {"type": "Point", "coordinates": [80.21460117660554, 12.92415027831188]}, "properties": {"lst": 38.09, "ndvi": 0.604, "ndbi": -0.25, "risk": "High", "heat_zone": 2, "color": "#e67e22", "city": "Chennai"}}, {"type": "Feature", "geometry": {"type": "Point", "coordinates": [80.2757072687218, 13.044487830367933]}, "properties": {"lst": 40.33, "ndvi": 0.273, "ndbi": 0.029, "risk": "Critical", "heat_zone": 3, "color": "#e74c3c", "city": "Chennai"}}, {"type": "Feature", "geometry": {"type": "Point", "coordinates": [80.23501593957691, 13.106210423734852]}, "properties": {"lst": 41.42, "ndvi": 0.381, "ndbi": 0.018, "risk": "Critical", "heat_zone": 3, "color": "#e74c3c", "city": "Chennai"}}, {"type": "Feature", "geometry": {"type": "Point", "coordinates": [80.17411726160267, 13.096026577585407]}, "properties": {"lst": 43.29, "ndvi": 0.155, "ndbi": 0.058, "risk": "Critical", "heat_zone": 3, "color": "#e74c3c", "city": "Chennai"}}, {"type": "Feature", "geometry": {"type": "Point", "coordinates": [80.1665705262906, 12.912720681693871]}, "properties": {"lst": 33.08, "ndvi": 0.215, "ndbi": -0.34, "risk": "Moderate", "heat_zone": 1, "color": "#f1c40f", "city": "Chennai"}}, {"type": "Feature", "geometry": {"type": "Point", "coordinates": [80.34294536565287, 12.945050610064785]}, "properties": {"lst": 28.66, "ndvi": 0.261, "ndbi": 0.276, "risk": "Low", "heat_zone": 0, "color": "#2ecc71", "city": "Chennai"}}, {"type": "Feature", "geometry": {"type": "Point", "coordinates": [80.26613567462938, 13.039729754877984]}, "properties": {"lst": 39.41, "ndvi": 0.323, "ndbi": -0.025, "risk": "Critical", "heat_zone": 3, "color": "#e74c3c", "city": "Chennai"}}, {"type": "Feature", "geometry": {"type": "Point", "coordinates": [80.28264331281513, 12.917111565666632]}, "properties": {"lst": 29.45, "ndvi": 0.039, "ndbi": 0.228, "risk": "Low", "heat_zone": 0, "color": "#2ecc71", "city": "Chennai"}}, {"type": "Feature", "geometry": {"type": "Point", "coordinates": [80.3108487641414, 13.038562262402944]}, "properties": {"lst": 29.3, "ndvi": 0.117, "ndbi": 0.228, "risk": "Low", "heat_zone": 0, "color": "#2ecc71", "city": "Chennai"}}, {"type": "Feature", "geometry": {"type": "Point", "coordinates": [80.15058379221163, 12.98798485316242]}, "properties": {"lst": 39.53, "ndvi": 0.585, "ndbi": -0.123, "risk": "High", "heat_zone": 2, "color": "#e67e22", "city": "Chennai"}}, {"type": "Feature", "geometry": {"type": "Point", "coordinates": [80.21673906288059, 12.97045663961925]}, "properties": {"lst": 41.01, "ndvi": 0.233, "ndbi": -0.0, "risk": "Critical", "heat_zone": 3, "color": "#e74c3c", "city": "Chennai"}}, {"type": "Feature", "geometry": {"type": "Point", "coordinates": [80.31134455820771, 12.99812972804935]}, "properties": {"lst": 29.5, "ndvi": 0.198, "ndbi": 0.205, "risk": "Low", "heat_zone": 0, "color": "#2ecc71", "city": "Chennai"}}, {"type": "Feature", "geometry": {"type": "Point", "coordinates": [80.28357929131114, 13.059276794845722]}, "properties": {"lst": 46.56, "ndvi": 0.174, "ndbi": 0.097, "risk": "Critical", "heat_zone": 3, "color": "#e74c3c", "city": "Chennai"}}, {"type": "Feature", "geometry": {"type": "Point", "coordinates": [80.3158942109555, 12.963407055474974]}, "properties": {"lst": 29.39, "ndvi": 0.115, "ndbi": 0.244, "risk": "Low", "heat_zone": 0, "color": "#2ecc71", "city": "Chennai"}}, {"type": "Feature", "geometry": {"type": "Point", "coordinates": [80.2279677280825, 12.970070771919666]}, "properties": {"lst": 42.26, "ndvi": 0.325, "ndbi": 0.008, "risk": "Critical", "heat_zone": 3, "color": "#e74c3c", "city": "Chennai"}}, {"type": "Feature", "geometry": {"type": "Point", "coordinates": [80.34330885550546, 13.085639325475771]}, "properties": {"lst": 29.5, "ndvi": 0.133, "ndbi": 0.198, "risk": "Low", "heat_zone": 0, "color": "#2ecc71", "city": "Chennai"}}, {"type": "Feature", "geometry": {"type": "Point", "coordinates": [80.22547180323946, 12.970791129924985]}, "properties": {"lst": 40.33, "ndvi": 0.219, "ndbi": 0.012, "risk": "Critical", "heat_zone": 3, "color": "#e74c3c", "city": "Chennai"}}, {"type": "Feature", "geometry": {"type": "Point", "coordinates": [80.2346150208316, 13.001476015629912]}, "properties": {"lst": 32.95, "ndvi": 0.656, "ndbi": -0.179, "risk": "High", "heat_zone": 2, "color": "#e67e22", "city": "Chennai"}}, {"type": "Feature", "geometry": {"type": "Point", "coordinates": [80.33606962167828, 13.086740013208]}, "properties": {"lst": 29.29, "ndvi": -0.013, "ndbi": 0.266, "risk": "Low", "heat_zone": 0, "color": "#2ecc71", "city": "Chennai"}}, {"type": "Feature", "geometry": {"type": "Point", "coordinates": [80.17383380301627, 13.070604466473728]}, "properties": {"lst": 38.43, "ndvi": 0.564, "ndbi": -0.208, "risk": "High", "heat_zone": 2, "color": "#e67e22", "city": "Chennai"}}, {"type": "Feature", "geometry": {"type": "Point", "coordinates": [80.30579784013601, 13.090502885050594]}, "properties": {"lst": 29.0, "ndvi": -0.08, "ndbi": -0.076, "risk": "Moderate", "heat_zone": 1, "color": "#f1c40f", "city": "Chennai"}}, {"type": "Feature", "geometry": {"type": "Point", "coordinates": [80.29078165837001, 13.117208373922338]}, "properties": {"lst": 40.46, "ndvi": 0.353, "ndbi": -0.037, "risk": "Critical", "heat_zone": 3, "color": "#e74c3c", "city": "Chennai"}}, {"type": "Feature", "geometry": {"type": "Point", "coordinates": [80.30341496071463, 13.14252358258198]}, "properties": {"lst": 29.64, "ndvi": -0.102, "ndbi": -0.226, "risk": "Moderate", "heat_zone": 1, "color": "#f1c40f", "city": "Chennai"}}, {"type": "Feature", "geometry": {"type": "Point", "coordinates": [80.32024772580503, 12.981728983428363]}, "properties": {"lst": 29.23, "ndvi": 0.132, "ndbi": 0.217, "risk": "Low", "heat_zone": 0, "color": "#2ecc71", "city": "Chennai"}}, {"type": "Feature", "geometry": {"type": "Point", "coordinates": [80.30314677584752, 13.038201256481932]}, "properties": {"lst": 29.33, "ndvi": 0.119, "ndbi": 0.257, "risk": "Low", "heat_zone": 0, "color": "#2ecc71", "city": "Chennai"}}, {"type": "Feature", "geometry": {"type": "Point", "coordinates": [80.30667734770616, 12.928342068845566]}, "properties": {"lst": 29.45, "ndvi": 0.07, "ndbi": 0.243, "risk": "Low", "heat_zone": 0, "color": "#2ecc71", "city": "Chennai"}}, {"type": "Feature", "geometry": {"type": "Point", "coordinates": [80.33052609730798, 13.084982859142116]}, "properties": {"lst": 29.51, "ndvi": 0.045, "ndbi": 0.212, "risk": "Low", "heat_zone": 0, "color": "#2ecc71", "city": "Chennai"}}, {"type": "Feature", "geometry": {"type": "Point", "coordinates": [80.17497959104799, 12.959083310351849]}, "properties": {"lst": 40.47, "ndvi": 0.367, "ndbi": -0.067, "risk": "Critical", "heat_zone": 3, "color": "#e74c3c", "city": "Chennai"}}, {"type": "Feature", "geometry": {"type": "Point", "coordinates": [80.19422510454025, 13.09672136546477]}, "properties": {"lst": 37.05, "ndvi": 0.387, "ndbi": -0.092, "risk": "Critical", "heat_zone": 3, "color": "#e74c3c", "city": "Chennai"}}, {"type": "Feature", "geometry": {"type": "Point", "coordinates": [80.31839757014971, 12.96938707546869]}, "properties": {"lst": 29.34, "ndvi": 0.141, "ndbi": 0.228, "risk": "Low", "heat_zone": 0, "color": "#2ecc71", "city": "Chennai"}}, {"type": "Feature", "geometry": {"type": "Point", "coordinates": [80.19651338629805, 12.90005070901271]}, "properties": {"lst": 38.24, "ndvi": 0.285, "ndbi": -0.044, "risk": "Critical", "heat_zone": 3, "color": "#e74c3c", "city": "Chennai"}}, {"type": "Feature", "geometry": {"type": "Point", "coordinates": [80.3326347195753, 13.00775441076131]}, "properties": {"lst": 29.54, "ndvi": 0.169, "ndbi": 0.23, "risk": "Low", "heat_zone": 0, "color": "#2ecc71", "city": "Chennai"}}, {"type": "Feature", "geometry": {"type": "Point", "coordinates": [80.25013620183148, 12.956189732041423]}, "properties": {"lst": 40.08, "ndvi": 0.271, "ndbi": 0.036, "risk": "Critical", "heat_zone": 3, "color": "#e74c3c", "city": "Chennai"}}, {"type": "Feature", "geometry": {"type": "Point", "coordinates": [80.2271246523836, 12.904533552756424]}, "properties": {"lst": 40.72, "ndvi": 0.35, "ndbi": 0.005, "risk": "Critical", "heat_zone": 3, "color": "#e74c3c", "city": "Chennai"}}, {"type": "Feature", "geometry": {"type": "Point", "coordinates": [80.26554321419722, 13.00535454357046]}, "properties": {"lst": 35.97, "ndvi": 0.612, "ndbi": -0.171, "risk": "High", "heat_zone": 2, "color": "#e67e22", "city": "Chennai"}}, {"type": "Feature", "geometry": {"type": "Point", "coordinates": [80.3358164095542, 13.0534416314675]}, "properties": {"lst": 29.24, "ndvi": 0.159, "ndbi": 0.222, "risk": "Low", "heat_zone": 0, "color": "#2ecc71", "city": "Chennai"}}, {"type": "Feature", "geometry": {"type": "Point", "coordinates": [80.2164166148573, 13.05826478560562]}, "properties": {"lst": 40.69, "ndvi": 0.234, "ndbi": 0.047, "risk": "Critical", "heat_zone": 3, "color": "#e74c3c", "city": "Chennai"}}, {"type": "Feature", "geometry": {"type": "Point", "coordinates": [80.24858702505915, 13.072139846487802]}, "properties": {"lst": 39.0, "ndvi": 0.345, "ndbi": -0.078, "risk": "Critical", "heat_zone": 3, "color": "#e74c3c", "city": "Chennai"}}, {"type": "Feature", "geometry": {"type": "Point", "coordinates": [80.31742279815923, 13.130462328147276]}, "properties": {"lst": 29.2, "ndvi": 0.032, "ndbi": 0.445, "risk": "Low", "heat_zone": 0, "color": "#2ecc71", "city": "Chennai"}}, {"type": "Feature", "geometry": {"type": "Point", "coordinates": [80.19154108576758, 12.96836777061054]}, "properties": {"lst": 39.87, "ndvi": 0.271, "ndbi": 0.025, "risk": "Critical", "heat_zone": 3, "color": "#e74c3c", "city": "Chennai"}}, {"type": "Feature", "geometry": {"type": "Point", "coordinates": [80.33118696604204, 13.022555265601069]}, "properties": {"lst": 29.46, "ndvi": 0.161, "ndbi": 0.196, "risk": "Low", "heat_zone": 0, "color": "#2ecc71", "city": "Chennai"}}, {"type": "Feature", "geometry": {"type": "Point", "coordinates": [80.24972853622084, 12.95275609249576]}, "properties": {"lst": 39.22, "ndvi": 0.451, "ndbi": -0.152, "risk": "High", "heat_zone": 2, "color": "#e67e22", "city": "Chennai"}}]}