{"type": "FeatureCollection", "features": [{"type": "Feature", "geometry": {"type": "Point", "coordinates": [77.02820752089121, 28.69177637704146]}, "properties": {"lst": 34.76, "ndvi": 0.263, "ndbi": -0.1, "risk": "High", "heat_zone": 2, "color": "#e67e22", "city": "Delhi"}}, {"type": "Feature", "geometry": {"type": "Point", "coordinates": [77.17606999366537, 28.722911219233907]}, "properties": {"lst": 36.43, "ndvi": 0.248, "ndbi": -0.015, "risk": "Critical", "heat_zone": 3, "color": "#e74c3c", "city": "Delhi"}}, {"type": "Feature", "geometry": {"type": "Point", "coordinates": [77.03244191071458, 28.583963354850507]}, "properties": {"lst": 35.59, "ndvi": 0.434, "ndbi": -0.188, "risk": "High", "heat_zone": 2, "color": "#e67e22", "city": "Delhi"}}, {"type": "Feature", "geometry": {"type": "Point", "coordinates": [77.09228376771196, 28.619218656432192]}, "properties": {"lst": 34.66, "ndvi": 0.21, "ndbi": -0.034, "risk": "Critical", "heat_zone": 3, "color": "#e74c3c", "city": "Delhi"}}, {"type": "Feature", "geometry": {"type": "Point", "coordinates": [77.15468032873589, 28.48963225174935]}, "properties": {"lst": 31.96, "ndvi": 0.35, "ndbi": -0.084, "risk": "High", "heat_zone": 2, "color": "#e67e22", "city": "Delhi"}}, {"type": "Feature", "geometry": {"type": "Point", "coordinates": [76.93738009323664, 28.569208610737448]}, "properties": {"lst": 35.49, "ndvi": 0.415, "ndbi": -0.121, "risk": "High", "heat_zone": 2, "color": "#e67e22", "city": "Delhi"}}, {"type": "Feature", "geometry": {"type": "Point", "coordinates": [77.20808760663536, 28.68357138944085]}, "properties": {"lst": 33.64, "ndvi": 0.367, "ndbi": -0.129, "risk": "High", "heat_zone": 2, "color": "#e67e22", "city": "Delhi"}}, {"type": "Feature", "geometry": {"type": "Point", "coordinates": [77.17324962704122, 28.741188003629727]}, "properties": {"lst": 30.81, "ndvi": 0.522, "ndbi": -0.159, "risk": "Moderate", "heat_zone": 1, "color": "#f1c40f", "city": "Delhi"}}, {"type": "Feature", "geometry": {"type": "Point", "coordinates": [77.1944169564199, 28.594615856932947]}, "properties": {"lst": 31.58, "ndvi": 0.607, "ndbi": -0.249, "risk": "Moderate", "heat_zone": 1, "color": "#f1c40f", "city": "Delhi"}}, {"type": "Feature", "geometry": {"type": "Point", "coordinates": [77.18046938059763, 28.71798799363148]}, "properties": {"lst": 33.76, "ndvi": 0.301, "ndbi": -0.089, "risk": "High", "heat_zone": 2, "color": "#e67e22", "city": "Delhi"}}, {"type": "Feature", "geometry": {"type": "Point", "coordinates": [77.16893934881789, 28.78601367619057]}, "properties": {"lst": 31.6, "ndvi": 0.44, "ndbi": -0.151, "risk": "Moderate", "heat_zone": 1, "color": "#f1c40f", "city": "Delhi"}}, {"type": "Feature", "geometry": {"type": "Point", "coordinates": [77.15780732608563, 28.711534600422496]}, "properties": {"lst": 34.8, "ndvi": 0.309, "ndbi": -0.095, "risk": "High", "heat_zone": 2, "color": "#e67e22", "city": "Delhi"}}, {"type": "Feature", "geometry": {"type": "Point", "coordinates": [77.09386032412564, 28.57851440482581]}, "properties": {"lst": 37.35, "ndvi": 0.512, "ndbi": -0.169, "risk": "Moderate", "heat_zone": 1, "color": "#f1c40f", "city": "Delhi"}}, {"type": "Feature", "geometry": {"type": "Point", "coordinates": [76.9369972753612, 28.479132892287858]}, "properties": {"lst": 29.51, "ndvi": 0.09, "ndbi": -0.224, "risk": "Low", "heat_zone": 0, "color": "#2ecc71", "city": "Delhi"}}, {"type": "Feature", "geometry": {"type": "Point", "coordinates": [77.07646587464076, 28.59639051548746]}, "properties": {"lst": 36.01, "ndvi": 0.116, "ndbi": -0.009, "risk": "Critical", "heat_zone": 3, "color": "#e74c3c", "city": "Delhi"}}, {"type": "Feature", "geometry": {"type": "Point", "coordinates": [77.16241229874952, 28.463166134665787]}, "properties": {"lst": 35.72, "ndvi": 0.552, "ndbi": -0.149, "risk": "Moderate", "heat_zone": 1, "color": "#f1c40f", "city": "Delhi"}}, {"type": "Feature", "geometry": {"type": "Point", "coordinates": [77.02241017864216, 28.724185688081075]}, "properties": {"lst": 34.67, "ndvi": 0.298, "ndbi": -0.009, "risk": "Critical", "heat_zone": 3, "color": "#e74c3c", "city": "Delhi"}}, {"type": "Feature", "geometry": {"type": "Point", "coordinates": [77.22805828453903, 28.79781851813774]}, "properties": {"lst": 32.27, "ndvi": 0.334, "ndbi": -0.032, "risk": "High", "heat_zone": 2, "color": "#e67e22", "city": "Delhi"}}, {"type": "Feature", "geometry": {"type": "Point", "coordinates": [77.23129223751019, 28.560790802888192]}, "properties": {"lst": 35.12, "ndvi": 0.222, "ndbi": -0.069, "risk": "Critical", "heat_zone": 3, "color": "#e74c3c", "city": "Delhi"}}, {"type": "Feature", "geometry": {"type": "Point", "coordinates": [77.01201014124467, 28.56488153888917]}, "properties": {"lst": 37.95, "ndvi": 0.418, "ndbi": 0.016, "risk": "High", "heat_zone": 2, "color": "#e67e22", "city": "Delhi"}}, {"type": "Feature", "geometry": {"type": "Point", "coordinates": [76.96191013112316, 28.510661560501596]}, "properties": {"lst": 30.27, "ndvi": 0.379, "ndbi": -0.342, "risk": "Low", "heat_zone": 0, "color": "#2ecc71", "city": "Delhi"}}, {"type": "Feature", "geometry": {"type": "Point", "coordinates": [77.28116995704727, 28.539661244060653]}, "properties": {"lst": 36.18, "ndvi": 0.371, "ndbi": -0.106, "risk": "High", "heat_zone": 2, "color": "#e67e22", "city": "Delhi"}}, {"type": "Feature", "geometry": {"type": "Point", "coordinates": [76.90687996570551, 28.502205417381692]}, "properties": {"lst": 33.96, "ndvi": 0.346, "ndbi": -0.072, "risk": "High", "heat_zone": 2, "color": "#e67e22", "city": "Delhi"}}, {"type": "Feature", "geometry": {"type": "Point", "coordinates": [77.225385399437, 28.553034985304468]}, "properties": {"lst": 30.67, "ndvi": 0.637, "ndbi": -0.277, "risk": "Moderate", "heat_zone": 1, "color": "#f1c40f", "city": "Delhi"}}, {"type": "Feature", "geometry": {"type": "Point", "coordinates": [77.3316551196647, 28.77280591634653]}, "properties": {"lst": 35.12, "ndvi": 0.404, "ndbi": -0.063, "risk": "High", "heat_zone": 2, "color": "#e67e22", "city": "Delhi"}}, {"type": "Feature", "geometry": {"type": "Point", "coordinates": [77.13585286069873, 28.647133550985057]}, "properties": {"lst": 33.64, "ndvi": 0.139, "ndbi": 0.0, "risk": "Critical", "heat_zone": 3, "color": "#e74c3c", "city": "Delhi"}}, {"type": "Feature", "geometry": {"type": "Point", "coordinates": [77.11916270542439, 28.71879682879711]}, "properties": {"lst": 32.44, "ndvi": 0.509, "ndbi": -0.142, "risk": "Moderate", "heat_zone": 1, "color": "#f1c40f", "city": "Delhi"}}, {"type": "Feature", "geometry": {"type": "Point", "coordinates": [77.15088504418745, 28.58644514552278]}, "properties": {"lst": 33.17, "ndvi": 0.38, "ndbi": -0.074, "risk": "High", "heat_zone": 2, "color": "#e67e22", "city": "Delhi"}}, {"type": "Feature", "geometry": {"type": "Point", "coordinates": [77.18666472956404, 28.59475211626372]}, "properties": {"lst": 34.01, "ndvi": 0.474, "ndbi": -0.121, "risk": "High", "heat_zone": 2, "color": "#e67e22", "city": "Delhi"}}, {"type": "Feature", "geometry": {"type": "Point", "coordinates": [77.23542253904289, 28.5461449476094]}, "properties": {"lst": 32.18, "ndvi": 0.45, "ndbi": -0.173, "risk": "Moderate", "heat_zone": 1, "color": "#f1c40f", "city": "Delhi"}}, {"type": "Feature", "geometry": {"type": "Point", "coordinates": [77.03123050087285, 28.5259936690116]}, "properties": {"lst": 38.0, "ndvi": 0.262, "ndbi": -0.006, "risk": "Critical", "heat_zone": 3, "color": "#e74c3c", "city": "Delhi"}}, {"type": "Feature", "geometry": {"type": "Point", "coordinates": [77.11775101399715, 28.70670762548689]}, "properties": {"lst": 35.12, "ndvi": 0.156, "ndbi": -0.026, "risk": "Critical", "heat_zone": 3, "color": "#e74c3c", "city": "Delhi"}}, {"type": "Feature", "geometry": {"type": "Point", "coordinates": [77.03999169982978, 28.642146181652954]}, "properties": {"lst": 37.19, "ndvi": 0.114, "ndbi": 0.028, "risk": "Critical", "heat_zone": 3, "color": "#e74c3c", "city": "Delhi"}}, {"type": "Feature", "geometry": {"type": "Point", "coordinates": [77.2171447141698, 28.598957629729234]}, "properties": {"lst": 33.5, "ndvi": 0.241, "ndbi": -0.076, "risk": "High", "heat_zone": 2, "color": "#e67e22", "city": "Delhi"}}, {"type": "Feature", "geometry": {"type": "Point", "coordinates": [77.14876876042987, 28.64872234823188]}, "properties": {"lst": 35.8, "ndvi": 0.266, "ndbi": -0.065, "risk": "Critical", "heat_zone": 3, "color": "#e74c3c", "city": "Delhi"}}, {"type": "Feature", "geometry": {"type": "Point", "coordinates": [77.22429921749601, 28.490235033825385]}, "properties": {"lst": 31.93, "ndvi": 0.488, "ndbi": -0.101, "risk": "Moderate", "heat_zone": 1, "color": "#f1c40f", "city": "Delhi"}}, {"type": "Feature", "geometry": {"type": "Point", "coordinates": [77.20682130038183, 28.509764018551987]}, "properties": {"lst": 32.11, "ndvi": 0.432, "ndbi": -0.125, "risk": "High", "heat_zone": 2, "color": "#e67e22", "city": "Delhi"}}, {"type": "Feature", "geometry": {"type": "Point", "coordinates": [77.00858304925698, 28.74308949890026]}, "properties": {"lst": 31.13, "ndvi": 0.452, "ndbi": -0.152, "risk": "Moderate", "heat_zone": 1, "color": "#f1c40f", "city": "Delhi"}}, {"type": "Feature", "geometry": {"type": "Point", "coordinates": [77.30456842460814, 28.561208945520853]}, "properties": {"lst": 29.62, "ndvi": 0.582, "ndbi": -0.359, "risk": "Moderate", "heat_zone": 1, "color": "#f1c40f", "city": "Delhi"}}, {"type": "Feature", "geometry": {"type": "Point", "coordinates": [77.29985907209499, 28.583251283364486]}, "properties": {"lst": 31.52, "ndvi": 0.566, "ndbi": -0.224, "risk": "Moderate", "heat_zone": 1, "color": "#f1c40f", "city": "Delhi"}}, {"type": "Feature", "geometry": {"type": "Point", "coordinates": [77.22477076450315, 28.60072447983836]}, "properties": {"lst": 33.3, "ndvi": 0.49, "ndbi": -0.189, "risk": "Moderate", "heat_zone": 1, "color": "#f1c40f", "city": "Delhi"}}, {"type": "Feature", "geometry": {"type": "Point", "coordinates": [76.90220317006165, 28.560563924876213]}, "properties": {"lst": 38.91, "ndvi": 0.267, "ndbi": 0.005, "risk": "Critical", "heat_zone": 3, "color": "#e74c3c", "city": "Delhi"}}, {"type": "Feature", "geometry": {"type": "Point", "coordinates": [76.97404718409705, 28.724262551751103]}, "properties": {"lst": 36.53, "ndvi": 0.347, "ndbi": -0.06, "risk": "High", "heat_zone": 2, "color": "#e67e22", "city": "Delhi"}}, {"type": "Feature", "geometry": {"type": "Point", "coordinates": [77.12128836165377, 28.48115597387075]}, "properties": {"lst": 32.95, "ndvi": 0.657, "ndbi": -0.227, "risk": "Moderate", "heat_zone": 1, "color": "#f1c40f", "city": "Delhi"}}, {"type": "Feature", "geometry": {"type": "Point", "coordinates": [76.91835631104298, 28.707548800805625]}, "properties": {"lst": 37.61, "ndvi": 0.196, "ndbi": 0.038, "risk": "Critical", "heat_zone": 3, "color": "#e74c3c", "city": "Delhi"}}, {"type": "Feature", "geometry": {"type": "Point", "coordinates": [77.06444424542269, 28.587319316962983]}, "properties": {"lst": 36.77, "ndvi": 0.21, "ndbi": 0.005, "risk": "Critical", "heat_zone": 3, "color": "#e74c3c", "city": "Delhi"}}, {"type": "Feature", "geometry": {"type": "Point", "coordinates": [77.08700997828213, 28.717040259168435]}, "properties": {"lst": 35.22, "ndvi": 0.131, "ndbi": -0.01, "risk": "Critical", "heat_zone": 3, "color": "#e74c3c", "city": "Delhi"}}, {"type": "Feature", "geometry": {"type": "Point", "coordinates": [77.16003987976993, 28.75954002040631]}, "properties": {"lst": 37.09, "ndvi": 0.146, "ndbi": 0.038, "risk": "Critical", "heat_zone": 3, "color": "#e74c3c", "city": "Delhi"}}, {"type": "Feature", "geometry": {"type": "Point", "coordinates": [77.02138470875366, 28.54247848943313]}, "properties": {"lst": 33.45, "ndvi": 0.53, "ndbi": -0.136, "risk": "Moderate", "heat_zone": 1, "color": "#f1c40f", "city": "Delhi"}}, {"type": "Feature", "geometry": {"type": "Point", "coordinates": [77.2599583067048, 28.747670339118]}, "properties": {"lst": 34.43, "ndvi": 0.231, "ndbi": -0.17, "risk": "High", "heat_zone": 2, "color": "#e67e22", "city": "Delhi"}}, {"type": "Feature", "geometry": {"type": "Point", "coordinates": [77.08788948497575, 28.570011763631843]}, "properties": {"lst": 40.74, "ndvi": 0.137, "ndbi": 0.058, "risk": "Critical", "heat_zone": 3, "color": "#e74c3c", "city": "Delhi"}}, {"type": "Feature", "geometry": {"type": "Point", "coordinates": [77.10769615450238, 28.67231079695097]}, "properties": {"lst": 34.65, "ndvi": 0.255, "ndbi": -0.058, "risk": "Critical", "heat_zone": 3, "color": "#e74c3c", "city": "Delhi"}}, {"type": "Feature", "geometry": {"type": "Point", "coordinates": [77.21534495896486, 28.62367764685224]}, "properties": {"lst": 33.35, "ndvi": 0.303, "ndbi": -0.102, "risk": "High", "heat_zone": 2, "color": "#e67e22", "city": "Delhi"}}, {"type": "Feature", "geometry": {"type": "Point", "coordinates": [77.30846536744875, 28.497973810839227]}, "properties": {"lst": 38.96, "ndvi": 0.135, "ndbi": 0.06, "risk": "Critical", "heat_zone": 3, "color": "#e74c3c", "city": "Delhi"}}, {"type": "Feature", "geometry": {"type": "Point", "coordinates": [77.24417245279665, 28.74202613267649]}, "properties": {"lst": 32.27, "ndvi": 0.344, "ndbi": -0.136, "risk": "High", "heat_zone": 2, "color": "#e67e22", "city": "Delhi"}}, {"type": "Feature", "geometry": {"type": "Point", "coordinates": [77.11612825646334, 28.67335236933896]}, "properties": {"lst": 33.92, "ndvi": 0.291, "ndbi": -0.068, "risk": "High", "heat_zone": 2, "color": "#e67e22", "city": "Delhi"}}, {"type": "Feature", "geometry": {"type": "Point", "coordinates": [77.32637832908082, 28.57201129541549]}, "properties": {"lst": 33.61, "ndvi": 0.118, "ndbi": 0.012, "risk": "Critical", "heat_zone": 3, "color": "#e74c3c", "city": "Delhi"}}, {"type": "Feature", "geometry": {"type": "Point", "coordinates": [77.08603568835, 28.596223285635627]}, "properties": {"lst": 35.9, "ndvi": 0.214, "ndbi": -0.049, "risk": "Critical", "heat_zone": 3, "color": "#e74c3c", "city": "Delhi"}}, {"type": "Feature", "geometry": {"type": "Point", "coordinates": [77.23033393758101, 28.63359304736355]}, "properties": {"lst": 34.48, "ndvi": 0.291, "ndbi": -0.112, "risk": "High", "heat_zone": 2, "color": "#e67e22", "city": "Delhi"}}, {"type": "Feature", "geometry": {"type": "Point", "coordinates": [77.25053003342744, 28.730289647868812]}, "properties": {"lst": 32.46, "ndvi": 0.137, "ndbi": 0.002, "risk": "Critical", "heat_zone": 3, "color": "#e74c3c", "city": "Delhi"}}, {"type": "Feature", "geometry": {"type": "Point", "coordinates": [77.18306859771282, 28.692629704238037]}, "properties": {"lst": 33.7, "ndvi": 0.16, "ndbi": -0.007, "risk": "Critical", "heat_zone": 3, "color": "#e74c3c", "city": "Delhi"}}, {"type": "Feature", "geometry": {"type": "Point", "coordinates": [76.91652272743988, 28.74978476948731]}, "properties": {"lst": 37.36, "ndvi": 0.41, "ndbi": -0.078, "risk": "High", "heat_zone": 2, "color": "#e67e22", "city": "Delhi"}}, {"type": "Feature", "geometry": {"type": "Point", "coordinates": [77.24092226856246, 28.60525233257896]}, "properties": {"lst": 32.92, "ndvi": 0.253, "ndbi": -0.081, "risk": "High", "heat_zone": 2, "color": "#e67e22", "city": "Delhi"}}, {"type": "Feature", "geometry": {"type": "Point", "coordinates": [77.18011101706675, 28.67639688712551]}, "properties": {"lst": 32.69, "ndvi": 0.111, "ndbi": -0.001, "risk": "Critical", "heat_zone": 3, "color": "#e74c3c", "city": "Delhi"}}, {"type": "Feature", "geometry": {"type": "Point", "coordinates": [76.95983783444466, 28.696311660281552]}, "properties": {"lst": 36.89, "ndvi": 0.183, "ndbi": 0.011, "risk": "Critical", "heat_zone": 3, "color": "#e74c3c", "city": "Delhi"}}, {"type": "Feature", "geometry": {"type": "Point", "coordinates": [77.00601534195823, 28.548939748776142]}, "properties": {"lst": 37.47, "ndvi": 0.441, "ndbi": -0.088, "risk": "High", "heat_zone": 2, "color": "#e67e22", "city": "Delhi"}}, {"type": "Feature", "geometry": {"type": "Point", "coordinates": [77.0433011549923, 28.60742153635616]}, "properties": {"lst": 36.6, "ndvi": 0.191, "ndbi": -0.026, "risk": "Critical", "heat_zone": 3, "color": "#e74c3c", "city": "Delhi"}}, {"type": "Feature", "geometry": {"type": "Point", "coordinates": [76.98402093959065, 28.635161470998256]}, "properties": {"lst": 36.54, "ndvi": 0.351, "ndbi": -0.072, "risk": "High", "heat_zone": 2, "color": "#e67e22", "city": "Delhi"}}, {"type": "Feature", "geometry": {"type": "Point", "coordinates": [77.06599979616422, 28.525169087709973]}, "properties": {"lst": 34.4, "ndvi": 0.518, "ndbi": -0.179, "risk": "Moderate", "heat_zone": 1, "color": "#f1c40f", "city": "Delhi"}}, {"type": "Feature", "geometry": {"type": "Point", "coordinates": [76.98682519053912, 28.73530560089408]}, "properties": {"lst": 34.8, "ndvi": 0.361, "ndbi": -0.046, "risk": "High", "heat_zone": 2, "color": "#e67e22", "city": "Delhi"}}, {"type": "Feature", "geometry": {"type": "Point", "coordinates": [77.1293899506335, 28.79092594100294]}, "properties": {"lst": 33.03, "ndvi": 0.56, "ndbi": -0.155, "risk": "Moderate", "heat_zone": 1, "color": "#f1c40f", "city": "Delhi"}}, {"type": "Feature", "geometry": {"type": "Point", "coordinates": [77.02353909152184, 28.78528816655104]}, "properties": {"lst": 33.61, "ndvi": 0.479, "ndbi": -0.155, "risk": "Moderate", "heat_zone": 1, "color": "#f1c40f", "city": "Delhi"}}, {"type": "Feature", "geometry": {"type": "Point", "coordinates": [77.30060704685718, 28.546860633669468]}, "properties": {"lst": 34.0, "ndvi": 0.148, "ndbi": 0.004, "risk": "Critical", "heat_zone": 3, "color": "#e74c3c", "city": "Delhi"}}, {"type": "Feature", "geometry": {"type": "Point", "coordinates": [76.96232408337478, 28.491800153802533]}, "properties": {"lst": 33.56, "ndvi": 0.293, "ndbi": -0.201, "risk": "High", "heat_zone": 2, "color": "#e67e22", "city": "Delhi"}}, {"type": "Feature", "geometry": {"type": "Point", "coordinates": [77.0716909039511, 28.696098412577676]}, "properties": {"lst": 35.94, "ndvi": 0.175, "ndbi": -0.027, "risk": "Critical", "heat_zone": 3, "color": "#e74c3c", "city": "Delhi"}}, {"type": "Feature", "geometry": {"type": "Point", "coordinates": [77.03538273614042, 28.65974343723161]}, "properties": {"lst": 35.2, "ndvi": 0.277, "ndbi": -0.044, "risk": "Critical", "heat_zone": 3, "color": "#e74c3c", "city": "Delhi"}}, {"type": "Feature", "geometry": {"type": "Point", "coordinates": [77.25532009303556, 28.619744792049413]}, "properties": {"lst": 29.89, "ndvi": 0.336, "ndbi": -0.217, "risk": "Low", "heat_zone": 0, "color": "#2ecc71", "city": "Delhi"}}, {"type": "Feature", "geometry": {"type": "Point", "coordinates": [77.32129704146197, 28.462513501701537]}, "properties": {"lst": 33.53, "ndvi": 0.234, "ndbi": -0.044, "risk": "Critical", "heat_zone": 3, "color": "#e74c3c", "city": "Delhi"}}, {"type": "Feature", "geometry": {"type": "Point", "coordinates": [77.00455474881545, 28.74147622122246]}, "properties": {"lst": 33.07, "ndvi": 0.324, "ndbi": -0.129, "risk": "High", "heat_zone": 2, "color": "#e67e22", "city": "Delhi"}}, {"type": "Feature", "geometry": {"type": "Point", "coordinates": [77.15158218097453, 28.48156865005738]}, "properties": {"lst": 33.33, "ndvi": 0.629, "ndbi": -0.181, "risk": "Moderate", "heat_zone": 1, "color": "#f1c40f", "city": "Delhi"}}, {"type": "Feature", "geometry": {"type": "Point", "coordinates": [76.93744018746975, 28.776962883176115]}, "properties": {"lst": 37.97, "ndvi": 0.298, "ndbi": 0.045, "risk": "Critical", "heat_zone": 3, "color": "#e74c3c", "city": "Delhi"}}, {"type": "Feature", "geometry": {"type": "Point", "coordinates": [77.29913850831849, 28.610221468619848]}, "properties": {"lst": 33.57, "ndvi": 0.185, "ndbi": -0.028, "risk": "Critical", "heat_zone": 3, "color": "#e74c3c", "city": "Delhi"}}, {"type": "Feature", "geometry": {"type": "Point", "coordinates": [76.94679865371513, 28.506282021622063]}, "properties": {"lst": 33.25, "ndvi": 0.261, "ndbi": 0.044, "risk": "Critical", "heat_zone": 3, "color": "#e74c3c", "city": "Delhi"}}, {"type": "Feature", "geometry": {"type": "Point", "coordinates": [77.08542703616348, 28.463352796403004]}, "properties": {"lst": 35.58, "ndvi": 0.523, "ndbi": -0.217, "risk": "Moderate", "heat_zone": 1, "color": "#f1c40f", "city": "Delhi"}}, {"type": "Feature", "geometry": {"type": "Point", "coordinates": [77.27841072779603, 28.756633699353365]}, "properties": {"lst": 33.45, "ndvi": 0.3, "ndbi": -0.032, "risk": "High", "heat_zone": 2, "color": "#e67e22", "city": "Delhi"}}, {"type": "Feature", "geometry": {"type": "Point", "coordinates": [76.9798523303046, 28.49885576570168]}, "properties": {"lst": 37.51, "ndvi": 0.46, "ndbi": -0.12, "risk": "High", "heat_zone": 2, "color": "#e67e22", "city": "Delhi"}}, {"type": "Feature", "geometry": {"type": "Point", "coordinates": [77.27396165342164, 28.79498817558663]}, "properties": {"lst": 31.68, "ndvi": 0.489, "ndbi": -0.175, "risk": "Moderate", "heat_zone": 1, "color": "#f1c40f", "city": "Delhi"}}, {"type": "Feature", "geometry": {"type": "Point", "coordinates": [77.28652184597019, 28.450854975511664]}, "properties": {"lst": 33.86, "ndvi": 0.226, "ndbi": -0.032, "risk": "Critical", "heat_zone": 3, "color": "#e74c3c", "city": "Delhi"}}, {"type": "Feature", "geometry": {"type": "Point", "coordinates": [77.01428436012458, 28.639655364711025]}, "properties": {"lst": 38.12, "ndvi": 0.244, "ndbi": -0.007, "risk": "Critical", "heat_zone": 3, "color": "#e74c3c", "city": "Delhi"}}, {"type": "Feature", "geometry": {"type": "Point", "coordinates": [77.33837165899413, 28.493592445730258]}, "properties": {"lst": 33.28, "ndvi": 0.348, "ndbi": -0.08, "risk": "High", "heat_zone": 2, "color": "#e67e22", "city": "Delhi"}}, {"type": "Feature", "geometry": {"type": "Point", "coordinates": [77.1732806162306, 28.48799813573802]}, "properties": {"lst": 33.28, "ndvi": 0.646, "ndbi": -0.227, "risk": "Moderate", "heat_zone": 1, "color": "#f1c40f", "city": "Delhi"}}, {"type": "Feature", "geometry": {"type": "Point", "coordinates": [77.02012353000411, 28.797173862034253]}, "properties": {"lst": 33.09, "ndvi": 0.317, "ndbi": -0.096, "risk": "High", "heat_zone": 2, "color": "#e67e22", "city": "Delhi"}}, {"type": "Feature", "geometry": {"type": "Point", "coordinates": [76.92568257517645, 28.55881238076808]}, "properties": {"lst": 38.43, "ndvi": 0.264, "ndbi": -0.0, "risk": "Critical", "heat_zone": 3, "color": "#e74c3c", "city": "Delhi"}}, {"type": "Feature", "geometry": {"type": "Point", "coordinates": [77.05260922318682, 28.695973622663576]}, "properties": {"lst": 36.59, "ndvi": 0.179, "ndbi": -0.005, "risk": "Critical", "heat_zone": 3, "color": "#e74c3c", "city": "Delhi"}}, {"type": "Feature", "geometry": {"type": "Point", "coordinates": [77.28400791399055, 28.489592733240773]}, "properties": {"lst": 34.63, "ndvi": 0.41, "ndbi": -0.142, "risk": "High", "heat_zone": 2, "color": "#e67e22", "city": "Delhi"}}, {"type": "Feature", "geometry": {"type": "Point", "coordinates": [76.97851185725138, 28.523686634918388]}, "properties": {"lst": 32.74, "ndvi": 0.388, "ndbi": -0.082, "risk": "High", "heat_zone": 2, "color": "#e67e22", "city": "Delhi"}}, {"type": "Feature", "geometry": {"type": "Point", "coordinates": [77.3275572507421, 28.75246906882138]}, "properties": {"lst": 32.74, "ndvi": 0.307, "ndbi": -0.019, "risk": "High", "heat_zone": 2, "color": "#e67e22", "city": "Delhi"}}, {"type": "Feature", "geometry": {"type": "Point", "coordinates": [77.12427296278406, 28.645192415032664]}, "properties": {"lst": 33.76, "ndvi": 0.254, "ndbi": -0.078, "risk": "High", "heat_zone": 2, "color": "#e67e22", "city": "Delhi"}}, {"type": "Feature", "geometry": {"type": "Point", "coordinates": [77.01453589714616, 28.555826507487712]}, "properties": {"lst": 35.91, "ndvi": 0.322, "ndbi": 0.015, "risk": "Critical", "heat_zone": 3, "color": "#e74c3c", "city": "Delhi"}}, {"type": "Feature", "geometry": {"type": "Point", "coordinates": [77.09189811673754, 28.53886705487516]}, "properties": {"lst": 37.5, "ndvi": 0.293, "ndbi": 0.03, "risk": "Critical", "heat_zone": 3, "color": "#e74c3c", "city": "Delhi"}}, {"type": "Feature", "geometry": {"type": "Point", "coordinates": [77.14814206907552, 28.68283582308763]}, "properties": {"lst": 37.73, "ndvi": 0.22, "ndbi": 0.022, "risk": "Critical", "heat_zone": 3, "color": "#e74c3c", "city": "Delhi"}}, {"type": "Feature", "geometry": {"type": "Point", "coordinates": [77.12140390257649, 28.72589871737537]}, "properties": {"lst": 35.15, "ndvi": 0.328, "ndbi": -0.09, "risk": "High", "heat_zone": 2, "color": "#e67e22", "city": "Delhi"}}, {"type": "Feature", "geometry": {"type": "Point", "coordinates": [77.29983971991643, 28.68191672820631]}, "properties": {"lst": 32.2, "ndvi": 0.349, "ndbi": -0.197, "risk": "High", "heat_zone": 2, "color": "#e67e22", "city": "Delhi"}}, {"type": "Feature", "geometry": {"type": "Point", "coordinates": [77.08768838887376, 28.676335045880148]}, "properties": {"lst": 35.24, "ndvi": 0.421, "ndbi": -0.144, "risk": "High", "heat_zone": 2, "color": "#e67e22", "city": "Delhi"}}, {"type": "Feature", "geometry": {"type": "Point", "coordinates": [77.18623299710286, 28.797157515783063]}, "properties": {"lst": 31.81, "ndvi": 0.411, "ndbi": -0.144, "risk": "High", "heat_zone": 2, "color": "#e67e22", "city": "Delhi"}}, {"type": "Feature", "geometry": {"type": "Point", "coordinates": [77.21055522436103, 28.494038615751908]}, "properties": {"lst": 32.87, "ndvi": 0.5, "ndbi": -0.111, "risk": "Moderate", "heat_zone": 1, "color": "#f1c40f", "city": "Delhi"}}, {"type": "Feature", "geometry": {"type": "Point", "coordinates": [76.99358086802803, 28.68948630985001]}, "properties": {"lst": 38.43, "ndvi": 0.183, "ndbi": 0.008, "risk": "Critical", "heat_zone": 3, "color": "#e74c3c", "city": "Delhi"}}, {"type": "Feature", "geometry": {"type": "Point", "coordinates": [77.29041541430847, 28.70116292815556]}, "properties": {"lst": 33.09, "ndvi": 0.305, "ndbi": -0.117, "risk": "High", "heat_zone": 2, "color": "#e67e22", "city": "Delhi"}}, {"type": "Feature", "geometry": {"type": "Point", "coordinates": [77.14011327432807, 28.550619311712325]}, "properties": {"lst": 36.09, "ndvi": 0.332, "ndbi": -0.029, "risk": "Critical", "heat_zone": 3, "color": "#e74c3c", "city": "Delhi"}}, {"type": "Feature", "geometry": {"type": "Point", "coordinates": [77.26572384133205, 28.563105283330188]}, "properties": {"lst": 35.4, "ndvi": 0.206, "ndbi": -0.036, "risk": "Critical", "heat_zone": 3, "color": "#e74c3c", "city": "Delhi"}}, {"type": "Feature", "geometry": {"type": "Point", "coordinates": [77.34297025476184, 28.777700597973983]}, "properties": {"lst": 34.54, "ndvi": 0.264, "ndbi": 0.008, "risk": "Critical", "heat_zone": 3, "color": "#e74c3c", "city": "Delhi"}}, {"type": "Feature", "geometry": {"type": "Point", "coordinates": [76.9908543095135, 28.53893139360061]}, "properties": {"lst": 37.87, "ndvi": 0.489, "ndbi": -0.187, "risk": "High", "heat_zone": 2, "color": "#e67e22", "city": "Delhi"}}, {"type": "Feature", "geometry": {"type": "Point", "coordinates": [77.3243641859364, 28.68194756377747]}, "properties": {"lst": 32.41, "ndvi": 0.37, "ndbi": -0.127, "risk": "High", "heat_zone": 2, "color": "#e67e22", "city": "Delhi"}}, {"type": "Feature", "geometry": {"type": "Point", "coordinates": [77.20490741663211, 28.650137269234712]}, "properties": {"lst": 33.9, "ndvi": 0.241, "ndbi": -0.046, "risk": "Critical", "heat_zone": 3, "color": "#e74c3c", "city": "Delhi"}}, {"type": "Feature", "geometry": {"type": "Point", "coordinates": [77.00048134694056, 28.45928133053033]}, "properties": {"lst": 38.43, "ndvi": 0.162, "ndbi": -0.001, "risk": "Critical", "heat_zone": 3, "color": "#e74c3c", "city": "Delhi"}}, {"type": "Feature", "geometry": {"type": "Point", "coordinates": [77.10308313979058, 28.62297436683477]}, "properties": {"lst": 35.3, "ndvi": 0.226, "ndbi": -0.01, "risk": "Critical", "heat_zone": 3, "color": "#e74c3c", "city": "Delhi"}}, {"type": "Feature", "geometry": {"type": "Point", "coordinates": [76.99609783922736, 28.599562469318997]}, "properties": {"lst": 37.49, "ndvi": 0.343, "ndbi": -0.057, "risk": "Critical", "heat_zone": 3, "color": "#e74c3c", "city": "Delhi"}}, {"type": "Feature", "geometry": {"type": "Point", "coordinates": [76.91965985904575, 28.776551585888598]}, "properties": {"lst": 34.19, "ndvi": 0.321, "ndbi": 0.02, "risk": "Critical", "heat_zone": 3, "color": "#e74c3c", "city": "Delhi"}}, {"type": "Feature", "geometry": {"type": "Point", "coordinates": [76.91328294599028, 28.51058682425458]}, "properties": {"lst": 30.65, "ndvi": 0.45, "ndbi": -0.304, "risk": "Moderate", "heat_zone": 1, "color": "#f1c40f", "city": "Delhi"}}, {"type": "Feature", "geometry": {"type": "Point", "coordinates": [77.29153486651838, 28.68071041819888]}, "properties": {"lst": 33.45, "ndvi": 0.247, "ndbi": -0.072, "risk": "High", "heat_zone": 2, "color": "#e67e22", "city": "Delhi"}}, {"type": "Feature", "geometry": {"type": "Point", "coordinates": [77.29446546563697, 28.75856238848838]}, "properties": {"lst": 35.37, "ndvi": 0.197, "ndbi": 0.062, "risk": "Critical", "heat_zone": 3, "color": "#e74c3c", "city": "Delhi"}}, {"type": "Feature", "geometry": {"type": "Point", "coordinates": [77.12386353437826, 28.629408602979403]}, "properties": {"lst": 37.81, "ndvi": 0.123, "ndbi": 0.032, "risk": "Critical", "heat_zone": 3, "color": "#e74c3c", "city": "Delhi"}}, {"type": "Feature", "geometry": {"type": "Point", "coordinates": [77.31052591037748, 28.56230096565506]}, "properties": {"lst": 29.33, "ndvi": 0.165, "ndbi": -0.315, "risk": "Low", "heat_zone": 0, "color": "#2ecc71", "city": "Delhi"}}, {"type": "Feature", "geometry": {"type": "Point", "coordinates": [77.16620992906272, 28.69132038240448]}, "properties": {"lst": 33.39, "ndvi": 0.207, "ndbi": -0.048, "risk": "Critical", "heat_zone": 3, "color": "#e74c3c", "city": "Delhi"}}, {"type": "Feature", "geometry": {"type": "Point", "coordinates": [77.18237521497082, 28.517914905306245]}, "properties": {"lst": 31.62, "ndvi": 0.65, "ndbi": -0.259, "risk": "Moderate", "heat_zone": 1, "color": "#f1c40f", "city": "Delhi"}}, {"type": "Feature", "geometry": {"type": "Point", "coordinates": [77.16074946790349, 28.57362433508025]}, "properties": {"lst": 34.84, "ndvi": 0.326, "ndbi": -0.126, "risk": "High", "heat_zone": 2, "color": "#e67e22", "city": "Delhi"}}, {"type": "Feature", "geometry": {"type": "Point", "coordinates": [77.15576746305591, 28.77084178867395]}, "properties": {"lst": 35.24, "ndvi": 0.386, "ndbi": -0.095, "risk": "High", "heat_zone": 2, "color": "#e67e22", "city": "Delhi"}}, {"type": "Feature", "geometry": {"type": "Point", "coordinates": [77.31135326347191, 28.79866457768888]}, "properties": {"lst": 32.85, "ndvi": 0.366, "ndbi": -0.071, "risk": "High", "heat_zone": 2, "color": "#e67e22", "city": "Delhi"}}, {"type": "Feature", "geometry": {"type": "Point", "coordinates": [76.99636369930346, 28.74085883683185]}, "properties": {"lst": 31.91, "ndvi": 0.558, "ndbi": -0.157, "risk": "Moderate", "heat_zone": 1, "color": "#f1c40f", "city": "Delhi"}}, {"type": "Feature", "geometry": {"type": "Point", "coordinates": [77.31798742452017, 28.53145954949126]}, "properties": {"lst": 33.52, "ndvi": 0.242, "ndbi": -0.071, "risk": "Critical", "heat_zone": 3, "color": "#e74c3c", "city": "Delhi"}}, {"type": "Feature", "geometry": {"type": "Point", "coordinates": [77.17860248145683, 28.55926015594849]}, "properties": {"lst": 34.06, "ndvi": 0.4, "ndbi": -0.104, "risk": "High", "heat_zone": 2, "color": "#e67e22", "city": "Delhi"}}, {"type": "Feature", "geometry": {"type": "Point", "coordinates": [77.13046282551316, 28.647263046385905]}, "properties": {"lst": 34.06, "ndvi": 0.146, "ndbi": -0.0, "risk": "Critical", "heat_zone": 3, "color": "#e74c3c", "city": "Delhi"}}, {"type": "Feature", "geometry": {"type": "Point", "coordinates": [76.90244296281183, 28.79088548604975]}, "properties": {"lst": 32.65, "ndvi": 0.426, "ndbi": -0.159, "risk": "High", "heat_zone": 2, "color": "#e67e22", "city": "Delhi"}}, {"type": "Feature", "geometry": {"type": "Point", "coordinates": [77.0459566858865, 28.5345437940454]}, "properties": {"lst": 37.29, "ndvi": 0.233, "ndbi": -0.055, "risk": "Critical", "heat_zone": 3, "color": "#e74c3c", "city": "Delhi"}}, {"type": "Feature", "geometry": {"type": "Point", "coordinates": [77.09396032611104, 28.7532625821376]}, "properties": {"lst": 35.21, "ndvi": 0.502, "ndbi": -0.066, "risk": "High", "heat_zone": 2, "color": "#e67e22", "city": "Delhi"}}, {"type": "Feature", "geometry": {"type": "Point", "coordinates": [77.09759341199775, 28.75024450212691]}, "properties": {"lst": 37.3, "ndvi": 0.343, "ndbi": -0.012, "risk": "Critical", "heat_zone": 3, "color": "#e74c3c", "city": "Delhi"}}, {"type": "Feature", "geometry": {"type": "Point", "coordinates": [77.03725872538377, 28.49389991389644]}, "properties": {"lst": 34.27, "ndvi": 0.492, "ndbi": -0.086, "risk": "High", "heat_zone": 2, "color": "#e67e22", "city": "Delhi"}}, {"type": "Feature", "geometry": {"type": "Point", "coordinates": [76.95411983694288, 28.531629765886777]}, "properties": {"lst": 39.59, "ndvi": 0.311, "ndbi": -0.037, "risk": "Critical", "heat_zone": 3, "color": "#e74c3c", "city": "Delhi"}}, {"type": "Feature", "geometry": {"type": "Point", "coordinates": [77.23250033570318, 28.706314769139723]}, "properties": {"lst": 28.85, "ndvi": 0.005, "ndbi": -0.326, "risk": "Low", "heat_zone": 0, "color": "#2ecc71", "city": "Delhi"}}, {"type": "Feature", "geometry": {"type": "Point", "coordinates": [77.20540307155537, 28.615700233216565]}, "properties": {"lst": 35.21, "ndvi": 0.159, "ndbi": -0.018, "risk": "Critical", "heat_zone": 3, "color": "#e74c3c", "city": "Delhi"}}, {"type": "Feature", "geometry": {"type": "Point", "coordinates": [77.2727399015087, 28.45864056813201]}, "properties": {"lst": 33.24, "ndvi": 0.478, "ndbi": -0.071, "risk": "High", "heat_zone": 2, "color": "#e67e22", "city": "Delhi"}}, {"type": "Feature", "geometry": {"type": "Point", "coordinates": [77.07543286974129, 28.61126346565442]}, "properties": {"lst": 36.27, "ndvi": 0.114, "ndbi": 0.02, "risk": "Critical", "heat_zone": 3, "color": "#e74c3c", "city": "Delhi"}}, {"type": "Feature", "geometry": {"type": "Point", "coordinates": [76.97480471020829, 28.54497420096124]}, "properties": {"lst": 41.55, "ndvi": 0.237, "ndbi": 0.054, "risk": "Critical", "heat_zone": 3, "color": "#e74c3c", "city": "Delhi"}}, {"type": "Feature", "geometry": {"type": "Point", "coordinates": [77.09126789396635, 28.54382996580444]}, "properties": {"lst": 40.63, "ndvi": 0.293, "ndbi": 0.035, "risk": "Critical", "heat_zone": 3, "color": "#e74c3c", "city": "Delhi"}}, {"type": "Feature", "geometry": {"type": "Point", "coordinates": [77.3118392050506, 28.596511669431276]}, "properties": {"lst": 33.39, "ndvi": 0.111, "ndbi": -0.004, "risk": "Critical", "heat_zone": 3, "color": "#e74c3c", "city": "Delhi"}}, {"type": "Feature", "geometry": {"type": "Point", "coordinates": [77.02987184406331, 28.545237930024086]}, "properties": {"lst": 40.18, "ndvi": 0.143, "ndbi": 0.065, "risk": "Critical", "heat_zone": 3, "color": "#e74c3c", "city": "Delhi"}}, {"type": "Feature", "geometry": {"type": "Point", "coordinates": [77.27355855560427, 28.45869527744035]}, "properties": {"lst": 33.07, "ndvi": 0.533, "ndbi": -0.111, "risk": "Moderate", "heat_zone": 1, "color": "#f1c40f", "city": "Delhi"}}, {"type": "Feature", "geometry": {"type": "Point", "coordinates": [76.97327719031854, 28.65605140088364]}, "properties": {"lst": 33.46, "ndvi": 0.395, "ndbi": -0.115, "risk": "High", "heat_zone": 2, "color": "#e67e22", "city": "Delhi"}}, {"type": "Feature", "geometry": {"type": "Point", "coordinates": [77.04481861655842, 28.62323953516565]}, "properties": {"lst": 36.5, "ndvi": 0.092, "ndbi": 0.023, "risk": "Critical", "heat_zone": 3, "color": "#e74c3c", "city": "Delhi"}}, {"type": "Feature", "geometry": {"type": "Point", "coordinates": [77.19219257561817, 28.47786829902905]}, "properties": {"lst": 31.64, "ndvi": 0.599, "ndbi": -0.226, "risk": "Moderate", "heat_zone": 1, "color": "#f1c40f", "city": "Delhi"}}, {"type": "Feature", "geometry": {"type": "Point", "coordinates": [76.96730540644754, 28.494899084051767]}, "properties": {"lst": 36.25, "ndvi": 0.422, "ndbi": -0.04, "risk": "High", "heat_zone": 2, "color": "#e67e22", "city": "Delhi"}}, {"type": "Feature", "geometry": {"type": "Point", "coordinates": [77.34086063368675, 28.54084124883684]}, "properties": {"lst": 34.52, "ndvi": 0.133, "ndbi": 0.0, "risk": "Critical", "heat_zone": 3, "color": "#e74c3c", "city": "Delhi"}}, {"type": "Feature", "geometry": {"type": "Point", "coordinates": [76.96100130860337, 28.533460847957137]}, "properties": {"lst": 41.88, "ndvi": 0.303, "ndbi": 0.003, "risk": "Critical", "heat_zone": 3, "color": "#e74c3c", "city": "Delhi"}}, {"type": "Feature", "geometry": {"type": "Point", "coordinates": [77.20973685797453, 28.741084956389408]}, "properties": {"lst": 30.56, "ndvi": 0.507, "ndbi": -0.143, "risk": "Moderate", "heat_zone": 1, "color": "#f1c40f", "city": "Delhi"}}, {"type": "Feature", "geometry": {"type": "Point", "coordinates": [77.03937077285482, 28.75128182886546]}, "properties": {"lst": 32.78, "ndvi": 0.241, "ndbi": -0.073, "risk": "High", "heat_zone": 2, "color": "#e67e22", "city": "Delhi"}}, {"type": "Feature", "geometry": {"type": "Point", "coordinates": [77.21851595735137, 28.454770777767045]}, "properties": {"lst": 33.89, "ndvi": 0.445, "ndbi": -0.018, "risk": "High", "heat_zone": 2, "color": "#e67e22", "city": "Delhi"}}, {"type": "Feature", "geometry": {"type": "Point", "coordinates": [77.01261794907111, 28.769900738950263]}, "properties": {"lst": 29.75, "ndvi": 0.298, "ndbi": -0.366, "risk": "Low", "heat_zone": 0, "color": "#2ecc71", "city": "Delhi"}}, {"type": "Feature", "geometry": {"type": "Point", "coordinates": [77.26289977663812, 28.74303318587626]}, "properties": {"lst": 34.11, "ndvi": 0.199, "ndbi": 0.059, "risk": "Critical", "heat_zone": 3, "color": "#e74c3c", "city": "Delhi"}}, {"type": "Feature", "geometry": {"type": "Point", "coordinates": [77.24151493241702, 28.660918594384267]}, "properties": {"lst": 34.2, "ndvi": 0.361, "ndbi": -0.135, "risk": "High", "heat_zone": 2, "color": "#e67e22", "city": "Delhi"}}, {"type": "Feature", "geometry": {"type": "Point", "coordinates": [77.00721771968412, 28.5004832156627]}, "properties": {"lst": 37.72, "ndvi": 0.148, "ndbi": 0.033, "risk": "Critical", "heat_zone": 3, "color": "#e74c3c", "city": "Delhi"}}, {"type": "Feature", "geometry": {"type": "Point", "coordinates": [77.10263842287999, 28.499882975378505]}, "properties": {"lst": 34.52, "ndvi": 0.321, "ndbi": -0.056, "risk": "High", "heat_zone": 2, "color": "#e67e22", "city": "Delhi"}}, {"type": "Feature", "geometry": {"type": "Point", "coordinates": [77.18927723942679, 28.51744032216594]}, "properties": {"lst": 31.51, "ndvi": 0.588, "ndbi": -0.272, "risk": "Moderate", "heat_zone": 1, "color": "#f1c40f", "city": "Delhi"}}, {"type": "Feature", "geometry": {"type": "Point", "coordinates": [77.13457981415593, 28.671354152407503]}, "properties": {"lst": 34.44, "ndvi": 0.144, "ndbi": -0.011, "risk": "Critical", "heat_zone": 3, "color": "#e74c3c", "city": "Delhi"}}, {"type": "Feature", "geometry": {"type": "Point", "coordinates": [77.03867758269065, 28.694031702823256]}, "properties": {"lst": 28.55, "ndvi": 0.116, "ndbi": -0.397, "risk": "Low", "heat_zone": 0, "color": "#2ecc71", "city": "Delhi"}}, {"type": "Feature", "geometry": {"type": "Point", "coordinates": [77.150427987386, 28.645822181460844]}, "properties": {"lst": 36.58, "ndvi": 0.262, "ndbi": -0.017, "risk": "Critical", "heat_zone": 3, "color": "#e74c3c", "city": "Delhi"}}, {"type": "Feature", "geometry": {"type": "Point", "coordinates": [77.19954782784933, 28.534912828145192]}, "properties": {"lst": 33.26, "ndvi": 0.605, "ndbi": -0.177, "risk": "Moderate", "heat_zone": 1, "color": "#f1c40f", "city": "Delhi"}}, {"type": "Feature", "geometry": {"type": "Point", "coordinates": [77.28114362825546, 28.79722651021708]}, "properties": {"lst": 34.22, "ndvi": 0.321, "ndbi": 0.018, "risk": "Critical", "heat_zone": 3, "color": "#e74c3c", "city": "Delhi"}}, {"type": "Feature", "geometry": {"type": "Point", "coordinates": [77.10609576895055, 28.506143177844542]}, "properties": {"lst": 34.86, "ndvi": 0.481, "ndbi": -0.131, "risk": "High", "heat_zone": 2, "color": "#e67e22", "city": "Delhi"}}, {"type": "Feature", "geometry": {"type": "Point", "coordinates": [77.10678989749987, 28.69781860824422]}, "properties": {"lst": 36.62, "ndvi": 0.165, "ndbi": -0.033, "risk": "Critical", "heat_zone": 3, "color": "#e74c3c", "city": "Delhi"}}, {"type": "Feature", "geometry": {"type": "Point", "coordinates": [77.18192761227954, 28.59570191227448]}, "properties": {"lst": 35.44, "ndvi": 0.38, "ndbi": -0.136, "risk": "High", "heat_zone": 2, "color": "#e67e22", "city": "Delhi"}}, {"type": "Feature", "geometry": {"type": "Point", "coordinates": [77.0002282607394, 28.653100294154584]}, "properties": {"lst": 35.6, "ndvi": 0.196, "ndbi": 0.058, "risk": "Critical", "heat_zone": 3, "color": "#e74c3c", "city": "Delhi"}}, {"type": "Feature", "geometry": {"type": "Point", "coordinates": [77.33835066446096, 28.66206592868425]}, "properties": {"lst": 35.29, "ndvi": 0.366, "ndbi": -0.075, "risk": "High", "heat_zone": 2, "color": "#e67e22", "city": "Delhi"}}, {"type": "Feature", "geometry": {"type": "Point", "coordinates": [77.29418026458298, 28.53541946980717]}, "properties": {"lst": 32.85, "ndvi": 0.324, "ndbi": -0.105, "risk": "High", "heat_zone": 2, "color": "#e67e22", "city": "Delhi"}}, {"type": "Feature", "geometry": {"type": "Point", "coordinates": [77.08573244187407, 28.667965214717967]}, "properties": {"lst": 34.96, "ndvi": 0.196, "ndbi": -0.027, "risk": "Critical", "heat_zone": 3, "color": "#e74c3c", "city": "Delhi"}}, {"type": "Feature", "geometry": {"type": "Point", "coordinates": [77.12418143838417, 28.720487391776203]}, "properties": {"lst": 34.76, "ndvi": 0.337, "ndbi": -0.129, "risk": "High", "heat_zone": 2, "color": "#e67e22", "city": "Delhi"}}, {"type": "Feature", "geometry": {"type": "Point", "coordinates": [77.17334854442423, 28.790383698782104]}, "properties": {"lst": 32.98, "ndvi": 0.389, "ndbi": -0.05, "risk": "High", "heat_zone": 2, "color": "#e67e22", "city": "Delhi"}}, {"type": "Feature", "geometry": {"type": "Point", "coordinates": [77.28978839026426, 28.533419532408963]}, "properties": {"lst": 32.5, "ndvi": 0.447, "ndbi": -0.141, "risk": "High", "heat_zone": 2, "color": "#e67e22", "city": "Delhi"}}, {"type": "Feature", "geometry": {"type": "Point", "coordinates": [77.19588329832169, 28.63523972146827]}, "properties": {"lst": 31.83, "ndvi": 0.579, "ndbi": -0.179, "risk": "Moderate", "heat_zone": 1, "color": "#f1c40f", "city": "Delhi"}}, {"type": "Feature", "geometry": {"type": "Point", "coordinates": [77.01402679016795, 28.691585517322014]}, "properties": {"lst": 36.16, "ndvi": 0.28, "ndbi": -0.029, "risk": "Critical", "heat_zone": 3, "color": "#e74c3c", "city": "Delhi"}}, {"type": "Feature", "geometry": {"type": "Point", "coordinates": [77.0116673116365, 28.504504171896183]}, "properties": {"lst": 38.73, "ndvi": 0.233, "ndbi": 0.017, "risk": "Critical", "heat_zone": 3, "color": "#e74c3c", "city": "Delhi"}}, {"type": "Feature", "geometry": {"type": "Point", "coordinates": [76.9003933282395, 28.787331129337133]}, "properties": {"lst": 32.83, "ndvi": 0.392, "ndbi": -0.134, "risk": "High", "heat_zone": 2, "color": "#e67e22", "city": "Delhi"}}, {"type": "Feature", "geometry": {"type": "Point", "coordinates": [77.3298608402056, 28.694817757614462]}, "properties": {"lst": 34.76, "ndvi": 0.107, "ndbi": 0.015, "risk": "Critical", "heat_zone": 3, "color": "#e74c3c", "city": "Delhi"}}, {"type": "Feature", "geometry": {"type": "Point", "coordinates": [77.06130963451974, 28.48454787147042]}, "properties": {"lst": 37.47, "ndvi": 0.403, "ndbi": -0.105, "risk": "High", "heat_zone": 2, "color": "#e67e22", "city": "Delhi"}}, {"type": "Feature", "geometry": {"type": "Point", "coordinates": [77.22981316456618, 28.662139849344587]}, "properties": {"lst": 37.89, "ndvi": 0.138, "ndbi": 0.012, "risk": "Critical", "heat_zone": 3, "color": "#e74c3c", "city": "Delhi"}}, {"type": "Feature", "geometry": {"type": "Point", "coordinates": [77.2833654307774, 28.78872224867065]}, "properties": {"lst": 31.88, "ndvi": 0.343, "ndbi": -0.073, "risk": "High", "heat_zone": 2, "color": "#e67e22", "city": "Delhi"}}, {"type": "Feature", "geometry": {"type": "Point", "coordinates": [77.11205889303223, 28.767809040493155]}, "properties": {"lst": 32.88, "ndvi": 0.473, "ndbi": -0.137, "risk": "Moderate", "heat_zone": 1, "color": "#f1c40f", "city": "Delhi"}}, {"type": "Feature", "geometry": {"type": "Point", "coordinates": [77.21976454647121, 28.490679865292016]}, "properties": {"lst": 33.06, "ndvi": 0.492, "ndbi": -0.099, "risk": "Moderate", "heat_zone": 1, "color": "#f1c40f", "city": "Delhi"}}, {"type": "Feature", "geometry": {"type": "Point", "coordinates": [77.0911333727765, 28.758148984017275]}, "properties": {"lst": 34.37, "ndvi": 0.372, "ndbi": -0.056, "risk": "High", "heat_zone": 2, "color": "#e67e22", "city": "Delhi"}}, {"type": "Feature", "geometry": {"type": "Point", "coordinates": [77.03847408227564, 28.72697746392444]}, "properties": {"lst": 37.24, "ndvi": 0.249, "ndbi": -0.002, "risk": "Critical", "heat_zone": 3, "color": "#e74c3c", "city": "Delhi"}}, {"type": "Feature", "geometry": {"type": "Point", "coordinates": [77.00561460097312, 28.605208296799063]}, "properties": {"lst": 35.79, "ndvi": 0.244, "ndbi": -0.031, "risk": "Critical", "heat_zone": 3, "color": "#e74c3c", "city": "Delhi"}}, {"type": "Feature", "geometry": {"type": "Point", "coordinates": [76.9471548360542, 28.663908438157723]}, "properties": {"lst": 35.44, "ndvi": 0.334, "ndbi": -0.028, "risk": "High", "heat_zone": 2, "color": "#e67e22", "city": "Delhi"}}, {"type": "Feature", "geometry": {"type": "Point", "coordinates": [76.94176140649489, 28.78477315534852]}, "properties": {"lst": 37.15, "ndvi": 0.261, "ndbi": 0.005, "risk": "Critical", "heat_zone": 3, "color": "#e74c3c", "city": "Delhi"}}, {"type": "Feature", "geometry": {"type": "Point", "coordinates": [76.988037411647, 28.584534094646628]}, "properties": {"lst": 33.81, "ndvi": 0.547, "ndbi": -0.106, "risk": "Moderate", "heat_zone": 1, "color": "#f1c40f", "city": "Delhi"}}, {"type": "Feature", "geometry": {"type": "Point", "coordinates": [77.24453404827865, 28.515298350358574]}, "properties": {"lst": 33.26, "ndvi": 0.501, "ndbi": -0.18, "risk": "Moderate", "heat_zone": 1, "color": "#f1c40f", "city": "Delhi"}}, {"type": "Feature", "geometry": {"type": "Point", "coordinates": [77.31508812784111, 28.699666331427512]}, "properties": {"lst": 33.7, "ndvi": 0.168, "ndbi": -0.005, "risk": "Critical", "heat_zone": 3, "color": "#e74c3c", "city": "Delhi"}}, {"type": "Feature", "geometry": {"type": "Point", "coordinates": [77.09721484398533, 28.47847853986555]}, "properties": {"lst": 35.51, "ndvi": 0.231, "ndbi": -0.025, "risk": "Critical", "heat_zone": 3, "color": "#e74c3c", "city": "Delhi"}}, {"type": "Feature", "geometry": {"type": "Point", "coordinates": [76.94007368827441, 28.704208259641018]}, "properties": {"lst": 36.51, "ndvi": 0.131, "ndbi": 0.02, "risk": "Critical", "heat_zone": 3, "color": "#e74c3c", "city": "Delhi"}}, {"type": "Feature", "geometry": {"type": "Point", "coordinates": [77.20188405027044, 28.55176039433706]}, "properties": {"lst": 34.38, "ndvi": 0.295, "ndbi": -0.115, "risk": "High", "heat_zone": 2, "color": "#e67e22", "city": "Delhi"}}, {"type": "Feature", "geometry": {"type": "Point", "coordinates": [77.15259885918341, 28.76848699609583]}, "properties": {"lst": 33.77, "ndvi": 0.363, "ndbi": -0.073, "risk": "High", "heat_zone": 2, "color": "#e67e22", "city": "Delhi"}}, {"type": "Feature", "geometry": {"type": "Point", "coordinates": [77.2603237160218, 28.571403823691973]}, "properties": {"lst": 33.19, "ndvi": 0.309, "ndbi": -0.097, "risk": "High", "heat_zone": 2, "color": "#e67e22", "city": "Delhi"}}, {"type": "Feature", "geometry": {"type": "Point", "coordinates": [77.10048705891107, 28.529268446315065]}, "properties": {"lst": 34.99, "ndvi": 0.516, "ndbi": -0.173, "risk": "Moderate", "heat_zone": 1, "color": "#f1c40f", "city": "Delhi"}}, {"type": "Feature", "geometry": {"type": "Point", "coordinates": [77.14400800066612, 28.48978425309216]}, "properties": {"lst": 31.42, "ndvi": 0.597, "ndbi": -0.169, "risk": "Moderate", "heat_zone": 1, "color": "#f1c40f", "city": "Delhi"}}, {"type": "Feature", "geometry": {"type": "Point", "coordinates": [77.30475845523095, 28.616795189849228]}, "properties": {"lst": 31.45, "ndvi": 0.585, "ndbi": -0.233, "risk": "Moderate", "heat_zone": 1, "color": "#f1c40f", "city": "Delhi"}}, {"type": "Feature", "geometry": {"type": "Point", "coordinates": [77.11130363193588, 28.500733666790467]}, "properties": {"lst": 34.86, "ndvi": 0.422, "ndbi": -0.073, "risk": "High", "heat_zone": 2, "color": "#e67e22", "city": "Delhi"}}, {"type": "Feature", "geometry": {"type": "Point", "coordinates": [77.04236208297355, 28.787157446593085]}, "properties": {"lst": 38.02, "ndvi": 0.133, "ndbi": 0.011, "risk": "Critical", "heat_zone": 3, "color": "#e74c3c", "city": "Delhi"}}, {"type": "Feature", "geometry": {"type": "Point", "coordinates": [76.96787625899947, 28.563968339486863]}, "properties": {"lst": 39.31, "ndvi": 0.278, "ndbi": 0.026, "risk": "Critical", "heat_zone": 3, "color": "#e74c3c", "city": "Delhi"}}, {"type": "Feature", "geometry": {"type": "Point", "coordinates": [76.93851994603179, 28.76616735506162]}, "properties": {"lst": 36.98, "ndvi": 0.348, "ndbi": -0.017, "risk": "Critical", "heat_zone": 3, "color": "#e74c3c", "city": "Delhi"}}, {"type": "Feature", "geometry": {"type": "Point", "coordinates": [77.26224585135554, 28.671177750419297]}, "properties": {"lst": 33.51, "ndvi": 0.146, "ndbi": -0.003, "risk": "Critical", "heat_zone": 3, "color": "#e74c3c", "city": "Delhi"}}, {"type": "Feature", "geometry": {"type": "Point", "coordinates": [77.18741670383424, 28.607258976246253]}, "properties": {"lst": 32.5, "ndvi": 0.596, "ndbi": -0.192, "risk": "Moderate", "heat_zone": 1, "color": "#f1c40f", "city": "Delhi"}}, {"type": "Feature", "geometry": {"type": "Point", "coordinates": [77.31054910768341, 28.77082778121165]}, "properties": {"lst": 32.76, "ndvi": 0.496, "ndbi": -0.135, "risk": "Moderate", "heat_zone": 1, "color": "#f1c40f", "city": "Delhi"}}, {"type": "Feature", "geometry": {"type": "Point", "coordinates": [77.26231643729953, 28.65211411429478]}, "properties": {"lst": 29.27, "ndvi": 0.079, "ndbi": -0.301, "risk": "Low", "heat_zone": 0, "color": "#2ecc71", "city": "Delhi"}}, {"type": "Feature", "geometry": {"type": "Point", "coordinates": [77.24188964291857, 28.75218203895085]}, "properties": {"lst": 32.1, "ndvi": 0.623, "ndbi": -0.255, "risk": "Moderate", "heat_zone": 1, "color": "#f1c40f", "city": "Delhi"}}, {"type": "Feature", "geometry": {"type": "Point", "coordinates": [77.21555566504615, 28.62806995271503]}, "properties": {"lst": 33.52, "ndvi": 0.279, "ndbi": -0.082, "risk": "High", "heat_zone": 2, "color": "#e67e22", "city": "Delhi"}}, {"type": "Feature", "geometry": {"type": "Point", "coordinates": [77.02576830650848, 28.52745662900053]}, "properties": {"lst": 37.44, "ndvi": 0.22, "ndbi": 0.038, "risk": "Critical", "heat_zone": 3, "color": "#e74c3c", "city": "Delhi"}}, {"type": "Feature", "geometry": {"type": "Point", "coordinates": [77.20709610165306, 28.64043972100965]}, "properties": {"lst": 34.83, "ndvi": 0.299, "ndbi": -0.072, "risk": "High", "heat_zone": 2, "color": "#e67e22", "city": "Delhi"}}, {"type": "Feature", "geometry": {"type": "Point", "coordinates": [77.33159011502525, 28.65091305173682]}, "properties": {"lst": 34.4, "ndvi": 0.437, "ndbi": -0.044, "risk": "High", "heat_zone": 2, "color": "#e67e22", "city": "Delhi"}}, {"type": "Feature", "geometry": {"type": "Point", "coordinates": [76.90732558568797, 28.46675749415252]}, "properties": {"lst": 42.16, "ndvi": 0.214, "ndbi": 0.059, "risk": "Critical", "heat_zone": 3, "color": "#e74c3c", "city": "Delhi"}}, {"type": "Feature", "geometry": {"type": "Point", "coordinates": [77.23959883688785, 28.5117096939816]}, "properties": {"lst": 33.55, "ndvi": 0.293, "ndbi": -0.029, "risk": "High", "heat_zone": 2, "color": "#e67e22", "city": "Delhi"}}, {"type": "Feature", "geometry": {"type": "Point", "coordinates": [77.29762890743065, 28.464526166311234]}, "properties": {"lst": 33.76, "ndvi": 0.155, "ndbi": -0.012, "risk": "Critical", "heat_zone": 3, "color": "#e74c3c", "city": "Delhi"}}, {"type": "Feature", "geometry": {"type": "Point", "coordinates": [77.11057466368905, 28.566209901413096]}, "properties": {"lst": 39.46, "ndvi": 0.065, "ndbi": 0.057, "risk": "Critical", "heat_zone": 3, "color": "#e74c3c", "city": "Delhi"}}, {"type": "Feature", "geometry": {"type": "Point", "coordinates": [77.23397904751529, 28.55175649187283]}, "properties": {"lst": 34.73, "ndvi": 0.194, "ndbi": -0.028, "risk": "Critical", "heat_zone": 3, "color": "#e74c3c", "city": "Delhi"}}, {"type": "Feature", "geometry": {"type": "Point", "coordinates": [77.27279879788588, 28.620762767934465]}, "properties": {"lst": 31.46, "ndvi": 0.398, "ndbi": -0.045, "risk": "High", "heat_zone": 2, "color": "#e67e22", "city": "Delhi"}}, {"type": "Feature", "geometry": {"type": "Point", "coordinates": [76.92929429509815, 28.53517176453642]}, "properties": {"lst": 34.17, "ndvi": 0.225, "ndbi": -0.019, "risk": "Critical", "heat_zone": 3, "color": "#e74c3c", "city": "Delhi"}}, {"type": "Feature", "geometry": {"type": "Point", "coordinates": [77.32147047265433, 28.76335638396709]}, "properties": {"lst": 33.56, "ndvi": 0.393, "ndbi": -0.045, "risk": "High", "heat_zone": 2, "color": "#e67e22", "city": "Delhi"}}, {"type": "Feature", "geometry": {"type": "Point", "coordinates": [77.16675678252031, 28.78238122664335]}, "properties": {"lst": 33.42, "ndvi": 0.468, "ndbi": -0.127, "risk": "High", "heat_zone": 2, "color": "#e67e22", "city": "Delhi"}}, {"type": "Feature", "geometry": {"type": "Point", "coordinates": [77.15215453334145, 28.557221668952536]}, "properties": {"lst": 31.98, "ndvi": 0.596, "ndbi": -0.188, "risk": "Moderate", "heat_zone": 1, "color": "#f1c40f", "city": "Delhi"}}, {"type": "Feature", "geometry": {"type": "Point", "coordinates": [77.1763189004743, 28.64355909830946]}, "properties": {"lst": 34.34, "ndvi": 0.359, "ndbi": -0.118, "risk": "High", "heat_zone": 2, "color": "#e67e22", "city": "Delhi"}}, {"type": "Feature", "geometry": {"type": "Point", "coordinates": [77.15022315008737, 28.51995562242882]}, "properties": {"lst": 33.7, "ndvi": 0.603, "ndbi": -0.216, "risk": "Moderate", "heat_zone": 1, "color": "#f1c40f", "city": "Delhi"}}, {"type": "Feature", "geometry": {"type": "Point", "coordinates": [77.24861486753993, 28.482138269861498]}, "properties": {"lst": 34.71, "ndvi": 0.407, "ndbi": -0.02, "risk": "High", "heat_zone": 2, "color": "#e67e22", "city": "Delhi"}}, {"type": "Feature", "geometry": {"type": "Point", "coordinates": [76.95487234297713, 28.51841219079434]}, "properties": {"lst": 32.74, "ndvi": 0.292, "ndbi": -0.122, "risk": "High", "heat_zone": 2, "color": "#e67e22", "city": "Delhi"}}, {"type": "Feature", "geometry": {"type": "Point", "coordinates": [77.34679170259209, 28.582431322497925]}, "properties": {"lst": 34.69, "ndvi": 0.289, "ndbi": 0.021, "risk": "Critical", "heat_zone": 3, "color": "#e74c3c", "city": "Delhi"}}, {"type": "Feature", "geometry": {"type": "Point", "coordinates": [77.11497129023181, 28.70617352397402]}, "properties": {"lst": 36.6, "ndvi": 0.114, "ndbi": 0.009, "risk": "Critical", "heat_zone": 3, "color": "#e74c3c", "city": "Delhi"}}, {"type": "Feature", "geometry": {"type": "Point", "coordinates": [77.18045673162078, 28.662340992522253]}, "properties": {"lst": 34.62, "ndvi": 0.105, "ndbi": 0.009, "risk": "Critical", "heat_zone": 3, "color": "#e74c3c", "city": "Delhi"}}, {"type": "Feature", "geometry": {"type": "Point", "coordinates": [77.18471030321408, 28.55509829203188]}, "properties": {"lst": 33.0, "ndvi": 0.522, "ndbi": -0.221, "risk": "Moderate", "heat_zone": 1, "color": "#f1c40f", "city": "Delhi"}}, {"type": "Feature", "geometry": {"type": "Point", "coordinates": [77.22339372386503, 28.59278314842333]}, "properties": {"lst": 33.53, "ndvi": 0.484, "ndbi": -0.176, "risk": "Moderate", "heat_zone": 1, "color": "#f1c40f", "city": "Delhi"}}, {"type": "Feature", "geometry": {"type": "Point", "coordinates": [77.1741224545577, 28.77861518439201]}, "properties": {"lst": 33.12, "ndvi": 0.381, "ndbi": -0.093, "risk": "High", "heat_zone": 2, "color": "#e67e22", "city": "Delhi"}}, {"type": "Feature", "geometry": {"type": "Point", "coordinates": [77.27667846296796, 28.553864236128597]}, "properties": {"lst": 31.92, "ndvi": 0.379, "ndbi": -0.122, "risk": "High", "heat_zone": 2, "color": "#e67e22", "city": "Delhi"}}, {"type": "Feature", "geometry": {"type": "Point", "coordinates": [76.99675829400054, 28.711698152903]}, "properties": {"lst": 33.23, "ndvi": 0.165, "ndbi": -0.088, "risk": "Critical", "heat_zone": 3, "color": "#e74c3c", "city": "Delhi"}}, {"type": "Feature", "geometry": {"type": "Point", "coordinates": [76.99033243393208, 28.60822164262253]}, "properties": {"lst": 37.54, "ndvi": 0.151, "ndbi": 0.014, "risk": "Critical", "heat_zone": 3, "color": "#e74c3c", "city": "Delhi"}}, {"type": "Feature", "geometry": {"type": "Point", "coordinates": [77.28048986964053, 28.69434156133115]}, "properties": {"lst": 33.81, "ndvi": 0.096, "ndbi": 0.025, "risk": "Critical", "heat_zone": 3, "color": "#e74c3c", "city": "Delhi"}}, {"type": "Feature", "geometry": {"type": "Point", "coordinates": [77.14859814057283, 28.7736807485897]}, "properties": {"lst": 36.13, "ndvi": 0.187, "ndbi": 0.03, "risk": "Critical", "heat_zone": 3, "color": "#e74c3c", "city": "Delhi"}}, {"type": "Feature", "geometry": {"type": "Point", "coordinates": [77.02447577530647, 28.65424233497377]}, "properties": {"lst": 38.39, "ndvi": 0.297, "ndbi": -0.01, "risk": "Critical", "heat_zone": 3, "color": "#e74c3c", "city": "Delhi"}}, {"type": "Feature", "geometry": {"type": "Point", "coordinates": [77.25682070871542, 28.47161711143881]}, "properties": {"lst": 34.4, "ndvi": 0.43, "ndbi": -0.019, "risk": "High", "heat_zone": 2, "color": "#e67e22", "city": "Delhi"}}, {"type": "Feature", "geometry": {"type": "Point", "coordinates": [77.30684724920074, 28.477293296372903]}, "properties": {"lst": 34.3, "ndvi": 0.201, "ndbi": -0.012, "risk": "Critical", "heat_zone": 3, "color": "#e74c3c", "city": "Delhi"}}, {"type": "Feature", "geometry": {"type": "Point", "coordinates": [76.93556694043133, 28.494342403133004]}, "properties": {"lst": 31.63, "ndvi": 0.544, "ndbi": -0.213, "risk": "Moderate", "heat_zone": 1, "color": "#f1c40f", "city": "Delhi"}}, {"type": "Feature", "geometry": {"type": "Point", "coordinates": [77.31647466190562, 28.48411987640808]}, "properties": {"lst": 32.72, "ndvi": 0.408, "ndbi": -0.209, "risk": "High", "heat_zone": 2, "color": "#e67e22", "city": "Delhi"}}, {"type": "Feature", "geometry": {"type": "Point", "coordinates": [77.17611326251222, 28.64543246968978]}, "properties": {"lst": 34.56, "ndvi": 0.169, "ndbi": -0.015, "risk": "Critical", "heat_zone": 3, "color": "#e74c3c", "city": "Delhi"}}, {"type": "Feature", "geometry": {"type": "Point", "coordinates": [77.11635226532444, 28.61580564591991]}, "properties": {"lst": 38.47, "ndvi": 0.252, "ndbi": -0.024, "risk": "Critical", "heat_zone": 3, "color": "#e74c3c", "city": "Delhi"}}, {"type": "Feature", "geometry": {"type": "Point", "coordinates": [76.94138172086107, 28.768832624312115]}, "properties": {"lst": 33.52, "ndvi": 0.44, "ndbi": -0.173, "risk": "High", "heat_zone": 2, "color": "#e67e22", "city": "Delhi"}}, {"type": "Feature", "geometry": {"type": "Point", "coordinates": [77.0462856516916, 28.63270230846953]}, "properties": {"lst": 37.83, "ndvi": 0.303, "ndbi": 0.029, "risk": "Critical", "heat_zone": 3, "color": "#e74c3c", "city": "Delhi"}}, {"type": "Feature", "geometry": {"type": "Point", "coordinates": [77.08948251122754, 28.727541050823564]}, "properties": {"lst": 34.47, "ndvi": 0.243, "ndbi": -0.092, "risk": "Critical", "heat_zone": 3, "color": "#e74c3c", "city": "Delhi"}}, {"type": "Feature", "geometry": {"type": "Point", "coordinates": [77.1952595302405, 28.48427596811513]}, "properties": {"lst": 32.03, "ndvi": 0.631, "ndbi": -0.245, "risk": "Moderate", "heat_zone": 1, "color": "#f1c40f", "city": "Delhi"}}, {"type": "Feature", "geometry": {"type": "Point", "coordinates": [76.97925100089489, 28.72293103634916]}, "properties": {"lst": 38.31, "ndvi": 0.21, "ndbi": 0.062, "risk": "Critical", "heat_zone": 3, "color": "#e74c3c", "city": "Delhi"}}, {"type": "Feature", "geometry": {"type": "Point", "coordinates": [77.29075060093345, 28.616726545525218]}, "properties": {"lst": 29.36, "ndvi": 0.513, "ndbi": -0.255, "risk": "Moderate", "heat_zone": 1, "color": "#f1c40f", "city": "Delhi"}}, {"type": "Feature", "geometry": {"type": "Point", "coordinates": [77.27569373782354, 28.672261898875693]}, "properties": {"lst": 33.14, "ndvi": 0.18, "ndbi": -0.04, "risk": "Critical", "heat_zone": 3, "color": "#e74c3c", "city": "Delhi"}}, {"type": "Feature", "geometry": {"type": "Point", "coordinates": [77.33701005248341, 28.791326361260648]}, "properties": {"lst": 33.42, "ndvi": 0.388, "ndbi": -0.08, "risk": "High", "heat_zone": 2, "color": "#e67e22", "city": "Delhi"}}, {"type": "Feature", "geometry": {"type": "Point", "coordinates": [77.14513261650673, 28.76981685419051]}, "properties": {"lst": 35.59, "ndvi": 0.353, "ndbi": -0.075, "risk": "High", "heat_zone": 2, "color": "#e67e22", "city": "Delhi"}}, {"type": "Feature", "geometry": {"type": "Point", "coordinates": [77.01867352659534, 28.777371054319385]}, "properties": {"lst": 35.08, "ndvi": 0.383, "ndbi": 0.139, "risk": "Critical", "heat_zone": 3, "color": "#e74c3c", "city": "Delhi"}}, {"type": "Feature", "geometry": {"type": "Point", "coordinates": [76.96478129056524, 28.50009667919624]}, "properties": {"lst": 35.49, "ndvi": 0.386, "ndbi": -0.067, "risk": "High", "heat_zone": 2, "color": "#e67e22", "city": "Delhi"}}, {"type": "Feature", "geometry": {"type": "Point", "coordinates": [77.10843398163485, 28.615000050708407]}, "properties": {"lst": 34.63, "ndvi": 0.533, "ndbi": -0.252, "risk": "Moderate", "heat_zone": 1, "color": "#f1c40f", "city": "Delhi"}}, {"type": "Feature", "geometry": {"type": "Point", "coordinates": [77.11520802056384, 28.510080907474496]}, "properties": {"lst": 35.83, "ndvi": 0.442, "ndbi": -0.088, "risk": "High", "heat_zone": 2, "color": "#e67e22", "city": "Delhi"}}, {"type": "Feature", "geometry": {"type": "Point", "coordinates": [77.1317621552135, 28.58644633251052]}, "properties": {"lst": 34.65, "ndvi": 0.618, "ndbi": -0.257, "risk": "Moderate", "heat_zone": 1, "color": "#f1c40f", "city": "Delhi"}}, {"type": "Feature", "geometry": {"type": "Point", "coordinates": [77.26805982682586, 28.62579255161878]}, "properties": {"lst": 31.8, "ndvi": 0.52, "ndbi": -0.194, "risk": "Moderate", "heat_zone": 1, "color": "#f1c40f", "city": "Delhi"}}, {"type": "Feature", "geometry": {"type": "Point", "coordinates": [77.1924771101904, 28.578273888439444]}, "properties": {"lst": 33.15, "ndvi": 0.496, "ndbi": -0.189, "risk": "Moderate", "heat_zone": 1, "color": "#f1c40f", "city": "Delhi"}}, {"type": "Feature", "geometry": {"type": "Point", "coordinates": [76.97847732359575, 28.58723492785544]}, "properties": {"lst": 38.44, "ndvi": 0.255, "ndbi": 0.01, "risk": "Critical", "heat_zone": 3, "color": "#e74c3c", "city": "Delhi"}}, {"type": "Feature", "geometry": {"type": "Point", "coordinates": [77.30364698933367, 28.603282188832377]}, "properties": {"lst": 32.62, "ndvi": 0.257, "ndbi": -0.086, "risk": "High", "heat_zone": 2, "color": "#e67e22", "city": "Delhi"}}, {"type": "Feature", "geometry": {"type": "Point", "coordinates": [77.11466039201929, 28.55093006158709]}, "properties": {"lst": 38.73, "ndvi": 0.265, "ndbi": -0.026, "risk": "Critical", "heat_zone": 3, "color": "#e74c3c", "city": "Delhi"}}, {"type": "Feature", "geometry": {"type": "Point", "coordinates": [76.93601163644175, 28.729854125376946]}, "properties": {"lst": 36.81, "ndvi": 0.436, "ndbi": -0.045, "risk": "High", "heat_zone": 2, "color": "#e67e22", "city": "Delhi"}}, {"type": "Feature", "geometry": {"type": "Point", "coordinates": [77.34789903122648, 28.70699445507272]}, "properties": {"lst": 35.59, "ndvi": 0.341, "ndbi": 0.028, "risk": "Critical", "heat_zone": 3, "color": "#e74c3c", "city": "Delhi"}}, {"type": "Feature", "geometry": {"type": "Point", "coordinates": [77.15910534885514, 28.64085769055481]}, "properties": {"lst": 34.68, "ndvi": 0.3, "ndbi": -0.01, "risk": "Critical", "heat_zone": 3, "color": "#e74c3c", "city": "Delhi"}}, {"type": "Feature", "geometry": {"type": "Point", "coordinates": [77.3192352849669, 28.715643522670756]}, "properties": {"lst": 34.27, "ndvi": 0.276, "ndbi": 0.002, "risk": "Critical", "heat_zone": 3, "color": "#e74c3c", "city": "Delhi"}}, {"type": "Feature", "geometry": {"type": "Point", "coordinates": [77.0496864134195, 28.66796699821197]}, "properties": {"lst": 33.88, "ndvi": 0.15, "ndbi": -0.004, "risk": "Critical", "heat_zone": 3, "color": "#e74c3c", "city": "Delhi"}}, {"type": "Feature", "geometry": {"type": "Point", "coordinates": [77.07643481898864, 28.615816980191585]}, "properties": {"lst": 36.9, "ndvi": 0.103, "ndbi": 0.025, "risk": "Critical", "heat_zone": 3, "color": "#e74c3c", "city": "Delhi"}}, {"type": "Feature", "geometry": {"type": "Point", "coordinates": [77.11483595874024, 28.679365304486545]}, "properties": {"lst": 33.64, "ndvi": 0.418, "ndbi": -0.13, "risk": "High", "heat_zone": 2, "color": "#e67e22", "city": "Delhi"}}, {"type": "Feature", "geometry": {"type": "Point", "coordinates": [77.29695850125493, 28.79308589453965]}, "properties": {"lst": 34.9, "ndvi": 0.373, "ndbi": -0.095, "risk": "High", "heat_zone": 2, "color": "#e67e22", "city": "Delhi"}}, {"type": "Feature", "geometry": {"type": "Point", "coordinates": [77.25999587780531, 28.549827792675675]}, "properties": {"lst": 35.01, "ndvi": 0.286, "ndbi": -0.049, "risk": "Critical", "heat_zone": 3, "color": "#e74c3c", "city": "Delhi"}}, {"type": "Feature", "geometry": {"type": "Point", "coordinates": [76.96896209887876, 28.521675676547037]}, "properties": {"lst": 33.35, "ndvi": 0.387, "ndbi": -0.063, "risk": "High", "heat_zone": 2, "color": "#e67e22", "city": "Delhi"}}, {"type": "Feature", "geometry": {"type": "Point", "coordinates": [77.28710609156231, 28.66381843519797]}, "properties": {"lst": 33.72, "ndvi": 0.091, "ndbi": 0.019, "risk": "Critical", "heat_zone": 3, "color": "#e74c3c", "city": "Delhi"}}, {"type": "Feature", "geometry": {"type": "Point", "coordinates": [77.18911759163507, 28.653115093678952]}, "properties": {"lst": 35.13, "ndvi": 0.181, "ndbi": -0.001, "risk": "Critical", "heat_zone": 3, "color": "#e74c3c", "city": "Delhi"}}, {"type": "Feature", "geometry": {"type": "Point", "coordinates": [77.3089898981977, 28.724144532981526]}, "properties": {"lst": 34.05, "ndvi": 0.208, "ndbi": -0.019, "risk": "Critical", "heat_zone": 3, "color": "#e74c3c", "city": "Delhi"}}, {"type": "Feature", "geometry": {"type": "Point", "coordinates": [77.16856381065236, 28.710225417012065]}, "properties": {"lst": 34.77, "ndvi": 0.406, "ndbi": -0.177, "risk": "High", "heat_zone": 2, "color": "#e67e22", "city": "Delhi"}}, {"type": "Feature", "geometry": {"type": "Point", "coordinates": [77.05157477114308, 28.69888347917369]}, "properties": {"lst": 36.91, "ndvi": 0.113, "ndbi": 0.022, "risk": "Critical", "heat_zone": 3, "color": "#e74c3c", "city": "Delhi"}}, {"type": "Feature", "geometry": {"type": "Point", "coordinates": [77.17518096036794, 28.475162427138628]}, "properties": {"lst": 33.35, "ndvi": 0.429, "ndbi": -0.156, "risk": "High", "heat_zone": 2, "color": "#e67e22", "city": "Delhi"}}, {"type": "Feature", "geometry": {"type": "Point", "coordinates": [77.04548842265282, 28.7846071290133]}, "properties": {"lst": 37.96, "ndvi": 0.139, "ndbi": 0.026, "risk": "Critical", "heat_zone": 3, "color": "#e74c3c", "city": "Delhi"}}, {"type": "Feature", "geometry": {"type": "Point", "coordinates": [77.1671871355262, 28.73678201383444]}, "properties": {"lst": 35.24, "ndvi": 0.145, "ndbi": 0.01, "risk": "Critical", "heat_zone": 3, "color": "#e74c3c", "city": "Delhi"}}, {"type": "Feature", "geometry": {"type": "Point", "coordinates": [77.0366077959099, 28.55448273470016]}, "properties": {"lst": 36.39, "ndvi": 0.332, "ndbi": -0.079, "risk": "High", "heat_zone": 2, "color": "#e67e22", "city": "Delhi"}}, {"type": "Feature", "geometry": {"type": "Point", "coordinates": [76.98544689863098, 28.571510761722998]}, "properties": {"lst": 36.3, "ndvi": 0.527, "ndbi": -0.126, "risk": "Moderate", "heat_zone": 1, "color": "#f1c40f", "city": "Delhi"}}, {"type": "Feature", "geometry": {"type": "Point", "coordinates": [77.05018837083152, 28.752810809427576]}, "properties": {"lst": 35.24, "ndvi": 0.313, "ndbi": -0.03, "risk": "Critical", "heat_zone": 3, "color": "#e74c3c", "city": "Delhi"}}, {"type": "Feature", "geometry": {"type": "Point", "coordinates": [76.97000298384067, 28.789232506710444]}, "properties": {"lst": 37.88, "ndvi": 0.283, "ndbi": 0.016, "risk": "Critical", "heat_zone": 3, "color": "#e74c3c", "city": "Delhi"}}, {"type": "Feature", "geometry": {"type": "Point", "coordinates": [77.14078786004545, 28.58486949114696]}, "properties": {"lst": 34.89, "ndvi": 0.424, "ndbi": -0.135, "risk": "High", "heat_zone": 2, "color": "#e67e22", "city": "Delhi"}}, {"type": "Feature", "geometry": {"type": "Point", "coordinates": [76.97730696486364, 28.487250538940447]}, "properties": {"lst": 38.73, "ndvi": 0.338, "ndbi": -0.023, "risk": "Critical", "heat_zone": 3, "color": "#e74c3c", "city": "Delhi"}}, {"type": "Feature", "geometry": {"type": "Point", "coordinates": [77.32289483885118, 28.70111581874797]}, "properties": {"lst": 33.05, "ndvi": 0.118, "ndbi": 0.012, "risk": "Critical", "heat_zone": 3, "color": "#e74c3c", "city": "Delhi"}}, {"type": "Feature", "geometry": {"type": "Point", "coordinates": [77.27609360557035, 28.70074115029437]}, "properties": {"lst": 32.71, "ndvi": 0.134, "ndbi": -0.007, "risk": "Critical", "heat_zone": 3, "color": "#e74c3c", "city": "Delhi"}}, {"type": "Feature", "geometry": {"type": "Point", "coordinates": [77.0010497469549, 28.50367157203648]}, "properties": {"lst": 35.36, "ndvi": 0.587, "ndbi": -0.21, "risk": "Moderate", "heat_zone": 1, "color": "#f1c40f", "city": "Delhi"}}, {"type": "Feature", "geometry": {"type": "Point", "coordinates": [76.98012533724216, 28.485581243757164]}, "properties": {"lst": 35.6, "ndvi": 0.412, "ndbi": -0.077, "risk": "High", "heat_zone": 2, "color": "#e67e22", "city": "Delhi"}}, {"type": "Feature", "geometry": {"type": "Point", "coordinates": [76.97170429163596, 28.666710345950914]}, "properties": {"lst": 34.87, "ndvi": 0.415, "ndbi": -0.119, "risk": "High", "heat_zone": 2, "color": "#e67e22", "city": "Delhi"}}, {"type": "Feature", "geometry": {"type": "Point", "coordinates": [77.13000736886646, 28.58698343577517]}, "properties": {"lst": 37.43, "ndvi": 0.322, "ndbi": -0.069, "risk": "Critical", "heat_zone": 3, "color": "#e74c3c", "city": "Delhi"}}, {"type": "Feature", "geometry": {"type": "Point", "coordinates": [77.25240896345822, 28.483665866434727]}, "properties": {"lst": 31.43, "ndvi": 0.72, "ndbi": -0.289, "risk": "Moderate", "heat_zone": 1, "color": "#f1c40f", "city": "Delhi"}}, {"type": "Feature", "geometry": {"type": "Point", "coordinates": [77.1081851963718, 28.79095913118118]}, "properties": {"lst": 31.42, "ndvi": 0.383, "ndbi": -0.087, "risk": "High", "heat_zone": 2, "color": "#e67e22", "city": "Delhi"}}, {"type": "Feature", "geometry": {"type": "Point", "coordinates": [76.9670698446718, 28.72180094632605]}, "properties": {"lst": 38.05, "ndvi": 0.199, "ndbi": 0.058, "risk": "Critical", "heat_zone": 3, "color": "#e74c3c", "city": "Delhi"}}, {"type": "Feature", "geometry": {"type": "Point", "coordinates": [77.13397416116835, 28.594894371959672]}, "properties": {"lst": 34.03, "ndvi": 0.536, "ndbi": -0.202, "risk": "Moderate", "heat_zone": 1, "color": "#f1c40f", "city": "Delhi"}}, {"type": "Feature", "geometry": {"type": "Point", "coordinates": [76.99075491410547, 28.512284337015775]}, "properties": {"lst": 35.46, "ndvi": 0.408, "ndbi": -0.039, "risk": "High", "heat_zone": 2, "color": "#e67e22", "city": "Delhi"}}, {"type": "Feature", "geometry": {"type": "Point", "coordinates": [77.27423618236078, 28.729439198376756]}, "properties": {"lst": 32.4, "ndvi": 0.12, "ndbi": -0.003, "risk": "Critical", "heat_zone": 3, "color": "#e74c3c", "city": "Delhi"}}, {"type": "Feature", "geometry": {"type": "Point", "coordinates": [77.08635108544831, 28.646999126378983]}, "properties": {"lst": 34.48, "ndvi": 0.112, "ndbi": 0.008, "risk": "Critical", "heat_zone": 3, "color": "#e74c3c", "city": "Delhi"}}, {"type": "Feature", "geometry": {"type": "Point", "coordinates": [77.07361218288865, 28.62251725316184]}, "properties": {"lst": 34.71, "ndvi": 0.39, "ndbi": -0.146, "risk": "High", "heat_zone": 2, "color": "#e67e22", "city": "Delhi"}}, {"type": "Feature", "geometry": {"type": "Point", "coordinates": [77.12020026834583, 28.694855494897823]}, "properties": {"lst": 34.65, "ndvi": 0.255, "ndbi": -0.081, "risk": "Critical", "heat_zone": 3, "color": "#e74c3c", "city": "Delhi"}}, {"type": "Feature", "geometry": {"type": "Point", "coordinates": [77.28212687268031, 28.775655428851888]}, "properties": {"lst": 33.52, "ndvi": 0.234, "ndbi": -0.007, "risk": "Critical", "heat_zone": 3, "color": "#e74c3c", "city": "Delhi"}}, {"type": "Feature", "geometry": {"type": "Point", "coordinates": [76.93416431646746, 28.721472075492755]}, "properties": {"lst": 36.03, "ndvi": 0.353, "ndbi": -0.041, "risk": "High", "heat_zone": 2, "color": "#e67e22", "city": "Delhi"}}, {"type": "Feature", "geometry": {"type": "Point", "coordinates": [77.14351513137949, 28.70864721571436]}, "properties": {"lst": 35.08, "ndvi": 0.206, "ndbi": -0.051, "risk": "Critical", "heat_zone": 3, "color": "#e74c3c", "city": "Delhi"}}, {"type": "Feature", "geometry": {"type": "Point", "coordinates": [76.9203442212079, 28.507703096575117]}, "properties": {"lst": 30.96, "ndvi": 0.283, "ndbi": -0.175, "risk": "High", "heat_zone": 2, "color": "#e67e22", "city": "Delhi"}}, {"type": "Feature", "geometry": {"type": "Point", "coordinates": [77.12626195889695, 28.64988319935704]}, "properties": {"lst": 36.48, "ndvi": 0.135, "ndbi": 0.002, "risk": "Critical", "heat_zone": 3, "color": "#e74c3c", "city": "Delhi"}}, {"type": "Feature", "geometry": {"type": "Point", "coordinates": [77.33928163949282, 28.63866897976149]}, "properties": {"lst": 33.78, "ndvi": 0.212, "ndbi": 0.019, "risk": "Critical", "heat_zone": 3, "color": "#e74c3c", "city": "Delhi"}}, {"type": "Feature", "geometry": {"type": "Point", "coordinates": [77.07602321334987, 28.50944131343572]}, "properties": {"lst": 35.7, "ndvi": 0.482, "ndbi": -0.108, "risk": "High", "heat_zone": 2, "color": "#e67e22", "city": "Delhi"}}, {"type": "Feature", "geometry": {"type": "Point", "coordinates": [77.11566895689829, 28.6107598531487]}, "properties": {"lst": 36.85, "ndvi": 0.425, "ndbi": -0.099, "risk": "High", "heat_zone": 2, "color": "#e67e22", "city": "Delhi"}}, {"type": "Feature", "geometry": {"type": "Point", "coordinates": [77.22508866196125, 28.75114980260973]}, "properties": {"lst": 27.53, "ndvi": 0.02, "ndbi": -0.286, "risk": "Low", "heat_zone": 0, "color": "#2ecc71", "city": "Delhi"}}, {"type": "Feature", "geometry": {"type": "Point", "coordinates": [77.15836559519083, 28.605455523033125]}, "properties": {"lst": 30.05, "ndvi": 0.714, "ndbi": -0.309, "risk": "Moderate", "heat_zone": 1, "color": "#f1c40f", "city": "Delhi"}}, {"type": "Feature", "geometry": {"type": "Point", "coordinates": [77.32187466936674, 28.52804989597779]}, "properties": {"lst": 33.77, "ndvi": 0.488, "ndbi": -0.207, "risk": "Moderate", "heat_zone": 1, "color": "#f1c40f", "city": "Delhi"}}, {"type": "Feature", "geometry": {"type": "Point", "coordinates": [77.15734194851301, 28.74430149807467]}, "properties": {"lst": 37.25, "ndvi": 0.156, "ndbi": 0.043, "risk": "Critical", "heat_zone": 3, "color": "#e74c3c", "city": "Delhi"}}, {"type": "Feature", "geometry": {"type": "Point", "coordinates": [76.92771475380005, 28.56855477352571]}, "properties": {"lst": 34.35, "ndvi": 0.492, "ndbi": -0.062, "risk": "High", "heat_zone": 2, "color": "#e67e22", "city": "Delhi"}}, {"type": "Feature", "geometry": {"type": "Point", "coordinates": [76.9819940984947, 28.724334734369595]}, "properties": {"lst": 36.42, "ndvi": 0.333, "ndbi": 0.025, "risk": "Critical", "heat_zone": 3, "color": "#e74c3c", "city": "Delhi"}}, {"type": "Feature", "geometry": {"type": "Point", "coordinates": [76.99041521515323, 28.76833238167102]}, "properties": {"lst": 37.68, "ndvi": 0.241, "ndbi": 0.031, "risk": "Critical", "heat_zone": 3, "color": "#e74c3c", "city": "Delhi"}}, {"type": "Feature", "geometry": {"type": "Point", "coordinates": [77.02192343891402, 28.61948646969944]}, "properties": {"lst": 33.86, "ndvi": 0.397, "ndbi": -0.158, "risk": "High", "heat_zone": 2, "color": "#e67e22", "city": "Delhi"}}, {"type": "Feature", "geometry": {"type": "Point", "coordinates": [76.99677179811054, 28.696174159445214]}, "properties": {"lst": 36.49, "ndvi": 0.365, "ndbi": -0.044, "risk": "High", "heat_zone": 2, "color": "#e67e22", "city": "Delhi"}}, {"type": "Feature", "geometry": {"type": "Point", "coordinates": [77.19912162538701, 28.712917615554364]}, "properties": {"lst": 31.57, "ndvi": 0.445, "ndbi": -0.115, "risk": "High", "heat_zone": 2, "color": "#e67e22", "city": "Delhi"}}, {"type": "Feature", "geometry": {"type": "Point", "coordinates": [77.18496262976768, 28.562913336283085]}, "properties": {"lst": 34.2, "ndvi": 0.378, "ndbi": -0.131, "risk": "High", "heat_zone": 2, "color": "#e67e22", "city": "Delhi"}}, {"type": "Feature", "geometry": {"type": "Point", "coordinates": [77.23260540943423, 28.60994552057589]}, "properties": {"lst": 33.03, "ndvi": 0.448, "ndbi": -0.196, "risk": "Moderate", "heat_zone": 1, "color": "#f1c40f", "city": "Delhi"}}, {"type": "Feature", "geometry": {"type": "Point", "coordinates": [77.02249830593607, 28.485159490465325]}, "properties": {"lst": 37.25, "ndvi": 0.3, "ndbi": -0.053, "risk": "Critical", "heat_zone": 3, "color": "#e74c3c", "city": "Delhi"}}, {"type": "Feature", "geometry": {"type": "Point", "coordinates": [77.16408645638879, 28.64523716694925]}, "properties": {"lst": 34.13, "ndvi": 0.128, "ndbi": 0.011, "risk": "Critical", "heat_zone": 3, "color": "#e74c3c", "city": "Delhi"}}, {"type": "Feature", "geometry": {"type": "Point", "coordinates": [77.33433381933925, 28.580844140311847]}, "properties": {"lst": 33.93, "ndvi": 0.475, "ndbi": -0.149, "risk": "Moderate", "heat_zone": 1, "color": "#f1c40f", "city": "Delhi"}}, {"type": "Feature", "geometry": {"type": "Point", "coordinates": [77.04368619751779, 28.59933253032253]}, "properties": {"lst": 35.55, "ndvi": 0.302, "ndbi": -0.085, "risk": "High", "heat_zone": 2, "color": "#e67e22", "city": "Delhi"}}, {"type": "Feature", "geometry": {"type": "Point", "coordinates": [77.13699360686739, 28.491942905010816]}, "properties": {"lst": 35.05, "ndvi": 0.194, "ndbi": 0.006, "risk": "Critical", "heat_zone": 3, "color": "#e74c3c", "city": "Delhi"}}, {"type": "Feature", "geometry": {"type": "Point", "coordinates": [77.1290428419821, 28.707830333692783]}, "properties": {"lst": 33.22, "ndvi": 0.481, "ndbi": -0.156, "risk": "Moderate", "heat_zone": 1, "color": "#f1c40f", "city": "Delhi"}}, {"type": "Feature", "geometry": {"type": "Point", "coordinates": [77.14555266442802, 28.51442696923396]}, "properties": {"lst": 34.07, "ndvi": 0.46, "ndbi": -0.176, "risk": "Moderate", "heat_zone": 1, "color": "#f1c40f", "city": "Delhi"}}, {"type": "Feature", "geometry": {"type": "Point", "coordinates": [76.93258023990532, 28.665441520786484]}, "properties": {"lst": 36.37, "ndvi": 0.389, "ndbi": -0.081, "risk": "High", "heat_zone": 2, "color": "#e67e22", "city": "Delhi"}}, {"type": "Feature", "geometry": {"type": "Point", "coordinates": [77.2669393102405, 28.61984283418825]}, "properties": {"lst": 30.9, "ndvi": 0.502, "ndbi": -0.095, "risk": "Moderate", "heat_zone": 1, "color": "#f1c40f", "city": "Delhi"}}, {"type": "Feature", "geometry": {"type": "Point", "coordinates": [77.3171253477773, 28.63627724957335]}, "properties": {"lst": 37.13, "ndvi": 0.22, "ndbi": 0.092, "risk": "Critical", "heat_zone": 3, "color": "#e74c3c", "city": "Delhi"}}, {"type": "Feature", "geometry": {"type": "Point", "coordinates": [76.91092308436582, 28.791463863941694]}, "properties": {"lst": 32.96, "ndvi": 0.226, "ndbi": 0.029, "risk": "Critical", "heat_zone": 3, "color": "#e74c3c", "city": "Delhi"}}, {"type": "Feature", "geometry": {"type": "Point", "coordinates": [77.21589733234933, 28.533891206761844]}, "properties": {"lst": 35.95, "ndvi": 0.161, "ndbi": -0.01, "risk": "Critical", "heat_zone": 3, "color": "#e74c3c", "city": "Delhi"}}, {"type": "Feature", "geometry": {"type": "Point", "coordinates": [77.27824789470476, 28.453405730689003]}, "properties": {"lst": 33.34, "ndvi": 0.454, "ndbi": -0.004, "risk": "High", "heat_zone": 2, "color": "#e67e22", "city": "Delhi"}}, {"type": "Feature", "geometry": {"type": "Point", "coordinates": [77.06650683718249, 28.756055116706488]}, "properties": {"lst": 32.89, "ndvi": 0.522, "ndbi": -0.164, "risk": "Moderate", "heat_zone": 1, "color": "#f1c40f", "city": "Delhi"}}, {"type": "Feature", "geometry": {"type": "Point", "coordinates": [77.23818642204212, 28.56883051449138]}, "properties": {"lst": 34.35, "ndvi": 0.465, "ndbi": -0.18, "risk": "Moderate", "heat_zone": 1, "color": "#f1c40f", "city": "Delhi"}}, {"type": "Feature", "geometry": {"type": "Point", "coordinates": [77.09483785179233, 28.675998756665567]}, "properties": {"lst": 36.59, "ndvi": 0.272, "ndbi": -0.074, "risk": "Critical", "heat_zone": 3, "color": "#e74c3c", "city": "Delhi"}}, {"type": "Feature", "geometry": {"type": "Point", "coordinates": [77.10733297323877, 28.46510364901276]}, "properties": {"lst": 32.55, "ndvi": 0.632, "ndbi": -0.203, "risk": "Moderate", "heat_zone": 1, "color": "#f1c40f", "city": "Delhi"}}, {"type": "Feature", "geometry": {"type": "Point", "coordinates": [76.95035130450307, 28.5620043559443]}, "properties": {"lst": 40.3, "ndvi": 0.227, "ndbi": 0.067, "risk": "Critical", "heat_zone": 3, "color": "#e74c3c", "city": "Delhi"}}, {"type": "Feature", "geometry": {"type": "Point", "coordinates": [76.97355539631707, 28.636637118246536]}, "properties": {"lst": 40.39, "ndvi": 0.276, "ndbi": 0.016, "risk": "Critical", "heat_zone": 3, "color": "#e74c3c", "city": "Delhi"}}, {"type": "Feature", "geometry": {"type": "Point", "coordinates": [77.11139169952514, 28.4830615907726]}, "properties": {"lst": 34.51, "ndvi": 0.516, "ndbi": -0.155, "risk": "Moderate", "heat_zone": 1, "color": "#f1c40f", "city": "Delhi"}}, {"type": "Feature", "geometry": {"type": "Point", "coordinates": [77.2275449087287, 28.71533136675012]}, "properties": {"lst": 32.72, "ndvi": 0.197, "ndbi": -0.008, "risk": "Critical", "heat_zone": 3, "color": "#e74c3c", "city": "Delhi"}}, {"type": "Feature", "geometry": {"type": "Point", "coordinates": [77.23619330251483, 28.66592427449121]}, "properties": {"lst": 32.72, "ndvi": 0.41, "ndbi": -0.127, "risk": "High", "heat_zone": 2, "color": "#e67e22", "city": "Delhi"}}, {"type": "Feature", "geometry": {"type": "Point", "coordinates": [77.16082729853251, 28.53398148366293]}, "properties": {"lst": 33.61, "ndvi": 0.377, "ndbi": 0.042, "risk": "High", "heat_zone": 2, "color": "#e67e22", "city": "Delhi"}}, {"type": "Feature", "geometry": {"type": "Point", "coordinates": [77.22740227128025, 28.782548596000986]}, "properties": {"lst": 32.58, "ndvi": 0.439, "ndbi": -0.148, "risk": "High", "heat_zone": 2, "color": "#e67e22", "city": "Delhi"}}, {"type": "Feature", "geometry": {"type": "Point", "coordinates": [77.07140365406197, 28.6224931586993]}, "properties": {"lst": 35.02, "ndvi": 0.254, "ndbi": -0.063, "risk": "Critical", "heat_zone": 3, "color": "#e74c3c", "city": "Delhi"}}, {"type": "Feature", "geometry": {"type": "Point", "coordinates": [77.33407613492939, 28.69668238346681]}, "properties": {"lst": 35.56, "ndvi": 0.115, "ndbi": 0.021, "risk": "Critical", "heat_zone": 3, "color": "#e74c3c", "city": "Delhi"}}, {"type": "Feature", "geometry": {"type": "Point", "coordinates": [77.28287667402908, 28.484279788804784]}, "properties": {"lst": 33.45, "ndvi": 0.42, "ndbi": -0.006, "risk": "High", "heat_zone": 2, "color": "#e67e22", "city": "Delhi"}}, {"type": "Feature", "geometry": {"type": "Point", "coordinates": [77.00741340586417, 28.568652248811546]}, "properties": {"lst": 37.39, "ndvi": 0.27, "ndbi": 0.021, "risk": "Critical", "heat_zone": 3, "color": "#e74c3c", "city": "Delhi"}}, {"type": "Feature", "geometry": {"type": "Point", "coordinates": [77.29723690759762, 28.61083060026445]}, "properties": {"lst": 33.28, "ndvi": 0.346, "ndbi": -0.097, "risk": "High", "heat_zone": 2, "color": "#e67e22", "city": "Delhi"}}, {"type": "Feature", "geometry": {"type": "Point", "coordinates": [76.92483522098856, 28.496104228393836]}, "properties": {"lst": 29.98, "ndvi": 0.135, "ndbi": -0.377, "risk": "Low", "heat_zone": 0, "color": "#2ecc71", "city": "Delhi"}}, {"type": "Feature", "geometry": {"type": "Point", "coordinates": [77.3252713479348, 28.717137832553327]}, "properties": {"lst": 34.04, "ndvi": 0.162, "ndbi": -0.014, "risk": "Critical", "heat_zone": 3, "color": "#e74c3c", "city": "Delhi"}}, {"type": "Feature", "geometry": {"type": "Point", "coordinates": [77.01586154319827, 28.61633335771973]}, "properties": {"lst": 36.03, "ndvi": 0.141, "ndbi": 0.009, "risk": "Critical", "heat_zone": 3, "color": "#e74c3c", "city": "Delhi"}}, {"type": "Feature", "geometry": {"type": "Point", "coordinates": [77.02562493153903, 28.683848162832195]}, "properties": {"lst": 38.52, "ndvi": 0.228, "ndbi": 0.054, "risk": "Critical", "heat_zone": 3, "color": "#e74c3c", "city": "Delhi"}}, {"type": "Feature", "geometry": {"type": "Point", "coordinates": [77.0256805259634, 28.79001826754708]}, "properties": {"lst": 33.73, "ndvi": 0.503, "ndbi": -0.177, "risk": "Moderate", "heat_zone": 1, "color": "#f1c40f", "city": "Delhi"}}, {"type": "Feature", "geometry": {"type": "Point", "coordinates": [76.94199126119605, 28.56715422382669]}, "properties": {"lst": 36.04, "ndvi": 0.433, "ndbi": -0.094, "risk": "High", "heat_zone": 2, "color": "#e67e22", "city": "Delhi"}}, {"type": "Feature", "geometry": {"type": "Point", "coordinates": [77.19972503173257, 28.461311819536046]}, "properties": {"lst": 33.45, "ndvi": 0.516, "ndbi": -0.138, "risk": "Moderate", "heat_zone": 1, "color": "#f1c40f", "city": "Delhi"}}, {"type": "Feature", "geometry": {"type": "Point", "coordinates": [77.27924274603527, 28.52362288658632]}, "properties": {"lst": 34.48, "ndvi": 0.299, "ndbi": -0.081, "risk": "High", "heat_zone": 2, "color": "#e67e22", "city": "Delhi"}}, {"type": "Feature", "geometry": {"type": "Point", "coordinates": [76.93205590372858, 28.6209782584744]}, "properties": {"lst": 37.99, "ndvi": 0.348, "ndbi": -0.044, "risk": "Critical", "heat_zone": 3, "color": "#e74c3c", "city": "Delhi"}}, {"type": "Feature", "geometry": {"type": "Point", "coordinates": [77.15253068856003, 28.61780655570008]}, "properties": {"lst": 36.13, "ndvi": 0.475, "ndbi": -0.024, "risk": "High", "heat_zone": 2, "color": "#e67e22", "city": "Delhi"}}, {"type": "Feature", "geometry": {"type": "Point", "coordinates": [77.12543307359292, 28.63023877308757]}, "properties": {"lst": 38.3, "ndvi": 0.221, "ndbi": -0.03, "risk": "Critical", "heat_zone": 3, "color": "#e74c3c", "city": "Delhi"}}, {"type": "Feature", "geometry": {"type": "Point", "coordinates": [77.19355556973511, 28.571961315273928]}, "properties": {"lst": 33.8, "ndvi": 0.525, "ndbi": -0.227, "risk": "Moderate", "heat_zone": 1, "color": "#f1c40f", "city": "Delhi"}}, {"type": "Feature", "geometry": {"type": "Point", "coordinates": [77.10863505537681, 28.731205921586422]}, "properties": {"lst": 32.17, "ndvi": 0.4, "ndbi": -0.121, "risk": "High", "heat_zone": 2, "color": "#e67e22", "city": "Delhi"}}, {"type": "Feature", "geometry": {"type": "Point", "coordinates": [77.00264598929925, 28.671653836626405]}, "properties": {"lst": 34.3, "ndvi": 0.223, "ndbi": -0.03, "risk": "Critical", "heat_zone": 3, "color": "#e74c3c", "city": "Delhi"}}, {"type": "Feature", "geometry": {"type": "Point", "coordinates": [76.93204815056038, 28.576766734217323]}, "properties": {"lst": 38.72, "ndvi": 0.311, "ndbi": -0.007, "risk": "Critical", "heat_zone": 3, "color": "#e74c3c", "city": "Delhi"}}, {"type": "Feature", "geometry": {"type": "Point", "coordinates": [77.07457605643093, 28.723289487174704]}, "properties": {"lst": 38.04, "ndvi": 0.259, "ndbi": 0.014, "risk": "Critical", "heat_zone": 3, "color": "#e74c3c", "city": "Delhi"}}, {"type": "Feature", "geometry": {"type": "Point", "coordinates": [77.06950649758038, 28.702211119592697]}, "properties": {"lst": 36.01, "ndvi": 0.107, "ndbi": 0.004, "risk": "Critical", "heat_zone": 3, "color": "#e74c3c", "city": "Delhi"}}, {"type": "Feature", "geometry": {"type": "Point", "coordinates": [76.97511250209456, 28.53684744234261]}, "properties": {"lst": 41.98, "ndvi": 0.293, "ndbi": 0.016, "risk": "Critical", "heat_zone": 3, "color": "#e74c3c", "city": "Delhi"}}, {"type": "Feature", "geometry": {"type": "Point", "coordinates": [76.92029151443762, 28.641420032551864]}, "properties": {"lst": 34.91, "ndvi": 0.367, "ndbi": -0.112, "risk": "High", "heat_zone": 2, "color": "#e67e22", "city": "Delhi"}}, {"type": "Feature", "geometry": {"type": "Point", "coordinates": [77.28753052363683, 28.763069133750857]}, "properties": {"lst": 33.64, "ndvi": 0.14, "ndbi": 0.024, "risk": "Critical", "heat_zone": 3, "color": "#e74c3c", "city": "Delhi"}}, {"type": "Feature", "geometry": {"type": "Point", "coordinates": [77.14748582550989, 28.604643223987352]}, "properties": {"lst": 32.01, "ndvi": 0.615, "ndbi": -0.267, "risk": "Moderate", "heat_zone": 1, "color": "#f1c40f", "city": "Delhi"}}, {"type": "Feature", "geometry": {"type": "Point", "coordinates": [77.000149081286, 28.54422820440944]}, "properties": {"lst": 36.19, "ndvi": 0.533, "ndbi": -0.142, "risk": "Moderate", "heat_zone": 1, "color": "#f1c40f", "city": "Delhi"}}, {"type": "Feature", "geometry": {"type": "Point", "coordinates": [77.18675632497846, 28.764491737235467]}, "properties": {"lst": 32.97, "ndvi": 0.163, "ndbi": -0.024, "risk": "Critical", "heat_zone": 3, "color": "#e74c3c", "city": "Delhi"}}, {"type": "Feature", "geometry": {"type": "Point", "coordinates": [77.27837850672807, 28.561711564268883]}, "properties": {"lst": 33.87, "ndvi": 0.445, "ndbi": -0.114, "risk": "High", "heat_zone": 2, "color": "#e67e22", "city": "Delhi"}}, {"type": "Feature", "geometry": {"type": "Point", "coordinates": [77.19872086333677, 28.69008936701344]}, "properties": {"lst": 33.08, "ndvi": 0.28, "ndbi": -0.065, "risk": "High", "heat_zone": 2, "color": "#e67e22", "city": "Delhi"}}, {"type": "Feature", "geometry": {"type": "Point", "coordinates": [77.00961280815545, 28.66274716399533]}, "properties": {"lst": 33.51, "ndvi": 0.21, "ndbi": -0.046, "risk": "Critical", "heat_zone": 3, "color": "#e74c3c", "city": "Delhi"}}, {"type": "Feature", "geometry": {"type": "Point", "coordinates": [77.15245104933119, 28.571123501752066]}, "properties": {"lst": 33.88, "ndvi": 0.433, "ndbi": -0.054, "risk": "High", "heat_zone": 2, "color": "#e67e22", "city": "Delhi"}}, {"type": "Feature", "geometry": {"type": "Point", "coordinates": [77.34674076042134, 28.768607081538256]}, "properties": {"lst": 33.32, "ndvi": 0.388, "ndbi": -0.075, "risk": "High", "heat_zone": 2, "color": "#e67e22", "city": "Delhi"}}, {"type": "Feature", "geometry": {"type": "Point", "coordinates": [76.94710910034627, 28.45244541517513]}, "properties": {"lst": 41.2, "ndvi": 0.216, "ndbi": 0.053, "risk": "Critical", "heat_zone": 3, "color": "#e74c3c", "city": "Delhi"}}, {"type": "Feature", "geometry": {"type": "Point", "coordinates": [77.05198604517143, 28.75945090142014]}, "properties": {"lst": 37.23, "ndvi": 0.332, "ndbi": 0.141, "risk": "Critical", "heat_zone": 3, "color": "#e74c3c", "city": "Delhi"}}, {"type": "Feature", "geometry": {"type": "Point", "coordinates": [77.25843739843363, 28.60816647260586]}, "properties": {"lst": 27.89, "ndvi": 0.08, "ndbi": -0.358, "risk": "Low", "heat_zone": 0, "color": "#2ecc71", "city": "Delhi"}}, {"type": "Feature", "geometry": {"type": "Point", "coordinates": [76.97351793445455, 28.65777201691227]}, "properties": {"lst": 34.16, "ndvi": 0.478, "ndbi": -0.224, "risk": "Moderate", "heat_zone": 1, "color": "#f1c40f", "city": "Delhi"}}, {"type": "Feature", "geometry": {"type": "Point", "coordinates": [77.32208502508536, 28.515802446632488]}, "properties": {"lst": 36.8, "ndvi": 0.209, "ndbi": -0.013, "risk": "Critical", "heat_zone": 3, "color": "#e74c3c", "city": "Delhi"}}, {"type": "Feature", "geometry": {"type": "Point", "coordinates": [76.99894560748415, 28.796811504210783]}, "properties": {"lst": 33.47, "ndvi": 0.252, "ndbi": 0.008, "risk": "Critical", "heat_zone": 3, "color": "#e74c3c", "city": "Delhi"}}, {"type": "Feature", "geometry": {"type": "Point", "coordinates": [77.31533259387278, 28.767059207241637]}, "properties": {"lst": 34.08, "ndvi": 0.431, "ndbi": -0.065, "risk": "High", "heat_zone": 2, "color": "#e67e22", "city": "Delhi"}}, {"type": "Feature", "geometry": {"type": "Point", "coordinates": [76.90235451151018, 28.624029531425304]}, "properties": {"lst": 33.99, "ndvi": 0.325, "ndbi": -0.104, "risk": "High", "heat_zone": 2, "color": "#e67e22", "city": "Delhi"}}, {"type": "Feature", "geometry": {"type": "Point", "coordinates": [77.29982952168261, 28.680492452394567]}, "properties": {"lst": 33.03, "ndvi": 0.134, "ndbi": -0.017, "risk": "Critical", "heat_zone": 3, "color": "#e74c3c", "city": "Delhi"}}, {"type": "Feature", "geometry": {"type": "Point", "coordinates": [77.09989134132523, 28.502203501090086]}, "properties": {"lst": 34.01, "ndvi": 0.25, "ndbi": -0.058, "risk": "Critical", "heat_zone": 3, "color": "#e74c3c", "city": "Delhi"}}, {"type": "Feature", "geometry": {"type": "Point", "coordinates": [77.26437392557894, 28.638275820197972]}, "properties": {"lst": 32.6, "ndvi": 0.515, "ndbi": -0.128, "risk": "Moderate", "heat_zone": 1, "color": "#f1c40f", "city": "Delhi"}}, {"type": "Feature", "geometry": {"type": "Point", "coordinates": [77.25563479304361, 28.728402959155765]}, "properties": {"lst": 33.44, "ndvi": 0.353, "ndbi": -0.043, "risk": "High", "heat_zone": 2, "color": "#e67e22", "city": "Delhi"}}, {"type": "Feature", "geometry": {"type": "Point", "coordinates": [77.1287739944415, 28.61144341527841]}, "properties": {"lst": 36.31, "ndvi": 0.42, "ndbi": -0.071, "risk": "High", "heat_zone": 2, "color": "#e67e22", "city": "Delhi"}}, {"type": "Feature", "geometry": {"type": "Point", "coordinates": [77.02269796976289, 28.469732618800062]}, "properties": {"lst": 39.35, "ndvi": 0.317, "ndbi": -0.093, "risk": "Critical", "heat_zone": 3, "color": "#e74c3c", "city": "Delhi"}}, {"type": "Feature", "geometry": {"type": "Point", "coordinates": [76.94374781779368, 28.67918137934293]}, "properties": {"lst": 34.08, "ndvi": 0.292, "ndbi": 0.002, "risk": "Critical", "heat_zone": 3, "color": "#e74c3c", "city": "Delhi"}}, {"type": "Feature", "geometry": {"type": "Point", "coordinates": [77.19327429673089, 28.530679868418236]}, "properties": {"lst": 32.5, "ndvi": 0.525, "ndbi": -0.226, "risk": "Moderate", "heat_zone": 1, "color": "#f1c40f", "city": "Delhi"}}, {"type": "Feature", "geometry": {"type": "Point", "coordinates": [77.19300666610424, 28.700022487653406]}, "properties": {"lst": 32.45, "ndvi": 0.525, "ndbi": -0.133, "risk": "Moderate", "heat_zone": 1, "color": "#f1c40f", "city": "Delhi"}}, {"type": "Feature", "geometry": {"type": "Point", "coordinates": [77.27609449717228, 28.565474409771227]}, "properties": {"lst": 33.7, "ndvi": 0.278, "ndbi": -0.101, "risk": "High", "heat_zone": 2, "color": "#e67e22", "city": "Delhi"}}, {"type": "Feature", "geometry": {"type": "Point", "coordinates": [77.3451602075348, 28.58743326955772]}, "properties": {"lst": 36.75, "ndvi": 0.261, "ndbi": 0.049, "risk": "Critical", "heat_zone": 3, "color": "#e74c3c", "city": "Delhi"}}, {"type": "Feature", "geometry": {"type": "Point", "coordinates": [77.1109313447782, 28.462304573405348]}, "properties": {"lst": 32.54, "ndvi": 0.705, "ndbi": -0.283, "risk": "Moderate", "heat_zone": 1, "color": "#f1c40f", "city": "Delhi"}}, {"type": "Feature", "geometry": {"type": "Point", "coordinates": [77.30605742048077, 28.70952709027185]}, "properties": {"lst": 33.79, "ndvi": 0.1, "ndbi": -0.013, "risk": "Critical", "heat_zone": 3, "color": "#e74c3c", "city": "Delhi"}}, {"type": "Feature", "geometry": {"type": "Point", "coordinates": [76.99421180099046, 28.733640245925265]}, "properties": {"lst": 33.83, "ndvi": 0.397, "ndbi": -0.091, "risk": "High", "heat_zone": 2, "color": "#e67e22", "city": "Delhi"}}, {"type": "Feature", "geometry": {"type": "Point", "coordinates": [77.17795134955733, 28.53671104771321]}, "properties": {"lst": 30.16, "ndvi": 0.705, "ndbi": -0.289, "risk": "Moderate", "heat_zone": 1, "color": "#f1c40f", "city": "Delhi"}}, {"type": "Feature", "geometry": {"type": "Point", "coordinates": [77.30377454927999, 28.60124358061123]}, "properties": {"lst": 32.73, "ndvi": 0.18, "ndbi": -0.025, "risk": "Critical", "heat_zone": 3, "color": "#e74c3c", "city": "Delhi"}}, {"type": "Feature", "geometry": {"type": "Point", "coordinates": [76.97070065662423, 28.71865207435426]}, "properties": {"lst": 34.48, "ndvi": 0.211, "ndbi": 0.026, "risk": "Critical", "heat_zone": 3, "color": "#e74c3c", "city": "Delhi"}}, {"type": "Feature", "geometry": {"type": "Point", "coordinates": [77.27724743815705, 28.73128031032565]}, "properties": {"lst": 32.76, "ndvi": 0.13, "ndbi": -0.001, "risk": "Critical", "heat_zone": 3, "color": "#e74c3c", "city": "Delhi"}}, {"type": "Feature", "geometry": {"type": "Point", "coordinates": [77.22787159081352, 28.757340884559884]}, "properties": {"lst": 32.35, "ndvi": 0.376, "ndbi": -0.112, "risk": "High", "heat_zone": 2, "color": "#e67e22", "city": "Delhi"}}, {"type": "Feature", "geometry": {"type": "Point", "coordinates": [77.2277094616875, 28.52257665645012]}, "properties": {"lst": 33.28, "ndvi": 0.533, "ndbi": -0.227, "risk": "Moderate", "heat_zone": 1, "color": "#f1c40f", "city": "Delhi"}}, {"type": "Feature", "geometry": {"type": "Point", "coordinates": [77.33558714711083, 28.79341939431124]}, "properties": {"lst": 32.86, "ndvi": 0.404, "ndbi": -0.103, "risk": "High", "heat_zone": 2, "color": "#e67e22", "city": "Delhi"}}, {"type": "Feature", "geometry": {"type": "Point", "coordinates": [76.90480777360632, 28.458537315288183]}, "properties": {"lst": 38.61, "ndvi": 0.351, "ndbi": -0.032, "risk": "Critical", "heat_zone": 3, "color": "#e74c3c", "city": "Delhi"}}, {"type": "Feature", "geometry": {"type": "Point", "coordinates": [77.29619895234451, 28.679933957642515]}, "properties": {"lst": 33.75, "ndvi": 0.103, "ndbi": 0.001, "risk": "Critical", "heat_zone": 3, "color": "#e74c3c", "city": "Delhi"}}, {"type": "Feature", "geometry": {"type": "Point", "coordinates": [77.0607709778008, 28.536139509546395]}, "properties": {"lst": 34.41, "ndvi": 0.492, "ndbi": -0.113, "risk": "High", "heat_zone": 2, "color": "#e67e22", "city": "Delhi"}}, {"type": "Feature", "geometry": {"type": "Point", "coordinates": [77.05496712844551, 28.61465036626233]}, "properties": {"lst": 37.32, "ndvi": 0.132, "ndbi": -0.027, "risk": "Critical", "heat_zone": 3, "color": "#e74c3c", "city": "Delhi"}}, {"type": "Feature", "geometry": {"type": "Point", "coordinates": [77.03426790459626, 28.538709411124994]}, "properties": {"lst": 35.97, "ndvi": 0.359, "ndbi": -0.06, "risk": "High", "heat_zone": 2, "color": "#e67e22", "city": "Delhi"}}, {"type": "Feature", "geometry": {"type": "Point", "coordinates": [77.04537223190177, 28.799164481590505]}, "properties": {"lst": 34.02, "ndvi": 0.46, "ndbi": -0.119, "risk": "High", "heat_zone": 2, "color": "#e67e22", "city": "Delhi"}}, {"type": "Feature", "geometry": {"type": "Point", "coordinates": [77.05009635677916, 28.7486800259041]}, "properties": {"lst": 35.26, "ndvi": 0.305, "ndbi": -0.007, "risk": "Critical", "heat_zone": 3, "color": "#e74c3c", "city": "Delhi"}}, {"type": "Feature", "geometry": {"type": "Point", "coordinates": [77.31863052627047, 28.74859986388615]}, "properties": {"lst": 34.37, "ndvi": 0.292, "ndbi": 0.004, "risk": "Critical", "heat_zone": 3, "color": "#e74c3c", "city": "Delhi"}}, {"type": "Feature", "geometry": {"type": "Point", "coordinates": [77.11346249168695, 28.69032198546036]}, "properties": {"lst": 34.48, "ndvi": 0.459, "ndbi": -0.182, "risk": "Moderate", "heat_zone": 1, "color": "#f1c40f", "city": "Delhi"}}, {"type": "Feature", "geometry": {"type": "Point", "coordinates": [76.9106147247022, 28.470619598190144]}, "properties": {"lst": 39.69, "ndvi": 0.278, "ndbi": -0.001, "risk": "Critical", "heat_zone": 3, "color": "#e74c3c", "city": "Delhi"}}, {"type": "Feature", "geometry": {"type": "Point", "coordinates": [77.20845263862896, 28.71362032075937]}, "properties": {"lst": 33.27, "ndvi": 0.132, "ndbi": -0.006, "risk": "Critical", "heat_zone": 3, "color": "#e74c3c", "city": "Delhi"}}, {"type": "Feature", "geometry": {"type": "Point", "coordinates": [77.05639365091221, 28.6489425616066]}, "properties": {"lst": 35.48, "ndvi": 0.188, "ndbi": 0.005, "risk": "Critical", "heat_zone": 3, "color": "#e74c3c", "city": "Delhi"}}, {"type": "Feature", "geometry": {"type": "Point", "coordinates": [77.22537726907737, 28.650751999141672]}, "properties": {"lst": 34.62, "ndvi": 0.114, "ndbi": 0.034, "risk": "Critical", "heat_zone": 3, "color": "#e74c3c", "city": "Delhi"}}, {"type": "Feature", "geometry": {"type": "Point", "coordinates": [76.95404438376023, 28.723602761887363]}, "properties": {"lst": 35.84, "ndvi": 0.39, "ndbi": -0.035, "risk": "High", "heat_zone": 2, "color": "#e67e22", "city": "Delhi"}}, {"type": "Feature", "geometry": {"type": "Point", "coordinates": [76.93444125198566, 28.5480743926176]}, "properties": {"lst": 38.47, "ndvi": 0.238, "ndbi": -0.014, "risk": "Critical", "heat_zone": 3, "color": "#e74c3c", "city": "Delhi"}}, {"type": "Feature", "geometry": {"type": "Point", "coordinates": [77.05183474092189, 28.485142040990223]}, "properties": {"lst": 39.01, "ndvi": 0.375, "ndbi": -0.058, "risk": "Critical", "heat_zone": 3, "color": "#e74c3c", "city": "Delhi"}}, {"type": "Feature", "geometry": {"type": "Point", "coordinates": [77.12308315139163, 28.778948850382022]}, "properties": {"lst": 37.35, "ndvi": 0.264, "ndbi": 0.094, "risk": "Critical", "heat_zone": 3, "color": "#e74c3c", "city": "Delhi"}}, {"type": "Feature", "geometry": {"type": "Point", "coordinates": [76.93043145132906, 28.535396701699163]}, "properties": {"lst": 36.41, "ndvi": 0.447, "ndbi": -0.153, "risk": "High", "heat_zone": 2, "color": "#e67e22", "city": "Delhi"}}, {"type": "Feature", "geometry": {"type": "Point", "coordinates": [77.19427865601888, 28.60588632026765]}, "properties": {"lst": 33.05, "ndvi": 0.54, "ndbi": -0.239, "risk": "Moderate", "heat_zone": 1, "color": "#f1c40f", "city": "Delhi"}}, {"type": "Feature", "geometry": {"type": "Point", "coordinates": [77.09843934760627, 28.52442446832445]}, "properties": {"lst": 35.08, "ndvi": 0.347, "ndbi": -0.039, "risk": "High", "heat_zone": 2, "color": "#e67e22", "city": "Delhi"}}, {"type": "Feature", "geometry": {"type": "Point", "coordinates": [77.24957576985709, 28.53273982326066]}, "properties": {"lst": 33.71, "ndvi": 0.621, "ndbi": -0.277, "risk": "Moderate", "heat_zone": 1, "color": "#f1c40f", "city": "Delhi"}}, {"type": "Feature", "geometry": {"type": "Point", "coordinates": [77.06696661176863, 28.51796506558712]}, "properties": {"lst": 36.39, "ndvi": 0.381, "ndbi": -0.074, "risk": "High", "heat_zone": 2, "color": "#e67e22", "city": "Delhi"}}, {"type": "Feature", "geometry": {"type": "Point", "coordinates": [77.18625309204826, 28.68394236706111]}, "properties": {"lst": 32.56, "ndvi": 0.238, "ndbi": -0.061, "risk": "High", "heat_zone": 2, "color": "#e67e22", "city": "Delhi"}}, {"type": "Feature", "geometry": {"type": "Point", "coordinates": [76.97551957633884, 28.61205629086197]}, "properties": {"lst": 36.1, "ndvi": 0.144, "ndbi": 0.02, "risk": "Critical", "heat_zone": 3, "color": "#e74c3c", "city": "Delhi"}}, {"type": "Feature", "geometry": {"type": "Point", "coordinates": [76.96801582509731, 28.73618223994942]}, "properties": {"lst": 40.79, "ndvi": 0.276, "ndbi": 0.004, "risk": "Critical", "heat_zone": 3, "color": "#e74c3c", "city": "Delhi"}}, {"type": "Feature", "geometry": {"type": "Point", "coordinates": [77.23209990527646, 28.454714519815997]}, "properties": {"lst": 32.47, "ndvi": 0.575, "ndbi": -0.131, "risk": "Moderate", "heat_zone": 1, "color": "#f1c40f", "city": "Delhi"}}, {"type": "Feature", "geometry": {"type": "Point", "coordinates": [76.937030761322, 28.564014620848205]}, "properties": {"lst": 36.26, "ndvi": 0.372, "ndbi": 0.018, "risk": "Critical", "heat_zone": 3, "color": "#e74c3c", "city": "Delhi"}}, {"type": "Feature", "geometry": {"type": "Point", "coordinates": [77.1349557052356, 28.715909144907165]}, "properties": {"lst": 33.73, "ndvi": 0.184, "ndbi": -0.013, "risk": "Critical", "heat_zone": 3, "color": "#e74c3c", "city": "Delhi"}}, {"type": "Feature", "geometry": {"type": "Point", "coordinates": [77.34435431645777, 28.77399505932788]}, "properties": {"lst": 32.99, "ndvi": 0.484, "ndbi": -0.094, "risk": "High", "heat_zone": 2, "color": "#e67e22", "city": "Delhi"}}, {"type": "Feature", "geometry": {"type": "Point", "coordinates": [77.09906773439573, 28.61797062876438]}, "properties": {"lst": 36.11, "ndvi": 0.422, "ndbi": -0.141, "risk": "High", "heat_zone": 2, "color": "#e67e22", "city": "Delhi"}}, {"type": "Feature", "geometry": {"type": "Point", "coordinates": [77.22473503862143, 28.594599299574856]}, "properties": {"lst": 32.6, "ndvi": 0.493, "ndbi": -0.148, "risk": "Moderate", "heat_zone": 1, "color": "#f1c40f", "city": "Delhi"}}, {"type": "Feature", "geometry": {"type": "Point", "coordinates": [77.29151165459383, 28.7499325208437]}, "properties": {"lst": 33.4, "ndvi": 0.151, "ndbi": 0.015, "risk": "Critical", "heat_zone": 3, "color": "#e74c3c", "city": "Delhi"}}, {"type": "Feature", "geometry": {"type": "Point", "coordinates": [77.12882309101852, 28.75416517352973]}, "properties": {"lst": 37.14, "ndvi": 0.264, "ndbi": 0.033, "risk": "Critical", "heat_zone": 3, "color": "#e74c3c", "city": "Delhi"}}, {"type": "Feature", "geometry": {"type": "Point", "coordinates": [77.02764156501146, 28.67621792257044]}, "properties": {"lst": 36.87, "ndvi": 0.261, "ndbi": -0.01, "risk": "Critical", "heat_zone": 3, "color": "#e74c3c", "city": "Delhi"}}, {"type": "Feature", "geometry": {"type": "Point", "coordinates": [77.20418883240706, 28.475725413972395]}, "properties": {"lst": 32.29, "ndvi": 0.541, "ndbi": -0.15, "risk": "Moderate", "heat_zone": 1, "color": "#f1c40f", "city": "Delhi"}}, {"type": "Feature", "geometry": {"type": "Point", "coordinates": [76.96775992021799, 28.510275846738697]}, "properties": {"lst": 28.18, "ndvi": 0.272, "ndbi": -0.398, "risk": "Low", "heat_zone": 0, "color": "#2ecc71", "city": "Delhi"}}, {"type": "Feature", "geometry": {"type": "Point", "coordinates": [77.30761789827635, 28.61816112759538]}, "properties": {"lst": 32.47, "ndvi": 0.228, "ndbi": -0.044, "risk": "Critical", "heat_zone": 3, "color": "#e74c3c", "city": "Delhi"}}, {"type": "Feature", "geometry": {"type": "Point", "coordinates": [77.26915138535337, 28.76062026095253]}, "properties": {"lst": 33.64, "ndvi": 0.221, "ndbi": 0.034, "risk": "Critical", "heat_zone": 3, "color": "#e74c3c", "city": "Delhi"}}, {"type": "Feature", "geometry": {"type": "Point", "coordinates": [76.92192346251679, 28.517917842939053]}, "properties": {"lst": 31.79, "ndvi": 0.536, "ndbi": -0.216, "risk": "Moderate", "heat_zone": 1, "color": "#f1c40f", "city": "Delhi"}}, {"type": "Feature", "geometry": {"type": "Point", "coordinates": [77.19932875042072, 28.456531655443168]}, "properties": {"lst": 32.61, "ndvi": 0.51, "ndbi": -0.045, "risk": "High", "heat_zone": 2, "color": "#e67e22", "city": "Delhi"}}, {"type": "Feature", "geometry": {"type": "Point", "coordinates": [77.13917968423524, 28.62356794533077]}, "properties": {"lst": 35.39, "ndvi": 0.153, "ndbi": 0.007, "risk": "Critical", "heat_zone": 3, "color": "#e74c3c", "city": "Delhi"}}, {"type": "Feature", "geometry": {"type": "Point", "coordinates": [77.05779382127258, 28.65732396689081]}, "properties": {"lst": 36.22, "ndvi": 0.446, "ndbi": -0.163, "risk": "High", "heat_zone": 2, "color": "#e67e22", "city": "Delhi"}}, {"type": "Feature", "geometry": {"type": "Point", "coordinates": [77.08435201407396, 28.46114590309681]}, "properties": {"lst": 36.97, "ndvi": 0.23, "ndbi": -0.024, "risk": "Critical", "heat_zone": 3, "color": "#e74c3c", "city": "Delhi"}}, {"type": "Feature", "geometry": {"type": "Point", "coordinates": [76.99207614991205, 28.483355256003136]}, "properties": {"lst": 34.54, "ndvi": 0.294, "ndbi": -0.008, "risk": "Critical", "heat_zone": 3, "color": "#e74c3c", "city": "Delhi"}}, {"type": "Feature", "geometry": {"type": "Point", "coordinates": [76.91132711407845, 28.71562454230238]}, "properties": {"lst": 37.03, "ndvi": 0.287, "ndbi": 0.053, "risk": "Critical", "heat_zone": 3, "color": "#e74c3c", "city": "Delhi"}}, {"type": "Feature", "geometry": {"type": "Point", "coordinates": [77.21337631174744, 28.70509206580007]}, "properties": {"lst": 32.9, "ndvi": 0.293, "ndbi": -0.084, "risk": "High", "heat_zone": 2, "color": "#e67e22", "city": "Delhi"}}, {"type": "Feature", "geometry": {"type": "Point", "coordinates": [76.94352462553309, 28.653236760049506]}, "properties": {"lst": 36.14, "ndvi": 0.366, "ndbi": -0.019, "risk": "High", "heat_zone": 2, "color": "#e67e22", "city": "Delhi"}}, {"type": "Feature", "geometry": {"type": "Point", "coordinates": [77.16017648883299, 28.72799140866427]}, "properties": {"lst": 37.11, "ndvi": 0.302, "ndbi": -0.055, "risk": "Critical", "heat_zone": 3, "color": "#e74c3c", "city": "Delhi"}}, {"type": "Feature", "geometry": {"type": "Point", "coordinates": [77.2712104983038, 28.71269694255921]}, "properties": {"lst": 32.54, "ndvi": 0.101, "ndbi": 0.01, "risk": "Critical", "heat_zone": 3, "color": "#e74c3c", "city": "Delhi"}}, {"type": "Feature", "geometry": {"type": "Point", "coordinates": [77.25294530360938, 28.48352783609033]}, "properties": {"lst": 31.74, "ndvi": 0.584, "ndbi": -0.154, "risk": "Moderate", "heat_zone": 1, "color": "#f1c40f", "city": "Delhi"}}, {"type": "Feature", "geometry": {"type": "Point", "coordinates": [76.92295300102984, 28.753238185134855]}, "properties": {"lst": 36.8, "ndvi": 0.35, "ndbi": -0.012, "risk": "Critical", "heat_zone": 3, "color": "#e74c3c", "city": "Delhi"}}, {"type": "Feature", "geometry": {"type": "Point", "coordinates": [76.98126490549221, 28.74939868730437]}, "properties": {"lst": 36.01, "ndvi": 0.309, "ndbi": -0.023, "risk": "Critical", "heat_zone": 3, "color": "#e74c3c", "city": "Delhi"}}, {"type": "Feature", "geometry": {"type": "Point", "coordinates": [77.15157216816175, 28.751416097794607]}, "properties": {"lst": 34.83, "ndvi": 0.346, "ndbi": -0.066, "risk": "High", "heat_zone": 2, "color": "#e67e22", "city": "Delhi"}}, {"type": "Feature", "geometry": {"type": "Point", "coordinates": [76.93079778451806, 28.544005149244065]}, "properties": {"lst": 37.64, "ndvi": 0.257, "ndbi": -0.07, "risk": "Critical", "heat_zone": 3, "color": "#e74c3c", "city": "Delhi"}}, {"type": "Feature", "geometry": {"type": "Point", "coordinates": [77.1496301053982, 28.674758928477598]}, "properties": {"lst": 34.48, "ndvi": 0.23, "ndbi": -0.021, "risk": "Critical", "heat_zone": 3, "color": "#e74c3c", "city": "Delhi"}}, {"type": "Feature", "geometry": {"type": "Point", "coordinates": [77.05871307109676, 28.675970057422703]}, "properties": {"lst": 36.22, "ndvi": 0.149, "ndbi": 0.074, "risk": "Critical", "heat_zone": 3, "color": "#e74c3c", "city": "Delhi"}}, {"type": "Feature", "geometry": {"type": "Point", "coordinates": [77.02695397012035, 28.58477472247427]}, "properties": {"lst": 34.58, "ndvi": 0.572, "ndbi": -0.212, "risk": "Moderate", "heat_zone": 1, "color": "#f1c40f", "city": "Delhi"}}, {"type": "Feature", "geometry": {"type": "Point", "coordinates": [77.0767936099887, 28.7305011529027]}, "properties": {"lst": 35.57, "ndvi": 0.324, "ndbi": -0.068, "risk": "High", "heat_zone": 2, "color": "#e67e22", "city": "Delhi"}}, {"type": "Feature", "geometry": {"type": "Point", "coordinates": [77.18683357836312, 28.693487133197475]}, "properties": {"lst": 36.04, "ndvi": 0.336, "ndbi": 0.116, "risk": "Critical", "heat_zone": 3, "color": "#e74c3c", "city": "Delhi"}}, {"type": "Feature", "geometry": {"type": "Point", "coordinates": [77.01420618333023, 28.771116442912103]}, "properties": {"lst": 30.57, "ndvi": 0.607, "ndbi": -0.203, "risk": "Moderate", "heat_zone": 1, "color": "#f1c40f", "city": "Delhi"}}, {"type": "Feature", "geometry": {"type": "Point", "coordinates": [77.02623344436769, 28.565671237918178]}, "properties": {"lst": 33.73, "ndvi": 0.404, "ndbi": -0.097, "risk": "High", "heat_zone": 2, "color": "#e67e22", "city": "Delhi"}}, {"type": "Feature", "geometry": {"type": "Point", "coordinates": [77.23442005460468, 28.551962670534515]}, "properties": {"lst": 34.64, "ndvi": 0.232, "ndbi": -0.05, "risk": "Critical", "heat_zone": 3, "color": "#e74c3c", "city": "Delhi"}}, {"type": "Feature", "geometry": {"type": "Point", "coordinates": [77.02753598660964, 28.56903039037344]}, "properties": {"lst": 34.78, "ndvi": 0.45, "ndbi": -0.115, "risk": "High", "heat_zone": 2, "color": "#e67e22", "city": "Delhi"}}, {"type": "Feature", "geometry": {"type": "Point", "coordinates": [77.08272748047884, 28.51012288995527]}, "properties": {"lst": 36.91, "ndvi": 0.262, "ndbi": 0.005, "risk": "Critical", "heat_zone": 3, "color": "#e74c3c", "city": "Delhi"}}, {"type": "Feature", "geometry": {"type": "Point", "coordinates": [77.23638007823331, 28.563095492032136]}, "properties": {"lst": 34.11, "ndvi": 0.294, "ndbi": -0.126, "risk": "High", "heat_zone": 2, "color": "#e67e22", "city": "Delhi"}}, {"type": "Feature", "geometry": {"type": "Point", "coordinates": [77.20727657666262, 28.519645320183148]}, "properties": {"lst": 33.1, "ndvi": 0.436, "ndbi": -0.178, "risk": "High", "heat_zone": 2, "color": "#e67e22", "city": "Delhi"}}, {"type": "Feature", "geometry": {"type": "Point", "coordinates": [77.24307449652957, 28.61082149260074]}, "properties": {"lst": 31.84, "ndvi": 0.56, "ndbi": -0.2, "risk": "Moderate", "heat_zone": 1, "color": "#f1c40f", "city": "Delhi"}}, {"type": "Feature", "geometry": {"type": "Point", "coordinates": [77.29105886891307, 28.599661204814684]}, "properties": {"lst": 34.64, "ndvi": 0.389, "ndbi": -0.129, "risk": "High", "heat_zone": 2, "color": "#e67e22", "city": "Delhi"}}, {"type": "Feature", "geometry": {"type": "Point", "coordinates": [77.33655071040074, 28.542034222118545]}, "properties": {"lst": 34.19, "ndvi": 0.221, "ndbi": -0.004, "risk": "Critical", "heat_zone": 3, "color": "#e74c3c", "city": "Delhi"}}, {"type": "Feature", "geometry": {"type": "Point", "coordinates": [77.04727467677276, 28.73785872211557]}, "properties": {"lst": 37.56, "ndvi": 0.179, "ndbi": 0.038, "risk": "Critical", "heat_zone": 3, "color": "#e74c3c", "city": "Delhi"}}, {"type": "Feature", "geometry": {"type": "Point", "coordinates": [77.14895120715512, 28.688751536442314]}, "properties": {"lst": 34.97, "ndvi": 0.159, "ndbi": -0.033, "risk": "Critical", "heat_zone": 3, "color": "#e74c3c", "city": "Delhi"}}, {"type": "Feature", "geometry": {"type": "Point", "coordinates": [76.95101007998153, 28.48625971611812]}, "properties": {"lst": 33.98, "ndvi": 0.304, "ndbi": 0.013, "risk": "Critical", "heat_zone": 3, "color": "#e74c3c", "city": "Delhi"}}, {"type": "Feature", "geometry": {"type": "Point", "coordinates": [77.23320761820194, 28.575264462305157]}, "properties": {"lst": 33.67, "ndvi": 0.291, "ndbi": -0.089, "risk": "High", "heat_zone": 2, "color": "#e67e22", "city": "Delhi"}}, {"type": "Feature", "geometry": {"type": "Point", "coordinates": [77.00656149942458, 28.673725558791443]}, "properties": {"lst": 34.67, "ndvi": 0.382, "ndbi": -0.142, "risk": "High", "heat_zone": 2, "color": "#e67e22", "city": "Delhi"}}, {"type": "Feature", "geometry": {"type": "Point", "coordinates": [77.25407727726392, 28.797398563124744]}, "properties": {"lst": 31.52, "ndvi": 0.334, "ndbi": -0.072, "risk": "High", "heat_zone": 2, "color": "#e67e22", "city": "Delhi"}}, {"type": "Feature", "geometry": {"type": "Point", "coordinates": [77.02500795289852, 28.75836632536379]}, "properties": {"lst": 33.65, "ndvi": 0.478, "ndbi": -0.071, "risk": "High", "heat_zone": 2, "color": "#e67e22", "city": "Delhi"}}, {"type": "Feature", "geometry": {"type": "Point", "coordinates": [76.90006704790835, 28.71854956012837]}, "properties": {"lst": 33.12, "ndvi": 0.268, "ndbi": 0.031, "risk": "Critical", "heat_zone": 3, "color": "#e74c3c", "city": "Delhi"}}, {"type": "Feature", "geometry": {"type": "Point", "coordinates": [77.09424098259248, 28.67974141280987]}, "properties": {"lst": 38.42, "ndvi": 0.13, "ndbi": -0.003, "risk": "Critical", "heat_zone": 3, "color": "#e74c3c", "city": "Delhi"}}, {"type": "Feature", "geometry": {"type": "Point", "coordinates": [77.00119981710286, 28.54629182943887]}, "properties": {"lst": 35.01, "ndvi": 0.546, "ndbi": -0.156, "risk": "Moderate", "heat_zone": 1, "color": "#f1c40f", "city": "Delhi"}}, {"type": "Feature", "geometry": {"type": "Point", "coordinates": [76.90814414783723, 28.658725641301704]}, "properties": {"lst": 34.52, "ndvi": 0.452, "ndbi": -0.096, "risk": "High", "heat_zone": 2, "color": "#e67e22", "city": "Delhi"}}, {"type": "Feature", "geometry": {"type": "Point", "coordinates": [77.0896051367326, 28.450595560925407]}, "properties": {"lst": 35.08, "ndvi": 0.354, "ndbi": -0.06, "risk": "High", "heat_zone": 2, "color": "#e67e22", "city": "Delhi"}}, {"type": "Feature", "geometry": {"type": "Point", "coordinates": [77.17650040110425, 28.61019573894162]}, "properties": {"lst": 32.27, "ndvi": 0.513, "ndbi": -0.098, "risk": "Moderate", "heat_zone": 1, "color": "#f1c40f", "city": "Delhi"}}, {"type": "Feature", "geometry": {"type": "Point", "coordinates": [77.18487931589459, 28.46247033880779]}, "properties": {"lst": 35.97, "ndvi": 0.312, "ndbi": -0.025, "risk": "Critical", "heat_zone": 3, "color": "#e74c3c", "city": "Delhi"}}, {"type": "Feature", "geometry": {"type": "Point", "coordinates": [77.20990183429112, 28.736719313750772]}, "properties": {"lst": 31.84, "ndvi": 0.561, "ndbi": -0.201, "risk": "Moderate", "heat_zone": 1, "color": "#f1c40f", "city": "Delhi"}}, {"type": "Feature", "geometry": {"type": "Point", "coordinates": [77.3149022122114, 28.534435519960272]}, "properties": {"lst": 36.52, "ndvi": 0.287, "ndbi": -0.072, "risk": "Critical", "heat_zone": 3, "color": "#e74c3c", "city": "Delhi"}}, {"type": "Feature", "geometry": {"type": "Point", "coordinates": [77.02325224834226, 28.63177366196924]}, "properties": {"lst": 34.89, "ndvi": 0.288, "ndbi": -0.22, "risk": "High", "heat_zone": 2, "color": "#e67e22", "city": "Delhi"}}, {"type": "Feature", "geometry": {"type": "Point", "coordinates": [77.12089082523724, 28.66155729103936]}, "properties": {"lst": 33.12, "ndvi": 0.41, "ndbi": -0.125, "risk": "High", "heat_zone": 2, "color": "#e67e22", "city": "Delhi"}}, {"type": "Feature", "geometry": {"type": "Point", "coordinates": [76.99501860033953, 28.551804019386736]}, "properties": {"lst": 34.52, "ndvi": 0.605, "ndbi": -0.182, "risk": "Moderate", "heat_zone": 1, "color": "#f1c40f", "city": "Delhi"}}]}