{"type": "FeatureCollection", "features": [{"type": "Feature", "geometry": {"type": "Point", "coordinates": [78.38535590840168, 17.47263496394777]}, "properties": {"lst": 37.48, "ndvi": 0.218, "ndbi": -0.017, "risk": "Critical", "heat_zone": 3, "color": "#e74c3c", "city": "Hyderabad"}}, {"type": "Feature", "geometry": {"type": "Point", "coordinates": [78.48399630351798, 17.49486388465992]}, "properties": {"lst": 37.41, "ndvi": 0.621, "ndbi": -0.106, "risk": "Moderate", "heat_zone": 1, "color": "#f1c40f", "city": "Hyderabad"}}, {"type": "Feature", "geometry": {"type": "Point", "coordinates": [78.38822839223765, 17.395624463988558]}, "properties": {"lst": 37.16, "ndvi": 0.186, "ndbi": -0.012, "risk": "Critical", "heat_zone": 3, "color": "#e74c3c", "city": "Hyderabad"}}, {"type": "Feature", "geometry": {"type": "Point", "coordinates": [78.42806772617412, 17.420795504635183]}, "properties": {"lst": 35.47, "ndvi": 0.408, "ndbi": -0.028, "risk": "High", "heat_zone": 2, "color": "#e67e22", "city": "Hyderabad"}}, {"type": "Feature", "geometry": {"type": "Point", "coordinates": [78.46974935736215, 17.328233603259772]}, "properties": {"lst": 39.65, "ndvi": 0.185, "ndbi": 0.047, "risk": "Critical", "heat_zone": 3, "color": "#e74c3c", "city": "Hyderabad"}}, {"type": "Feature", "geometry": {"type": "Point", "coordinates": [78.32490342251266, 17.385125654969254]}, "properties": {"lst": 36.15, "ndvi": 0.255, "ndbi": -0.017, "risk": "Critical", "heat_zone": 3, "color": "#e74c3c", "city": "Hyderabad"}}, {"type": "Feature", "geometry": {"type": "Point", "coordinates": [78.50532973233366, 17.46677055161428]}, "properties": {"lst": 36.34, "ndvi": 0.43, "ndbi": -0.061, "risk": "High", "heat_zone": 2, "color": "#e67e22", "city": "Hyderabad"}}, {"type": "Feature", "geometry": {"type": "Point", "coordinates": [78.4821273437786, 17.507918286395757]}, "properties": {"lst": 35.33, "ndvi": 0.178, "ndbi": 0.012, "risk": "Critical", "heat_zone": 3, "color": "#e74c3c", "city": "Hyderabad"}}, {"type": "Feature", "geometry": {"type": "Point", "coordinates": [78.49615813240828, 17.403227741872755]}, "properties": {"lst": 36.92, "ndvi": 0.12, "ndbi": 0.015, "risk": "Critical", "heat_zone": 3, "color": "#e74c3c", "city": "Hyderabad"}}, {"type": "Feature", "geometry": {"type": "Point", "coordinates": [78.48692737560906, 17.491348011161797]}, "properties": {"lst": 36.62, "ndvi": 0.54, "ndbi": -0.068, "risk": "Moderate", "heat_zone": 1, "color": "#f1c40f", "city": "Hyderabad"}}, {"type": "Feature", "geometry": {"type": "Point", "coordinates": [78.47928322114474, 17.539935954102013]}, "properties": {"lst": 37.25, "ndvi": 0.184, "ndbi": -0.032, "risk": "Critical", "heat_zone": 3, "color": "#e74c3c", "city": "Hyderabad"}}, {"type": "Feature", "geometry": {"type": "Point", "coordinates": [78.47180770482177, 17.486735409219715]}, "properties": {"lst": 37.26, "ndvi": 0.543, "ndbi": -0.132, "risk": "Moderate", "heat_zone": 1, "color": "#f1c40f", "city": "Hyderabad"}}, {"type": "Feature", "geometry": {"type": "Point", "coordinates": [78.42914725701242, 17.391720899161676]}, "properties": {"lst": 36.18, "ndvi": 0.222, "ndbi": -0.034, "risk": "Critical", "heat_zone": 3, "color": "#e74c3c", "city": "Hyderabad"}}, {"type": "Feature", "geometry": {"type": "Point", "coordinates": [78.32466081610704, 17.32078608401148]}, "properties": {"lst": 36.34, "ndvi": 0.422, "ndbi": -0.014, "risk": "High", "heat_zone": 2, "color": "#e67e22", "city": "Hyderabad"}}, {"type": "Feature", "geometry": {"type": "Point", "coordinates": [78.41754750934919, 17.404491630329993]}, "properties": {"lst": 37.32, "ndvi": 0.14, "ndbi": 0.031, "risk": "Critical", "heat_zone": 3, "color": "#e74c3c", "city": "Hyderabad"}}, {"type": "Feature", "geometry": {"type": "Point", "coordinates": [78.47492884959875, 17.309330049880852]}, "properties": {"lst": 37.59, "ndvi": 0.342, "ndbi": 0.042, "risk": "High", "heat_zone": 2, "color": "#e67e22", "city": "Hyderabad"}}, {"type": "Feature", "geometry": {"type": "Point", "coordinates": [78.3815135235832, 17.495786158348228]}, "properties": {"lst": 36.28, "ndvi": 0.172, "ndbi": 0.046, "risk": "Critical", "heat_zone": 3, "color": "#e74c3c", "city": "Hyderabad"}}, {"type": "Feature", "geometry": {"type": "Point", "coordinates": [78.51870434864227, 17.548381141537337]}, "properties": {"lst": 35.2, "ndvi": 0.489, "ndbi": -0.099, "risk": "Moderate", "heat_zone": 1, "color": "#f1c40f", "city": "Hyderabad"}}, {"type": "Feature", "geometry": {"type": "Point", "coordinates": [78.52075502731691, 17.379076810106103]}, "properties": {"lst": 39.63, "ndvi": 0.303, "ndbi": 0.033, "risk": "Critical", "heat_zone": 3, "color": "#e74c3c", "city": "Hyderabad"}}, {"type": "Feature", "geometry": {"type": "Point", "coordinates": [78.37462540392055, 17.382000945199355]}, "properties": {"lst": 39.18, "ndvi": 0.307, "ndbi": 0.095, "risk": "Critical", "heat_zone": 3, "color": "#e74c3c", "city": "Hyderabad"}}, {"type": "Feature", "geometry": {"type": "Point", "coordinates": [78.3412593927785, 17.343293317102397]}, "properties": {"lst": 39.18, "ndvi": 0.46, "ndbi": -0.101, "risk": "High", "heat_zone": 2, "color": "#e67e22", "city": "Hyderabad"}}, {"type": "Feature", "geometry": {"type": "Point", "coordinates": [78.55404613146706, 17.364004075597602]}, "properties": {"lst": 36.21, "ndvi": 0.174, "ndbi": 0.023, "risk": "Critical", "heat_zone": 3, "color": "#e74c3c", "city": "Hyderabad"}}, {"type": "Feature", "geometry": {"type": "Point", "coordinates": [78.30458529807315, 17.337284977610878]}, "properties": {"lst": 41.68, "ndvi": 0.354, "ndbi": 0.073, "risk": "Critical", "heat_zone": 3, "color": "#e74c3c", "city": "Hyderabad"}}, {"type": "Feature", "geometry": {"type": "Point", "coordinates": [78.51680822189363, 17.37353509267569]}, "properties": {"lst": 36.83, "ndvi": 0.158, "ndbi": 0.051, "risk": "Critical", "heat_zone": 3, "color": "#e74c3c", "city": "Hyderabad"}}, {"type": "Feature", "geometry": {"type": "Point", "coordinates": [78.58776822100828, 17.53056368511874]}, "properties": {"lst": 39.44, "ndvi": 0.329, "ndbi": 0.13, "risk": "Critical", "heat_zone": 3, "color": "#e74c3c", "city": "Hyderabad"}}, {"type": "Feature", "geometry": {"type": "Point", "coordinates": [78.45711241432991, 17.440733226586353]}, "properties": {"lst": 37.17, "ndvi": 0.214, "ndbi": 0.01, "risk": "Critical", "heat_zone": 3, "color": "#e74c3c", "city": "Hyderabad"}}, {"type": "Feature", "geometry": {"type": "Point", "coordinates": [78.4460380639819, 17.49192111423237]}, "properties": {"lst": 36.86, "ndvi": 0.164, "ndbi": 0.044, "risk": "Critical", "heat_zone": 3, "color": "#e74c3c", "city": "Hyderabad"}}, {"type": "Feature", "geometry": {"type": "Point", "coordinates": [78.46712895815548, 17.39738528707854]}, "properties": {"lst": 37.44, "ndvi": 0.498, "ndbi": -0.134, "risk": "Moderate", "heat_zone": 1, "color": "#f1c40f", "city": "Hyderabad"}}, {"type": "Feature", "geometry": {"type": "Point", "coordinates": [78.49098409328872, 17.403323528419985]}, "properties": {"lst": 34.96, "ndvi": 0.236, "ndbi": -0.151, "risk": "High", "heat_zone": 2, "color": "#e67e22", "city": "Hyderabad"}}, {"type": "Feature", "geometry": {"type": "Point", "coordinates": [78.52350598791688, 17.36861684212696]}, "properties": {"lst": 38.15, "ndvi": 0.147, "ndbi": 0.048, "risk": "Critical", "heat_zone": 3, "color": "#e74c3c", "city": "Hyderabad"}}, {"type": "Feature", "geometry": {"type": "Point", "coordinates": [78.3874498048502, 17.354217917332512]}, "properties": {"lst": 36.47, "ndvi": 0.207, "ndbi": 0.042, "risk": "Critical", "heat_zone": 3, "color": "#e74c3c", "city": "Hyderabad"}}, {"type": "Feature", "geometry": {"type": "Point", "coordinates": [78.44508598358668, 17.48328600473448]}, "properties": {"lst": 37.38, "ndvi": 0.513, "ndbi": -0.094, "risk": "Moderate", "heat_zone": 1, "color": "#f1c40f", "city": "Hyderabad"}}, {"type": "Feature", "geometry": {"type": "Point", "coordinates": [78.39322737550052, 17.437181591818966]}, "properties": {"lst": 35.53, "ndvi": 0.239, "ndbi": 0.006, "risk": "Critical", "heat_zone": 3, "color": "#e74c3c", "city": "Hyderabad"}}, {"type": "Feature", "geometry": {"type": "Point", "coordinates": [78.51132963753264, 17.406334573800955]}, "properties": {"lst": 36.02, "ndvi": 0.216, "ndbi": 0.021, "risk": "Critical", "heat_zone": 3, "color": "#e74c3c", "city": "Hyderabad"}}, {"type": "Feature", "geometry": {"type": "Point", "coordinates": [78.46573162022183, 17.44186876530093]}, "properties": {"lst": 36.05, "ndvi": 0.373, "ndbi": -0.097, "risk": "High", "heat_zone": 2, "color": "#e67e22", "city": "Hyderabad"}}, {"type": "Feature", "geometry": {"type": "Point", "coordinates": [78.5161509103797, 17.32867773700873]}, "properties": {"lst": 36.13, "ndvi": 0.296, "ndbi": -0.006, "risk": "High", "heat_zone": 2, "color": "#e67e22", "city": "Hyderabad"}}, {"type": "Feature", "geometry": {"type": "Point", "coordinates": [78.50447920491051, 17.342622214009324]}, "properties": {"lst": 38.23, "ndvi": 0.156, "ndbi": 0.048, "risk": "Critical", "heat_zone": 3, "color": "#e74c3c", "city": "Hyderabad"}}, {"type": "Feature", "geometry": {"type": "Point", "coordinates": [78.37231570351737, 17.509293458548495]}, "properties": {"lst": 36.17, "ndvi": 0.308, "ndbi": -0.044, "risk": "High", "heat_zone": 2, "color": "#e67e22", "city": "Hyderabad"}}, {"type": "Feature", "geometry": {"type": "Point", "coordinates": [78.56967160737847, 17.379407158385092]}, "properties": {"lst": 38.42, "ndvi": 0.225, "ndbi": 0.043, "risk": "Critical", "heat_zone": 3, "color": "#e74c3c", "city": "Hyderabad"}}, {"type": "Feature", "geometry": {"type": "Point", "coordinates": [78.56653196073097, 17.395149163484877]}, "properties": {"lst": 37.75, "ndvi": 0.171, "ndbi": 0.01, "risk": "Critical", "heat_zone": 3, "color": "#e74c3c", "city": "Hyderabad"}}, {"type": "Feature", "geometry": {"type": "Point", "coordinates": [78.51642025005451, 17.407598826667673]}, "properties": {"lst": 36.76, "ndvi": 0.292, "ndbi": -0.045, "risk": "High", "heat_zone": 2, "color": "#e67e22", "city": "Hyderabad"}}, {"type": "Feature", "geometry": {"type": "Point", "coordinates": [78.30146787023915, 17.378972786112087]}, "properties": {"lst": 26.47, "ndvi": -0.183, "ndbi": -0.15, "risk": "Low", "heat_zone": 0, "color": "#2ecc71", "city": "Hyderabad"}}, {"type": "Feature", "geometry": {"type": "Point", "coordinates": [78.34928892083803, 17.49585966983549]}, "properties": {"lst": 36.2, "ndvi": 0.305, "ndbi": 0.055, "risk": "Critical", "heat_zone": 3, "color": "#e74c3c", "city": "Hyderabad"}}, {"type": "Feature", "geometry": {"type": "Point", "coordinates": [78.44749999259624, 17.322177812560046]}, "properties": {"lst": 39.39, "ndvi": 0.232, "ndbi": 0.067, "risk": "Critical", "heat_zone": 3, "color": "#e74c3c", "city": "Hyderabad"}}, {"type": "Feature", "geometry": {"type": "Point", "coordinates": [78.3122198825624, 17.48395146615555]}, "properties": {"lst": 36.58, "ndvi": 0.251, "ndbi": -0.006, "risk": "Critical", "heat_zone": 3, "color": "#e74c3c", "city": "Hyderabad"}}, {"type": "Feature", "geometry": {"type": "Point", "coordinates": [78.40954522909384, 17.398014182808218]}, "properties": {"lst": 37.27, "ndvi": 0.218, "ndbi": 0.011, "risk": "Critical", "heat_zone": 3, "color": "#e74c3c", "city": "Hyderabad"}}, {"type": "Feature", "geometry": {"type": "Point", "coordinates": [78.42459137812997, 17.490668545219556]}, "properties": {"lst": 37.17, "ndvi": 0.3, "ndbi": -0.065, "risk": "High", "heat_zone": 2, "color": "#e67e22", "city": "Hyderabad"}}, {"type": "Feature", "geometry": {"type": "Point", "coordinates": [78.47333097284499, 17.521025174689775]}, "properties": {"lst": 27.38, "ndvi": 0.148, "ndbi": -0.347, "risk": "Low", "heat_zone": 0, "color": "#2ecc71", "city": "Hyderabad"}}, {"type": "Feature", "geometry": {"type": "Point", "coordinates": [78.38088125504169, 17.365995710548347]}, "properties": {"lst": 37.45, "ndvi": 0.187, "ndbi": 0.037, "risk": "Critical", "heat_zone": 3, "color": "#e74c3c", "city": "Hyderabad"}}, {"type": "Feature", "geometry": {"type": "Point", "coordinates": [78.53995451701097, 17.51257261870351]}, "properties": {"lst": 37.84, "ndvi": 0.238, "ndbi": 0.054, "risk": "Critical", "heat_zone": 3, "color": "#e74c3c", "city": "Hyderabad"}}, {"type": "Feature", "geometry": {"type": "Point", "coordinates": [78.42517552843707, 17.38564820080937]}, "properties": {"lst": 36.77, "ndvi": 0.431, "ndbi": -0.088, "risk": "High", "heat_zone": 2, "color": "#e67e22", "city": "Hyderabad"}}, {"type": "Feature", "geometry": {"type": "Point", "coordinates": [78.43834798725392, 17.45871722701336]}, "properties": {"lst": 44.86, "ndvi": 0.241, "ndbi": 0.209, "risk": "Critical", "heat_zone": 3, "color": "#e74c3c", "city": "Hyderabad"}}, {"type": "Feature", "geometry": {"type": "Point", "coordinates": [78.51014091161902, 17.423991229062764]}, "properties": {"lst": 35.31, "ndvi": 0.34, "ndbi": 0.0, "risk": "High", "heat_zone": 2, "color": "#e67e22", "city": "Hyderabad"}}, {"type": "Feature", "geometry": {"type": "Point", "coordinates": [78.57226323567382, 17.33424135938986]}, "properties": {"lst": 36.98, "ndvi": 0.183, "ndbi": 0.017, "risk": "Critical", "heat_zone": 3, "color": "#e74c3c", "city": "Hyderabad"}}, {"type": "Feature", "geometry": {"type": "Point", "coordinates": [78.52942526558626, 17.508534966202696]}, "properties": {"lst": 38.22, "ndvi": 0.475, "ndbi": -0.028, "risk": "High", "heat_zone": 2, "color": "#e67e22", "city": "Hyderabad"}}, {"type": "Feature", "geometry": {"type": "Point", "coordinates": [78.4439743415807, 17.459460876860568]}, "properties": {"lst": 39.13, "ndvi": 0.323, "ndbi": -0.038, "risk": "High", "heat_zone": 2, "color": "#e67e22", "city": "Hyderabad"}}, {"type": "Feature", "geometry": {"type": "Point", "coordinates": [78.58423202529735, 17.38713566513174]}, "properties": {"lst": 33.12, "ndvi": 0.695, "ndbi": -0.263, "risk": "Moderate", "heat_zone": 1, "color": "#f1c40f", "city": "Hyderabad"}}, {"type": "Feature", "geometry": {"type": "Point", "coordinates": [78.42392227443177, 17.40437091912045]}, "properties": {"lst": 36.48, "ndvi": 0.186, "ndbi": 0.045, "risk": "Critical", "heat_zone": 3, "color": "#e74c3c", "city": "Hyderabad"}}, {"type": "Feature", "geometry": {"type": "Point", "coordinates": [78.52014792560864, 17.431078100869097]}, "properties": {"lst": 36.84, "ndvi": 0.26, "ndbi": -0.026, "risk": "Critical", "heat_zone": 3, "color": "#e74c3c", "city": "Hyderabad"}}, {"type": "Feature", "geometry": {"type": "Point", "coordinates": [78.53366066590786, 17.500154132598404]}, "properties": {"lst": 38.47, "ndvi": 0.262, "ndbi": 0.148, "risk": "Critical", "heat_zone": 3, "color": "#e74c3c", "city": "Hyderabad"}}, {"type": "Feature", "geometry": {"type": "Point", "coordinates": [78.48864512192495, 17.473235412945076]}, "properties": {"lst": 36.94, "ndvi": 0.146, "ndbi": 0.041, "risk": "Critical", "heat_zone": 3, "color": "#e74c3c", "city": "Hyderabad"}}, {"type": "Feature", "geometry": {"type": "Point", "coordinates": [78.31099664412521, 17.514121153025204]}, "properties": {"lst": 38.19, "ndvi": 0.275, "ndbi": 0.021, "risk": "Critical", "heat_zone": 3, "color": "#e74c3c", "city": "Hyderabad"}}, {"type": "Feature", "geometry": {"type": "Point", "coordinates": [78.52720184138265, 17.41083828250808]}, "properties": {"lst": 36.77, "ndvi": 0.543, "ndbi": -0.076, "risk": "Moderate", "heat_zone": 1, "color": "#f1c40f", "city": "Hyderabad"}}, {"type": "Feature", "geometry": {"type": "Point", "coordinates": [78.48666187150135, 17.461640043119253]}, "properties": {"lst": 37.55, "ndvi": 0.44, "ndbi": -0.054, "risk": "High", "heat_zone": 2, "color": "#e67e22", "city": "Hyderabad"}}, {"type": "Feature", "geometry": {"type": "Point", "coordinates": [78.33983684145896, 17.475901555717346]}, "properties": {"lst": 40.33, "ndvi": 0.242, "ndbi": 0.103, "risk": "Critical", "heat_zone": 3, "color": "#e74c3c", "city": "Hyderabad"}}, {"type": "Feature", "geometry": {"type": "Point", "coordinates": [78.37063774960626, 17.37061605951984]}, "properties": {"lst": 36.21, "ndvi": 0.611, "ndbi": -0.162, "risk": "Moderate", "heat_zone": 1, "color": "#f1c40f", "city": "Hyderabad"}}, {"type": "Feature", "geometry": {"type": "Point", "coordinates": [78.39544990355877, 17.41237744502352]}, "properties": {"lst": 36.5, "ndvi": 0.283, "ndbi": 0.033, "risk": "Critical", "heat_zone": 3, "color": "#e74c3c", "city": "Hyderabad"}}, {"type": "Feature", "geometry": {"type": "Point", "coordinates": [78.3559558765779, 17.432211639341435]}, "properties": {"lst": 35.76, "ndvi": 0.347, "ndbi": -0.001, "risk": "High", "heat_zone": 2, "color": "#e67e22", "city": "Hyderabad"}}, {"type": "Feature", "geometry": {"type": "Point", "coordinates": [78.41062000880471, 17.35362091844584]}, "properties": {"lst": 36.93, "ndvi": 0.434, "ndbi": -0.033, "risk": "High", "heat_zone": 2, "color": "#e67e22", "city": "Hyderabad"}}, {"type": "Feature", "geometry": {"type": "Point", "coordinates": [78.35779523962472, 17.503741924441236]}, "properties": {"lst": 34.58, "ndvi": 0.248, "ndbi": -0.037, "risk": "High", "heat_zone": 2, "color": "#e67e22", "city": "Hyderabad"}}, {"type": "Feature", "geometry": {"type": "Point", "coordinates": [78.45291890385718, 17.54344180477658]}, "properties": {"lst": 33.63, "ndvi": 0.609, "ndbi": -0.128, "risk": "Moderate", "heat_zone": 1, "color": "#f1c40f", "city": "Hyderabad"}}, {"type": "Feature", "geometry": {"type": "Point", "coordinates": [78.38234119301812, 17.539430401272053]}, "properties": {"lst": 35.53, "ndvi": 0.314, "ndbi": 0.103, "risk": "Critical", "heat_zone": 3, "color": "#e74c3c", "city": "Hyderabad"}}, {"type": "Feature", "geometry": {"type": "Point", "coordinates": [78.56702449018091, 17.369156240664825]}, "properties": {"lst": 36.75, "ndvi": 0.279, "ndbi": -0.035, "risk": "High", "heat_zone": 2, "color": "#e67e22", "city": "Hyderabad"}}, {"type": "Feature", "geometry": {"type": "Point", "coordinates": [78.34153966100742, 17.32982069579317]}, "properties": {"lst": 28.55, "ndvi": 0.015, "ndbi": -0.163, "risk": "Low", "heat_zone": 0, "color": "#2ecc71", "city": "Hyderabad"}}, {"type": "Feature", "geometry": {"type": "Point", "coordinates": [78.41435204984332, 17.475712206743644]}, "properties": {"lst": 39.99, "ndvi": 0.167, "ndbi": 0.068, "risk": "Critical", "heat_zone": 3, "color": "#e74c3c", "city": "Hyderabad"}}, {"type": "Feature", "geometry": {"type": "Point", "coordinates": [78.39014913067075, 17.449752274492653]}, "properties": {"lst": 35.89, "ndvi": 0.261, "ndbi": -0.004, "risk": "Critical", "heat_zone": 3, "color": "#e74c3c", "city": "Hyderabad"}}, {"type": "Feature", "geometry": {"type": "Point", "coordinates": [78.53681604912498, 17.421195405385458]}, "properties": {"lst": 35.1, "ndvi": 0.478, "ndbi": -0.101, "risk": "High", "heat_zone": 2, "color": "#e67e22", "city": "Hyderabad"}}, {"type": "Feature", "geometry": {"type": "Point", "coordinates": [78.58084506988624, 17.308919958793336]}, "properties": {"lst": 39.12, "ndvi": 0.233, "ndbi": 0.053, "risk": "Critical", "heat_zone": 3, "color": "#e74c3c", "city": "Hyderabad"}}, {"type": "Feature", "geometry": {"type": "Point", "coordinates": [78.36962722378, 17.50814256322517]}, "properties": {"lst": 37.28, "ndvi": 0.626, "ndbi": -0.204, "risk": "Moderate", "heat_zone": 1, "color": "#f1c40f", "city": "Hyderabad"}}, {"type": "Feature", "geometry": {"type": "Point", "coordinates": [78.46769197166356, 17.322473633092024]}, "properties": {"lst": 40.18, "ndvi": 0.168, "ndbi": 0.053, "risk": "Critical", "heat_zone": 3, "color": "#e74c3c", "city": "Hyderabad"}}, {"type": "Feature", "geometry": {"type": "Point", "coordinates": [78.3249244123642, 17.53352149616992]}, "properties": {"lst": 39.11, "ndvi": 0.252, "ndbi": 0.018, "risk": "Critical", "heat_zone": 3, "color": "#e74c3c", "city": "Hyderabad"}}, {"type": "Feature", "geometry": {"type": "Point", "coordinates": [78.5660561382114, 17.414413203429337]}, "properties": {"lst": 36.59, "ndvi": 0.321, "ndbi": -0.057, "risk": "High", "heat_zone": 2, "color": "#e67e22", "city": "Hyderabad"}}, {"type": "Feature", "geometry": {"type": "Point", "coordinates": [78.33118925679575, 17.340172874489465]}, "properties": {"lst": 39.92, "ndvi": 0.434, "ndbi": -0.021, "risk": "High", "heat_zone": 2, "color": "#e67e22", "city": "Hyderabad"}}, {"type": "Feature", "geometry": {"type": "Point", "coordinates": [78.42360896609644, 17.309463623379433]}, "properties": {"lst": 36.34, "ndvi": 0.511, "ndbi": -0.106, "risk": "Moderate", "heat_zone": 1, "color": "#f1c40f", "city": "Hyderabad"}}, {"type": "Feature", "geometry": {"type": "Point", "coordinates": [78.55226216925672, 17.518983075187812]}, "properties": {"lst": 39.82, "ndvi": 0.367, "ndbi": 0.085, "risk": "Critical", "heat_zone": 3, "color": "#e74c3c", "city": "Hyderabad"}}, {"type": "Feature", "geometry": {"type": "Point", "coordinates": [78.35322032941762, 17.33485226122457]}, "properties": {"lst": 28.18, "ndvi": 0.146, "ndbi": -0.234, "risk": "Low", "heat_zone": 0, "color": "#2ecc71", "city": "Hyderabad"}}, {"type": "Feature", "geometry": {"type": "Point", "coordinates": [78.54930624154113, 17.546377018821648]}, "properties": {"lst": 35.73, "ndvi": 0.596, "ndbi": -0.107, "risk": "Moderate", "heat_zone": 1, "color": "#f1c40f", "city": "Hyderabad"}}, {"type": "Feature", "geometry": {"type": "Point", "coordinates": [78.55768013835618, 17.300573654984074]}, "properties": {"lst": 40.66, "ndvi": 0.369, "ndbi": 0.053, "risk": "Critical", "heat_zone": 3, "color": "#e74c3c", "city": "Hyderabad"}}, {"type": "Feature", "geometry": {"type": "Point", "coordinates": [78.37610865281681, 17.43541004106411]}, "properties": {"lst": 37.6, "ndvi": 0.135, "ndbi": 0.059, "risk": "Critical", "heat_zone": 3, "color": "#e74c3c", "city": "Hyderabad"}}, {"type": "Feature", "geometry": {"type": "Point", "coordinates": [78.59223442066087, 17.331129732296404]}, "properties": {"lst": 40.36, "ndvi": 0.179, "ndbi": 0.041, "risk": "Critical", "heat_zone": 3, "color": "#e74c3c", "city": "Hyderabad"}}, {"type": "Feature", "geometry": {"type": "Point", "coordinates": [78.48214846964005, 17.327068573373708]}, "properties": {"lst": 35.88, "ndvi": 0.306, "ndbi": 0.013, "risk": "High", "heat_zone": 2, "color": "#e67e22", "city": "Hyderabad"}}, {"type": "Feature", "geometry": {"type": "Point", "coordinates": [78.38007864327801, 17.547921243114995]}, "properties": {"lst": 38.2, "ndvi": 0.047, "ndbi": 0.125, "risk": "Critical", "heat_zone": 3, "color": "#e74c3c", "city": "Hyderabad"}}, {"type": "Feature", "geometry": {"type": "Point", "coordinates": [78.31711127910268, 17.37770663511837]}, "properties": {"lst": 34.13, "ndvi": 0.48, "ndbi": -0.041, "risk": "High", "heat_zone": 2, "color": "#e67e22", "city": "Hyderabad"}}, {"type": "Feature", "geometry": {"type": "Point", "coordinates": [78.40162335490847, 17.475626696937166]}, "properties": {"lst": 35.83, "ndvi": 0.456, "ndbi": 0.022, "risk": "High", "heat_zone": 2, "color": "#e67e22", "city": "Hyderabad"}}, {"type": "Feature", "geometry": {"type": "Point", "coordinates": [78.55594860849206, 17.32824225328782]}, "properties": {"lst": 37.51, "ndvi": 0.165, "ndbi": 0.068, "risk": "Critical", "heat_zone": 3, "color": "#e74c3c", "city": "Hyderabad"}}, {"type": "Feature", "geometry": {"type": "Point", "coordinates": [78.35231964007122, 17.352589166411523]}, "properties": {"lst": 36.6, "ndvi": 0.481, "ndbi": -0.013, "risk": "High", "heat_zone": 2, "color": "#e67e22", "city": "Hyderabad"}}, {"type": "Feature", "geometry": {"type": "Point", "coordinates": [78.58503417885665, 17.516034832267678]}, "properties": {"lst": 42.64, "ndvi": 0.345, "ndbi": 0.089, "risk": "Critical", "heat_zone": 3, "color": "#e74c3c", "city": "Hyderabad"}}, {"type": "Feature", "geometry": {"type": "Point", "coordinates": [78.44938419956173, 17.43934651755737]}, "properties": {"lst": 36.03, "ndvi": 0.24, "ndbi": -0.006, "risk": "Critical", "heat_zone": 3, "color": "#e74c3c", "city": "Hyderabad"}}, {"type": "Feature", "geometry": {"type": "Point", "coordinates": [78.37631203187821, 17.375532216486693]}, "properties": {"lst": 34.32, "ndvi": 0.626, "ndbi": -0.189, "risk": "Moderate", "heat_zone": 1, "color": "#f1c40f", "city": "Hyderabad"}}, {"type": "Feature", "geometry": {"type": "Point", "coordinates": [78.42786848421777, 17.363401575573945]}, "properties": {"lst": 38.57, "ndvi": 0.145, "ndbi": 0.044, "risk": "Critical", "heat_zone": 3, "color": "#e74c3c", "city": "Hyderabad"}}, {"type": "Feature", "geometry": {"type": "Point", "coordinates": [78.46533927536863, 17.4662354762296]}, "properties": {"lst": 37.07, "ndvi": 0.441, "ndbi": -0.028, "risk": "High", "heat_zone": 2, "color": "#e67e22", "city": "Hyderabad"}}, {"type": "Feature", "geometry": {"type": "Point", "coordinates": [78.44753896258105, 17.496993855026037]}, "properties": {"lst": 36.79, "ndvi": 0.435, "ndbi": -0.058, "risk": "High", "heat_zone": 2, "color": "#e67e22", "city": "Hyderabad"}}, {"type": "Feature", "geometry": {"type": "Point", "coordinates": [78.56653760000779, 17.465624483859752]}, "properties": {"lst": 34.32, "ndvi": 0.477, "ndbi": -0.047, "risk": "High", "heat_zone": 2, "color": "#e67e22", "city": "Hyderabad"}}, {"type": "Feature", "geometry": {"type": "Point", "coordinates": [78.42500384763265, 17.461593334479254]}, "properties": {"lst": 38.33, "ndvi": 0.406, "ndbi": -0.068, "risk": "High", "heat_zone": 2, "color": "#e67e22", "city": "Hyderabad"}}, {"type": "Feature", "geometry": {"type": "Point", "coordinates": [78.49082003707527, 17.547898577610454]}, "properties": {"lst": 36.07, "ndvi": 0.426, "ndbi": -0.053, "risk": "High", "heat_zone": 2, "color": "#e67e22", "city": "Hyderabad"}}, {"type": "Feature", "geometry": {"type": "Point", "coordinates": [78.50698590356366, 17.331390738868162]}, "properties": {"lst": 36.24, "ndvi": 0.54, "ndbi": -0.154, "risk": "Moderate", "heat_zone": 1, "color": "#f1c40f", "city": "Hyderabad"}}, {"type": "Feature", "geometry": {"type": "Point", "coordinates": [78.36230354399746, 17.471011153451254]}, "properties": {"lst": 35.21, "ndvi": 0.267, "ndbi": -0.073, "risk": "High", "heat_zone": 2, "color": "#e67e22", "city": "Hyderabad"}}, {"type": "Feature", "geometry": {"type": "Point", "coordinates": [78.56025485793737, 17.479366920526214]}, "properties": {"lst": 37.4, "ndvi": 0.171, "ndbi": 0.04, "risk": "Critical", "heat_zone": 3, "color": "#e74c3c", "city": "Hyderabad"}}, {"type": "Feature", "geometry": {"type": "Point", "coordinates": [78.45998540661812, 17.371794747726646]}, "properties": {"lst": 37.55, "ndvi": 0.305, "ndbi": -0.052, "risk": "High", "heat_zone": 2, "color": "#e67e22", "city": "Hyderabad"}}, {"type": "Feature", "geometry": {"type": "Point", "coordinates": [78.54374103963347, 17.38074288078727]}, "properties": {"lst": 36.31, "ndvi": 0.148, "ndbi": -0.003, "risk": "Critical", "heat_zone": 3, "color": "#e74c3c", "city": "Hyderabad"}}, {"type": "Feature", "geometry": {"type": "Point", "coordinates": [78.5953129221647, 17.53406714940404]}, "properties": {"lst": 38.89, "ndvi": 0.357, "ndbi": 0.061, "risk": "High", "heat_zone": 2, "color": "#e67e22", "city": "Hyderabad"}}, {"type": "Feature", "geometry": {"type": "Point", "coordinates": [78.3605393815594, 17.36347303757546]}, "properties": {"lst": 37.5, "ndvi": 0.354, "ndbi": 0.129, "risk": "Critical", "heat_zone": 3, "color": "#e74c3c", "city": "Hyderabad"}}, {"type": "Feature", "geometry": {"type": "Point", "coordinates": [78.58289810935892, 17.465660373003143]}, "properties": {"lst": 36.65, "ndvi": 0.525, "ndbi": -0.018, "risk": "High", "heat_zone": 2, "color": "#e67e22", "city": "Hyderabad"}}, {"type": "Feature", "geometry": {"type": "Point", "coordinates": [78.50319003102035, 17.44288826144167]}, "properties": {"lst": 36.63, "ndvi": 0.369, "ndbi": -0.045, "risk": "High", "heat_zone": 2, "color": "#e67e22", "city": "Hyderabad"}}, {"type": "Feature", "geometry": {"type": "Point", "coordinates": [78.36698419448531, 17.30657647904366]}, "properties": {"lst": 26.48, "ndvi": -0.115, "ndbi": -0.274, "risk": "Low", "heat_zone": 0, "color": "#2ecc71", "city": "Hyderabad"}}, {"type": "Feature", "geometry": {"type": "Point", "coordinates": [78.43525763511761, 17.42347726782187]}, "properties": {"lst": 35.38, "ndvi": 0.284, "ndbi": -0.045, "risk": "High", "heat_zone": 2, "color": "#e67e22", "city": "Hyderabad"}}, {"type": "Feature", "geometry": {"type": "Point", "coordinates": [78.36401157577167, 17.406778850177318]}, "properties": {"lst": 38.41, "ndvi": 0.191, "ndbi": 0.104, "risk": "Critical", "heat_zone": 3, "color": "#e74c3c", "city": "Hyderabad"}}, {"type": "Feature", "geometry": {"type": "Point", "coordinates": [78.31308257855854, 17.533238320768955]}, "properties": {"lst": 37.98, "ndvi": 0.289, "ndbi": 0.009, "risk": "Critical", "heat_zone": 3, "color": "#e74c3c", "city": "Hyderabad"}}, {"type": "Feature", "geometry": {"type": "Point", "coordinates": [78.30885228518241, 17.343267522907617]}, "properties": {"lst": 37.42, "ndvi": 0.234, "ndbi": 0.033, "risk": "Critical", "heat_zone": 3, "color": "#e74c3c", "city": "Hyderabad"}}, {"type": "Feature", "geometry": {"type": "Point", "coordinates": [78.56099708694829, 17.46475854691533]}, "properties": {"lst": 37.26, "ndvi": 0.168, "ndbi": -0.032, "risk": "Critical", "heat_zone": 3, "color": "#e74c3c", "city": "Hyderabad"}}, {"type": "Feature", "geometry": {"type": "Point", "coordinates": [78.56296835122957, 17.52036856432516]}, "properties": {"lst": 38.05, "ndvi": 0.264, "ndbi": 0.055, "risk": "Critical", "heat_zone": 3, "color": "#e74c3c", "city": "Hyderabad"}}, {"type": "Feature", "geometry": {"type": "Point", "coordinates": [78.4490976393634, 17.428072369847634]}, "properties": {"lst": 36.43, "ndvi": 0.249, "ndbi": -0.002, "risk": "Critical", "heat_zone": 3, "color": "#e74c3c", "city": "Hyderabad"}}, {"type": "Feature", "geometry": {"type": "Point", "coordinates": [78.57364875958218, 17.380190457485906]}, "properties": {"lst": 37.18, "ndvi": 0.332, "ndbi": -0.018, "risk": "High", "heat_zone": 2, "color": "#e67e22", "city": "Hyderabad"}}, {"type": "Feature", "geometry": {"type": "Point", "coordinates": [78.47739830866009, 17.472297641071954]}, "properties": {"lst": 40.87, "ndvi": 0.212, "ndbi": 0.052, "risk": "Critical", "heat_zone": 3, "color": "#e74c3c", "city": "Hyderabad"}}, {"type": "Feature", "geometry": {"type": "Point", "coordinates": [78.48817867039863, 17.348439123112435]}, "properties": {"lst": 38.48, "ndvi": 0.208, "ndbi": 0.041, "risk": "Critical", "heat_zone": 3, "color": "#e74c3c", "city": "Hyderabad"}}, {"type": "Feature", "geometry": {"type": "Point", "coordinates": [78.47371270895559, 17.388228493089926]}, "properties": {"lst": 38.34, "ndvi": 0.128, "ndbi": 0.048, "risk": "Critical", "heat_zone": 3, "color": "#e74c3c", "city": "Hyderabad"}}, {"type": "Feature", "geometry": {"type": "Point", "coordinates": [78.47049025442162, 17.529097422601865]}, "properties": {"lst": 28.87, "ndvi": 0.836, "ndbi": -0.495, "risk": "Moderate", "heat_zone": 1, "color": "#f1c40f", "city": "Hyderabad"}}, {"type": "Feature", "geometry": {"type": "Point", "coordinates": [78.57423525501605, 17.549022023821433]}, "properties": {"lst": 37.27, "ndvi": 0.501, "ndbi": -0.047, "risk": "High", "heat_zone": 2, "color": "#e67e22", "city": "Hyderabad"}}, {"type": "Feature", "geometry": {"type": "Point", "coordinates": [78.3641639135569, 17.5077046649886]}, "properties": {"lst": 36.51, "ndvi": 0.254, "ndbi": 0.028, "risk": "Critical", "heat_zone": 3, "color": "#e74c3c", "city": "Hyderabad"}}, {"type": "Feature", "geometry": {"type": "Point", "coordinates": [78.57862605786099, 17.358165144366833]}, "properties": {"lst": 38.06, "ndvi": 0.449, "ndbi": 0.05, "risk": "High", "heat_zone": 2, "color": "#e67e22", "city": "Hyderabad"}}, {"type": "Feature", "geometry": {"type": "Point", "coordinates": [78.48562143215877, 17.3779707892816]}, "properties": {"lst": 39.79, "ndvi": 0.128, "ndbi": 0.103, "risk": "Critical", "heat_zone": 3, "color": "#e74c3c", "city": "Hyderabad"}}, {"type": "Feature", "geometry": {"type": "Point", "coordinates": [78.45351607268816, 17.440825587220537]}, "properties": {"lst": 36.66, "ndvi": 0.26, "ndbi": -0.025, "risk": "Critical", "heat_zone": 3, "color": "#e74c3c", "city": "Hyderabad"}}, {"type": "Feature", "geometry": {"type": "Point", "coordinates": [78.30162552917058, 17.543487983366497]}, "properties": {"lst": 41.82, "ndvi": 0.284, "ndbi": 0.122, "risk": "Critical", "heat_zone": 3, "color": "#e74c3c", "city": "Hyderabad"}}, {"type": "Feature", "geometry": {"type": "Point", "coordinates": [78.39725843228692, 17.360321302076226]}, "properties": {"lst": 37.75, "ndvi": 0.318, "ndbi": -0.014, "risk": "High", "heat_zone": 2, "color": "#e67e22", "city": "Hyderabad"}}, {"type": "Feature", "geometry": {"type": "Point", "coordinates": [78.42926185598168, 17.516540878969632]}, "properties": {"lst": 38.62, "ndvi": 0.158, "ndbi": 0.059, "risk": "Critical", "heat_zone": 3, "color": "#e74c3c", "city": "Hyderabad"}}, {"type": "Feature", "geometry": {"type": "Point", "coordinates": [78.4316816979511, 17.51438478968942]}, "properties": {"lst": 38.76, "ndvi": 0.172, "ndbi": 0.083, "risk": "Critical", "heat_zone": 3, "color": "#e74c3c", "city": "Hyderabad"}}, {"type": "Feature", "geometry": {"type": "Point", "coordinates": [78.39148338708684, 17.331292192733017]}, "properties": {"lst": 38.14, "ndvi": 0.402, "ndbi": 0.015, "risk": "High", "heat_zone": 2, "color": "#e67e22", "city": "Hyderabad"}}, {"type": "Feature", "geometry": {"type": "Point", "coordinates": [78.33606338990263, 17.358274533091894]}, "properties": {"lst": 35.75, "ndvi": 0.503, "ndbi": 0.016, "risk": "High", "heat_zone": 2, "color": "#e67e22", "city": "Hyderabad"}}, {"type": "Feature", "geometry": {"type": "Point", "coordinates": [78.52162557948756, 17.48302286653522]}, "properties": {"lst": 35.02, "ndvi": 0.673, "ndbi": -0.227, "risk": "Moderate", "heat_zone": 1, "color": "#f1c40f", "city": "Hyderabad"}}, {"type": "Feature", "geometry": {"type": "Point", "coordinates": [78.50350208890285, 17.418290504278815]}, "properties": {"lst": 39.46, "ndvi": 0.248, "ndbi": 0.128, "risk": "Critical", "heat_zone": 3, "color": "#e74c3c", "city": "Hyderabad"}}, {"type": "Feature", "geometry": {"type": "Point", "coordinates": [78.54848139260756, 17.306128354365594]}, "properties": {"lst": 38.61, "ndvi": 0.203, "ndbi": 0.076, "risk": "Critical", "heat_zone": 3, "color": "#e74c3c", "city": "Hyderabad"}}, {"type": "Feature", "geometry": {"type": "Point", "coordinates": [78.41684965312342, 17.415115315269947]}, "properties": {"lst": 36.64, "ndvi": 0.247, "ndbi": -0.032, "risk": "Critical", "heat_zone": 3, "color": "#e74c3c", "city": "Hyderabad"}}, {"type": "Feature", "geometry": {"type": "Point", "coordinates": [78.34984328278931, 17.36779622455234]}, "properties": {"lst": 36.8, "ndvi": 0.467, "ndbi": -0.067, "risk": "High", "heat_zone": 2, "color": "#e67e22", "city": "Hyderabad"}}, {"type": "Feature", "geometry": {"type": "Point", "coordinates": [78.42744499783132, 17.366946571676838]}, "properties": {"lst": 36.16, "ndvi": 0.142, "ndbi": -0.02, "risk": "Critical", "heat_zone": 3, "color": "#e74c3c", "city": "Hyderabad"}}, {"type": "Feature", "geometry": {"type": "Point", "coordinates": [78.57453034874432, 17.40462741295697]}, "properties": {"lst": 36.85, "ndvi": 0.504, "ndbi": -0.145, "risk": "Moderate", "heat_zone": 1, "color": "#f1c40f", "city": "Hyderabad"}}, {"type": "Feature", "geometry": {"type": "Point", "coordinates": [78.386535082072, 17.367964191176924]}, "properties": {"lst": 36.6, "ndvi": 0.157, "ndbi": 0.035, "risk": "Critical", "heat_zone": 3, "color": "#e74c3c", "city": "Hyderabad"}}, {"type": "Feature", "geometry": {"type": "Point", "coordinates": [78.54902705800107, 17.30616779867803]}, "properties": {"lst": 38.43, "ndvi": 0.166, "ndbi": 0.038, "risk": "Critical", "heat_zone": 3, "color": "#e74c3c", "city": "Hyderabad"}}, {"type": "Feature", "geometry": {"type": "Point", "coordinates": [78.34879508230584, 17.44713777885251]}, "properties": {"lst": 35.95, "ndvi": 0.247, "ndbi": 0.071, "risk": "Critical", "heat_zone": 3, "color": "#e74c3c", "city": "Hyderabad"}}, {"type": "Feature", "geometry": {"type": "Point", "coordinates": [78.39645209275677, 17.423675642186055]}, "properties": {"lst": 38.72, "ndvi": 0.311, "ndbi": 0.065, "risk": "Critical", "heat_zone": 3, "color": "#e74c3c", "city": "Hyderabad"}}, {"type": "Feature", "geometry": {"type": "Point", "coordinates": [78.4947648266051, 17.319836286973526]}, "properties": {"lst": 38.55, "ndvi": 0.232, "ndbi": 0.01, "risk": "Critical", "heat_zone": 3, "color": "#e74c3c", "city": "Hyderabad"}}, {"type": "Feature", "geometry": {"type": "Point", "coordinates": [78.3448589888982, 17.33203180339759]}, "properties": {"lst": 38.03, "ndvi": 0.548, "ndbi": -0.159, "risk": "Moderate", "heat_zone": 1, "color": "#f1c40f", "city": "Hyderabad"}}, {"type": "Feature", "geometry": {"type": "Point", "coordinates": [78.59389820943602, 17.364880467133254]}, "properties": {"lst": 38.06, "ndvi": 0.351, "ndbi": 0.051, "risk": "High", "heat_zone": 2, "color": "#e67e22", "city": "Hyderabad"}}, {"type": "Feature", "geometry": {"type": "Point", "coordinates": [78.3406485254861, 17.359578962569962]}, "properties": {"lst": 35.32, "ndvi": 0.449, "ndbi": 0.01, "risk": "High", "heat_zone": 2, "color": "#e67e22", "city": "Hyderabad"}}, {"type": "Feature", "geometry": {"type": "Point", "coordinates": [78.50646018982715, 17.507852047515385]}, "properties": {"lst": 35.53, "ndvi": 0.292, "ndbi": -0.016, "risk": "High", "heat_zone": 2, "color": "#e67e22", "city": "Hyderabad"}}, {"type": "Feature", "geometry": {"type": "Point", "coordinates": [78.39285694662738, 17.51513569697315]}, "properties": {"lst": 37.09, "ndvi": 0.174, "ndbi": 0.047, "risk": "Critical", "heat_zone": 3, "color": "#e74c3c", "city": "Hyderabad"}}, {"type": "Feature", "geometry": {"type": "Point", "coordinates": [78.51233851700759, 17.303344468524948]}, "properties": {"lst": 37.96, "ndvi": 0.427, "ndbi": -0.084, "risk": "High", "heat_zone": 2, "color": "#e67e22", "city": "Hyderabad"}}, {"type": "Feature", "geometry": {"type": "Point", "coordinates": [78.37504039245478, 17.52844293176175]}, "properties": {"lst": 37.19, "ndvi": 0.261, "ndbi": 0.001, "risk": "Critical", "heat_zone": 3, "color": "#e74c3c", "city": "Hyderabad"}}, {"type": "Feature", "geometry": {"type": "Point", "coordinates": [78.54191456388374, 17.509261587930215]}, "properties": {"lst": 36.68, "ndvi": 0.287, "ndbi": -0.025, "risk": "High", "heat_zone": 2, "color": "#e67e22", "city": "Hyderabad"}}, {"type": "Feature", "geometry": {"type": "Point", "coordinates": [78.5276200158998, 17.45060010268816]}, "properties": {"lst": 36.73, "ndvi": 0.197, "ndbi": 0.036, "risk": "Critical", "heat_zone": 3, "color": "#e74c3c", "city": "Hyderabad"}}, {"type": "Feature", "geometry": {"type": "Point", "coordinates": [78.37145830212384, 17.336003859722123]}, "properties": {"lst": 38.43, "ndvi": 0.142, "ndbi": 0.064, "risk": "Critical", "heat_zone": 3, "color": "#e74c3c", "city": "Hyderabad"}}, {"type": "Feature", "geometry": {"type": "Point", "coordinates": [78.43505465819817, 17.33555494723206]}, "properties": {"lst": 38.85, "ndvi": 0.371, "ndbi": 0.043, "risk": "High", "heat_zone": 2, "color": "#e67e22", "city": "Hyderabad"}}, {"type": "Feature", "geometry": {"type": "Point", "coordinates": [78.49277878306287, 17.348101406087896]}, "properties": {"lst": 37.25, "ndvi": 0.18, "ndbi": 0.047, "risk": "Critical", "heat_zone": 3, "color": "#e74c3c", "city": "Hyderabad"}}, {"type": "Feature", "geometry": {"type": "Point", "coordinates": [78.45628253715185, 17.45803360886927]}, "properties": {"lst": 42.07, "ndvi": 0.257, "ndbi": 0.091, "risk": "Critical", "heat_zone": 3, "color": "#e74c3c", "city": "Hyderabad"}}, {"type": "Feature", "geometry": {"type": "Point", "coordinates": [78.39232789574476, 17.474242956133327]}, "properties": {"lst": 34.24, "ndvi": 0.264, "ndbi": -0.074, "risk": "High", "heat_zone": 2, "color": "#e67e22", "city": "Hyderabad"}}, {"type": "Feature", "geometry": {"type": "Point", "coordinates": [78.46683654480368, 17.439797342782636]}, "properties": {"lst": 37.65, "ndvi": 0.221, "ndbi": 0.021, "risk": "Critical", "heat_zone": 3, "color": "#e74c3c", "city": "Hyderabad"}}, {"type": "Feature", "geometry": {"type": "Point", "coordinates": [78.49960370016069, 17.360583915276276]}, "properties": {"lst": 37.5, "ndvi": 0.203, "ndbi": 0.037, "risk": "Critical", "heat_zone": 3, "color": "#e74c3c", "city": "Hyderabad"}}, {"type": "Feature", "geometry": {"type": "Point", "coordinates": [78.55409493561318, 17.54797914652527]}, "properties": {"lst": 31.23, "ndvi": 0.503, "ndbi": -0.181, "risk": "Moderate", "heat_zone": 1, "color": "#f1c40f", "city": "Hyderabad"}}, {"type": "Feature", "geometry": {"type": "Point", "coordinates": [78.43735408943067, 17.340026298648215]}, "properties": {"lst": 37.62, "ndvi": 0.3, "ndbi": 0.051, "risk": "Critical", "heat_zone": 3, "color": "#e74c3c", "city": "Hyderabad"}}, {"type": "Feature", "geometry": {"type": "Point", "coordinates": [78.43776663091936, 17.47693712970763]}, "properties": {"lst": 34.07, "ndvi": 0.557, "ndbi": -0.105, "risk": "Moderate", "heat_zone": 1, "color": "#f1c40f", "city": "Hyderabad"}}, {"type": "Feature", "geometry": {"type": "Point", "coordinates": [78.4878229664204, 17.40400110148623]}, "properties": {"lst": 36.14, "ndvi": 0.239, "ndbi": 0.024, "risk": "Critical", "heat_zone": 3, "color": "#e74c3c", "city": "Hyderabad"}}, {"type": "Feature", "geometry": {"type": "Point", "coordinates": [78.36674283398567, 17.445018567518744]}, "properties": {"lst": 34.61, "ndvi": 0.345, "ndbi": -0.101, "risk": "High", "heat_zone": 2, "color": "#e67e22", "city": "Hyderabad"}}, {"type": "Feature", "geometry": {"type": "Point", "coordinates": [78.59222775020633, 17.451467906034807]}, "properties": {"lst": 39.12, "ndvi": 0.444, "ndbi": 0.001, "risk": "High", "heat_zone": 2, "color": "#e67e22", "city": "Hyderabad"}}, {"type": "Feature", "geometry": {"type": "Point", "coordinates": [78.56273148080085, 17.360980635088744]}, "properties": {"lst": 36.82, "ndvi": 0.284, "ndbi": -0.072, "risk": "High", "heat_zone": 2, "color": "#e67e22", "city": "Hyderabad"}}, {"type": "Feature", "geometry": {"type": "Point", "coordinates": [78.42369068729226, 17.45561511192805]}, "properties": {"lst": 35.13, "ndvi": 0.168, "ndbi": -0.007, "risk": "Critical", "heat_zone": 3, "color": "#e74c3c", "city": "Hyderabad"}}, {"type": "Feature", "geometry": {"type": "Point", "coordinates": [78.44938684738551, 17.4931286093501]}, "properties": {"lst": 36.7, "ndvi": 0.486, "ndbi": -0.071, "risk": "High", "heat_zone": 2, "color": "#e67e22", "city": "Hyderabad"}}, {"type": "Feature", "geometry": {"type": "Point", "coordinates": [78.48222579800317, 17.543058008291283]}, "properties": {"lst": 38.72, "ndvi": 0.359, "ndbi": -0.023, "risk": "High", "heat_zone": 2, "color": "#e67e22", "city": "Hyderabad"}}, {"type": "Feature", "geometry": {"type": "Point", "coordinates": [78.55979875854845, 17.35954989235824]}, "properties": {"lst": 36.67, "ndvi": 0.18, "ndbi": 0.008, "risk": "Critical", "heat_zone": 3, "color": "#e74c3c", "city": "Hyderabad"}}, {"type": "Feature", "geometry": {"type": "Point", "coordinates": [78.49716027297885, 17.432245095012842]}, "properties": {"lst": 37.81, "ndvi": 0.277, "ndbi": -0.063, "risk": "High", "heat_zone": 2, "color": "#e67e22", "city": "Hyderabad"}}, {"type": "Feature", "geometry": {"type": "Point", "coordinates": [78.37591497509825, 17.47250308997481]}, "properties": {"lst": 41.38, "ndvi": 0.209, "ndbi": 0.08, "risk": "Critical", "heat_zone": 3, "color": "#e74c3c", "city": "Hyderabad"}}, {"type": "Feature", "geometry": {"type": "Point", "coordinates": [78.37442218282345, 17.33887441404913]}, "properties": {"lst": 37.14, "ndvi": 0.248, "ndbi": 0.042, "risk": "Critical", "heat_zone": 3, "color": "#e74c3c", "city": "Hyderabad"}}, {"type": "Feature", "geometry": {"type": "Point", "coordinates": [78.30026172340813, 17.540950550942515]}, "properties": {"lst": 45.06, "ndvi": 0.296, "ndbi": 0.141, "risk": "Critical", "heat_zone": 3, "color": "#e74c3c", "city": "Hyderabad"}}, {"type": "Feature", "geometry": {"type": "Point", "coordinates": [78.58656595235688, 17.474856726299663]}, "properties": {"lst": 38.66, "ndvi": 0.336, "ndbi": 0.102, "risk": "Critical", "heat_zone": 3, "color": "#e74c3c", "city": "Hyderabad"}}, {"type": "Feature", "geometry": {"type": "Point", "coordinates": [78.40751905585421, 17.324606682769733]}, "properties": {"lst": 36.82, "ndvi": 0.595, "ndbi": -0.194, "risk": "Moderate", "heat_zone": 1, "color": "#f1c40f", "city": "Hyderabad"}}, {"type": "Feature", "geometry": {"type": "Point", "coordinates": [78.51981327885295, 17.451468503839628]}, "properties": {"lst": 35.42, "ndvi": 0.328, "ndbi": -0.089, "risk": "High", "heat_zone": 2, "color": "#e67e22", "city": "Hyderabad"}}, {"type": "Feature", "geometry": {"type": "Point", "coordinates": [78.55557408002156, 17.541905754942544]}, "properties": {"lst": 36.79, "ndvi": 0.42, "ndbi": 0.068, "risk": "High", "heat_zone": 2, "color": "#e67e22", "city": "Hyderabad"}}, {"type": "Feature", "geometry": {"type": "Point", "coordinates": [78.44134370313823, 17.526929987732505]}, "properties": {"lst": 39.01, "ndvi": 0.34, "ndbi": -0.019, "risk": "High", "heat_zone": 2, "color": "#e67e22", "city": "Hyderabad"}}, {"type": "Feature", "geometry": {"type": "Point", "coordinates": [78.51312794804103, 17.328994143588872]}, "properties": {"lst": 36.88, "ndvi": 0.296, "ndbi": -0.024, "risk": "High", "heat_zone": 2, "color": "#e67e22", "city": "Hyderabad"}}, {"type": "Feature", "geometry": {"type": "Point", "coordinates": [78.42738146141723, 17.520031438463114]}, "properties": {"lst": 37.05, "ndvi": 0.201, "ndbi": 0.003, "risk": "Critical", "heat_zone": 3, "color": "#e74c3c", "city": "Hyderabad"}}, {"type": "Feature", "geometry": {"type": "Point", "coordinates": [78.3922306149496, 17.497775683973355]}, "properties": {"lst": 36.44, "ndvi": 0.29, "ndbi": -0.025, "risk": "High", "heat_zone": 2, "color": "#e67e22", "city": "Hyderabad"}}, {"type": "Feature", "geometry": {"type": "Point", "coordinates": [78.3703485452468, 17.410808010758206]}, "properties": {"lst": 38.11, "ndvi": 0.245, "ndbi": 0.021, "risk": "Critical", "heat_zone": 3, "color": "#e74c3c", "city": "Hyderabad"}}, {"type": "Feature", "geometry": {"type": "Point", "coordinates": [78.33139889223773, 17.45276299042048]}, "properties": {"lst": 35.24, "ndvi": 0.543, "ndbi": -0.08, "risk": "Moderate", "heat_zone": 1, "color": "#f1c40f", "city": "Hyderabad"}}, {"type": "Feature", "geometry": {"type": "Point", "coordinates": [78.32781754192916, 17.53909783202137]}, "properties": {"lst": 43.39, "ndvi": 0.25, "ndbi": 0.141, "risk": "Critical", "heat_zone": 3, "color": "#e74c3c", "city": "Hyderabad"}}, {"type": "Feature", "geometry": {"type": "Point", "coordinates": [78.35864739625924, 17.396047538815953]}, "properties": {"lst": 35.89, "ndvi": 0.089, "ndbi": 0.061, "risk": "Critical", "heat_zone": 3, "color": "#e74c3c", "city": "Hyderabad"}}, {"type": "Feature", "geometry": {"type": "Point", "coordinates": [78.52960548281187, 17.346586785950503]}, "properties": {"lst": 39.33, "ndvi": 0.159, "ndbi": 0.038, "risk": "Critical", "heat_zone": 3, "color": "#e74c3c", "city": "Hyderabad"}}, {"type": "Feature", "geometry": {"type": "Point", "coordinates": [78.57671228643103, 17.47831118490242]}, "properties": {"lst": 37.41, "ndvi": 0.24, "ndbi": -0.006, "risk": "Critical", "heat_zone": 3, "color": "#e74c3c", "city": "Hyderabad"}}, {"type": "Feature", "geometry": {"type": "Point", "coordinates": [78.43145574347146, 17.320266503654523]}, "properties": {"lst": 38.11, "ndvi": 0.434, "ndbi": 0.005, "risk": "High", "heat_zone": 2, "color": "#e67e22", "city": "Hyderabad"}}, {"type": "Feature", "geometry": {"type": "Point", "coordinates": [78.32667774255997, 17.481552468610488]}, "properties": {"lst": 37.35, "ndvi": 0.229, "ndbi": 0.046, "risk": "Critical", "heat_zone": 3, "color": "#e74c3c", "city": "Hyderabad"}}, {"type": "Feature", "geometry": {"type": "Point", "coordinates": [78.5011414386823, 17.372618419881796]}, "properties": {"lst": 36.98, "ndvi": 0.131, "ndbi": 0.056, "risk": "Critical", "heat_zone": 3, "color": "#e74c3c", "city": "Hyderabad"}}, {"type": "Feature", "geometry": {"type": "Point", "coordinates": [78.46837576481403, 17.527415150380016]}, "properties": {"lst": 28.29, "ndvi": 0.856, "ndbi": -0.499, "risk": "Moderate", "heat_zone": 1, "color": "#f1c40f", "city": "Hyderabad"}}, {"type": "Feature", "geometry": {"type": "Point", "coordinates": [78.54013894509852, 17.38666815418267]}, "properties": {"lst": 37.82, "ndvi": 0.197, "ndbi": 0.017, "risk": "Critical", "heat_zone": 3, "color": "#e74c3c", "city": "Hyderabad"}}, {"type": "Feature", "geometry": {"type": "Point", "coordinates": [78.4335987918128, 17.356544690297362]}, "properties": {"lst": 37.06, "ndvi": 0.193, "ndbi": 0.023, "risk": "Critical", "heat_zone": 3, "color": "#e74c3c", "city": "Hyderabad"}}, {"type": "Feature", "geometry": {"type": "Point", "coordinates": [78.46263590918859, 17.328341388198748]}, "properties": {"lst": 39.94, "ndvi": 0.177, "ndbi": 0.079, "risk": "Critical", "heat_zone": 3, "color": "#e74c3c", "city": "Hyderabad"}}, {"type": "Feature", "geometry": {"type": "Point", "coordinates": [78.56980788425882, 17.4191117239486]}, "properties": {"lst": 36.71, "ndvi": 0.157, "ndbi": 0.023, "risk": "Critical", "heat_zone": 3, "color": "#e74c3c", "city": "Hyderabad"}}, {"type": "Feature", "geometry": {"type": "Point", "coordinates": [78.44082918391122, 17.33616211369672]}, "properties": {"lst": 38.07, "ndvi": 0.412, "ndbi": 0.011, "risk": "High", "heat_zone": 2, "color": "#e67e22", "city": "Hyderabad"}}, {"type": "Feature", "geometry": {"type": "Point", "coordinates": [78.39489303299568, 17.540760346920077]}, "properties": {"lst": 38.3, "ndvi": 0.264, "ndbi": 0.012, "risk": "Critical", "heat_zone": 3, "color": "#e74c3c", "city": "Hyderabad"}}, {"type": "Feature", "geometry": {"type": "Point", "coordinates": [78.34522195864827, 17.381366684178843]}, "properties": {"lst": 37.42, "ndvi": 0.206, "ndbi": 0.018, "risk": "Critical", "heat_zone": 3, "color": "#e74c3c", "city": "Hyderabad"}}, {"type": "Feature", "geometry": {"type": "Point", "coordinates": [78.32563445025625, 17.52580981641141]}, "properties": {"lst": 30.58, "ndvi": 0.059, "ndbi": -0.214, "risk": "Low", "heat_zone": 0, "color": "#2ecc71", "city": "Hyderabad"}}, {"type": "Feature", "geometry": {"type": "Point", "coordinates": [78.54145482629242, 17.457936035904044]}, "properties": {"lst": 36.89, "ndvi": 0.215, "ndbi": 0.014, "risk": "Critical", "heat_zone": 3, "color": "#e74c3c", "city": "Hyderabad"}}, {"type": "Feature", "geometry": {"type": "Point", "coordinates": [78.4914936021163, 17.412257140092247]}, "properties": {"lst": 35.43, "ndvi": 0.317, "ndbi": -0.052, "risk": "High", "heat_zone": 2, "color": "#e67e22", "city": "Hyderabad"}}, {"type": "Feature", "geometry": {"type": "Point", "coordinates": [78.57369509690558, 17.529138198069905]}, "properties": {"lst": 39.03, "ndvi": 0.491, "ndbi": 0.018, "risk": "High", "heat_zone": 2, "color": "#e67e22", "city": "Hyderabad"}}, {"type": "Feature", "geometry": {"type": "Point", "coordinates": [78.54149564897438, 17.44431918343106]}, "properties": {"lst": 36.33, "ndvi": 0.138, "ndbi": 0.028, "risk": "Critical", "heat_zone": 3, "color": "#e74c3c", "city": "Hyderabad"}}, {"type": "Feature", "geometry": {"type": "Point", "coordinates": [78.52790700477675, 17.5157883555952]}, "properties": {"lst": 37.04, "ndvi": 0.551, "ndbi": -0.098, "risk": "Moderate", "heat_zone": 1, "color": "#f1c40f", "city": "Hyderabad"}}, {"type": "Feature", "geometry": {"type": "Point", "coordinates": [78.51028373421475, 17.42712864767289]}, "properties": {"lst": 35.65, "ndvi": 0.207, "ndbi": 0.019, "risk": "Critical", "heat_zone": 3, "color": "#e74c3c", "city": "Hyderabad"}}, {"type": "Feature", "geometry": {"type": "Point", "coordinates": [78.38380920004742, 17.355264478673178]}, "properties": {"lst": 37.18, "ndvi": 0.104, "ndbi": 0.044, "risk": "Critical", "heat_zone": 3, "color": "#e74c3c", "city": "Hyderabad"}}, {"type": "Feature", "geometry": {"type": "Point", "coordinates": [78.50464519182498, 17.435961980766848]}, "properties": {"lst": 36.97, "ndvi": 0.163, "ndbi": 0.071, "risk": "Critical", "heat_zone": 3, "color": "#e74c3c", "city": "Hyderabad"}}, {"type": "Feature", "geometry": {"type": "Point", "coordinates": [78.58771644952202, 17.443497280762646]}, "properties": {"lst": 43.75, "ndvi": 0.275, "ndbi": 0.136, "risk": "Critical", "heat_zone": 3, "color": "#e74c3c", "city": "Hyderabad"}}, {"type": "Feature", "geometry": {"type": "Point", "coordinates": [78.30488325811888, 17.31196472575812]}, "properties": {"lst": 38.62, "ndvi": 0.363, "ndbi": 0.006, "risk": "High", "heat_zone": 2, "color": "#e67e22", "city": "Hyderabad"}}, {"type": "Feature", "geometry": {"type": "Point", "coordinates": [78.52632110095963, 17.344021714679727]}, "properties": {"lst": 36.22, "ndvi": 0.268, "ndbi": -0.049, "risk": "High", "heat_zone": 2, "color": "#e67e22", "city": "Hyderabad"}}, {"type": "Feature", "geometry": {"type": "Point", "coordinates": [78.5650644746806, 17.310344391177097]}, "properties": {"lst": 40.17, "ndvi": 0.217, "ndbi": 0.02, "risk": "Critical", "heat_zone": 3, "color": "#e74c3c", "city": "Hyderabad"}}, {"type": "Feature", "geometry": {"type": "Point", "coordinates": [78.44029181790685, 17.3829308305363]}, "properties": {"lst": 35.05, "ndvi": 0.266, "ndbi": -0.034, "risk": "High", "heat_zone": 2, "color": "#e67e22", "city": "Hyderabad"}}, {"type": "Feature", "geometry": {"type": "Point", "coordinates": [78.52254472201687, 17.372624607701038]}, "properties": {"lst": 35.91, "ndvi": 0.223, "ndbi": -0.012, "risk": "Critical", "heat_zone": 3, "color": "#e74c3c", "city": "Hyderabad"}}, {"type": "Feature", "geometry": {"type": "Point", "coordinates": [78.54848063229572, 17.421929885520118]}, "properties": {"lst": 35.98, "ndvi": 0.272, "ndbi": -0.024, "risk": "High", "heat_zone": 2, "color": "#e67e22", "city": "Hyderabad"}}, {"type": "Feature", "geometry": {"type": "Point", "coordinates": [78.3195202065845, 17.360818311201832]}, "properties": {"lst": 37.49, "ndvi": 0.364, "ndbi": 0.06, "risk": "High", "heat_zone": 2, "color": "#e67e22", "city": "Hyderabad"}}, {"type": "Feature", "geometry": {"type": "Point", "coordinates": [78.58097640787653, 17.52380780988522]}, "properties": {"lst": 41.61, "ndvi": 0.307, "ndbi": 0.053, "risk": "Critical", "heat_zone": 3, "color": "#e74c3c", "city": "Hyderabad"}}, {"type": "Feature", "geometry": {"type": "Point", "coordinates": [78.47782557673126, 17.537341069789058]}, "properties": {"lst": 34.94, "ndvi": 0.19, "ndbi": 0.092, "risk": "Critical", "heat_zone": 3, "color": "#e74c3c", "city": "Hyderabad"}}, {"type": "Feature", "geometry": {"type": "Point", "coordinates": [78.46800217248408, 17.376511488377307]}, "properties": {"lst": 36.48, "ndvi": 0.112, "ndbi": 0.032, "risk": "Critical", "heat_zone": 3, "color": "#e74c3c", "city": "Hyderabad"}}, {"type": "Feature", "geometry": {"type": "Point", "coordinates": [78.48411065985492, 17.43818387696924]}, "properties": {"lst": 35.62, "ndvi": 0.2, "ndbi": 0.019, "risk": "Critical", "heat_zone": 3, "color": "#e74c3c", "city": "Hyderabad"}}, {"type": "Feature", "geometry": {"type": "Point", "coordinates": [78.46675019845976, 17.349892753756095]}, "properties": {"lst": 38.47, "ndvi": 0.15, "ndbi": 0.094, "risk": "Critical", "heat_zone": 3, "color": "#e74c3c", "city": "Hyderabad"}}, {"type": "Feature", "geometry": {"type": "Point", "coordinates": [78.53236822342653, 17.322902528525002]}, "properties": {"lst": 36.69, "ndvi": 0.246, "ndbi": -0.009, "risk": "Critical", "heat_zone": 3, "color": "#e74c3c", "city": "Hyderabad"}}, {"type": "Feature", "geometry": {"type": "Point", "coordinates": [78.33656753762101, 17.348833023323916]}, "properties": {"lst": 40.73, "ndvi": 0.327, "ndbi": 0.099, "risk": "Critical", "heat_zone": 3, "color": "#e74c3c", "city": "Hyderabad"}}, {"type": "Feature", "geometry": {"type": "Point", "coordinates": [78.59785851744628, 17.394591568789316]}, "properties": {"lst": 36.47, "ndvi": 0.322, "ndbi": -0.06, "risk": "High", "heat_zone": 2, "color": "#e67e22", "city": "Hyderabad"}}, {"type": "Feature", "geometry": {"type": "Point", "coordinates": [78.44323139022598, 17.482904575533674]}, "properties": {"lst": 37.12, "ndvi": 0.522, "ndbi": -0.105, "risk": "Moderate", "heat_zone": 1, "color": "#f1c40f", "city": "Hyderabad"}}, {"type": "Feature", "geometry": {"type": "Point", "coordinates": [78.48688357630547, 17.451600181580268]}, "properties": {"lst": 40.45, "ndvi": 0.157, "ndbi": 0.068, "risk": "Critical", "heat_zone": 3, "color": "#e74c3c", "city": "Hyderabad"}}, {"type": "Feature", "geometry": {"type": "Point", "coordinates": [78.48969524917042, 17.37499907942342]}, "properties": {"lst": 37.81, "ndvi": 0.234, "ndbi": 0.038, "risk": "Critical", "heat_zone": 3, "color": "#e74c3c", "city": "Hyderabad"}}, {"type": "Feature", "geometry": {"type": "Point", "coordinates": [78.51549742874403, 17.40192603427776]}, "properties": {"lst": 37.75, "ndvi": 0.518, "ndbi": -0.129, "risk": "Moderate", "heat_zone": 1, "color": "#f1c40f", "city": "Hyderabad"}}, {"type": "Feature", "geometry": {"type": "Point", "coordinates": [78.4827340449657, 17.534652062122728]}, "properties": {"lst": 37.88, "ndvi": 0.311, "ndbi": 0.011, "risk": "Critical", "heat_zone": 3, "color": "#e74c3c", "city": "Hyderabad"}}, {"type": "Feature", "geometry": {"type": "Point", "coordinates": [78.5510513148854, 17.374146977430016]}, "properties": {"lst": 37.56, "ndvi": 0.192, "ndbi": 0.056, "risk": "Critical", "heat_zone": 3, "color": "#e74c3c", "city": "Hyderabad"}}, {"type": "Feature", "geometry": {"type": "Point", "coordinates": [78.36441094171079, 17.48687550402966]}, "properties": {"lst": 40.56, "ndvi": 0.293, "ndbi": 0.07, "risk": "Critical", "heat_zone": 3, "color": "#e74c3c", "city": "Hyderabad"}}, {"type": "Feature", "geometry": {"type": "Point", "coordinates": [78.36016826861365, 17.41296627203745]}, "properties": {"lst": 37.42, "ndvi": 0.314, "ndbi": 0.067, "risk": "Critical", "heat_zone": 3, "color": "#e74c3c", "city": "Hyderabad"}}, {"type": "Feature", "geometry": {"type": "Point", "coordinates": [78.5536323666796, 17.474489696424357]}, "properties": {"lst": 35.62, "ndvi": 0.302, "ndbi": -0.056, "risk": "High", "heat_zone": 2, "color": "#e67e22", "city": "Hyderabad"}}, {"type": "Feature", "geometry": {"type": "Point", "coordinates": [78.46571205469142, 17.531124654463348]}, "properties": {"lst": 40.53, "ndvi": 0.359, "ndbi": 0.089, "risk": "Critical", "heat_zone": 3, "color": "#e74c3c", "city": "Hyderabad"}}, {"type": "Feature", "geometry": {"type": "Point", "coordinates": [78.38288892576826, 17.445826050222216]}, "properties": {"lst": 36.54, "ndvi": 0.352, "ndbi": -0.045, "risk": "High", "heat_zone": 2, "color": "#e67e22", "city": "Hyderabad"}}, {"type": "Feature", "geometry": {"type": "Point", "coordinates": [78.53785182246402, 17.31539058702775]}, "properties": {"lst": 37.37, "ndvi": 0.266, "ndbi": -0.002, "risk": "Critical", "heat_zone": 3, "color": "#e74c3c", "city": "Hyderabad"}}, {"type": "Feature", "geometry": {"type": "Point", "coordinates": [78.57119011467732, 17.319468702268956]}, "properties": {"lst": 35.85, "ndvi": 0.336, "ndbi": -0.052, "risk": "High", "heat_zone": 2, "color": "#e67e22", "city": "Hyderabad"}}, {"type": "Feature", "geometry": {"type": "Point", "coordinates": [78.32370539138087, 17.33165082552907]}, "properties": {"lst": 41.24, "ndvi": 0.374, "ndbi": 0.114, "risk": "Critical", "heat_zone": 3, "color": "#e74c3c", "city": "Hyderabad"}}, {"type": "Feature", "geometry": {"type": "Point", "coordinates": [78.57761009470225, 17.32435023524236]}, "properties": {"lst": 37.99, "ndvi": 0.34, "ndbi": -0.005, "risk": "High", "heat_zone": 2, "color": "#e67e22", "city": "Hyderabad"}}, {"type": "Feature", "geometry": {"type": "Point", "coordinates": [78.48397466775923, 17.439521966967572]}, "properties": {"lst": 36.74, "ndvi": 0.25, "ndbi": 0.024, "risk": "Critical", "heat_zone": 3, "color": "#e74c3c", "city": "Hyderabad"}}, {"type": "Feature", "geometry": {"type": "Point", "coordinates": [78.44410094884915, 17.418356148116438]}, "properties": {"lst": 35.26, "ndvi": 0.354, "ndbi": -0.112, "risk": "High", "heat_zone": 2, "color": "#e67e22", "city": "Hyderabad"}}, {"type": "Feature", "geometry": {"type": "Point", "coordinates": [78.32753998096487, 17.52771195142416]}, "properties": {"lst": 36.24, "ndvi": 0.184, "ndbi": 0.025, "risk": "Critical", "heat_zone": 3, "color": "#e74c3c", "city": "Hyderabad"}}, {"type": "Feature", "geometry": {"type": "Point", "coordinates": [78.3974239934931, 17.43043441280436]}, "properties": {"lst": 35.67, "ndvi": 0.366, "ndbi": -0.082, "risk": "High", "heat_zone": 2, "color": "#e67e22", "city": "Hyderabad"}}, {"type": "Feature", "geometry": {"type": "Point", "coordinates": [78.42625075507488, 17.498168829107552]}, "properties": {"lst": 37.4, "ndvi": 0.174, "ndbi": 0.079, "risk": "Critical", "heat_zone": 3, "color": "#e74c3c", "city": "Hyderabad"}}, {"type": "Feature", "geometry": {"type": "Point", "coordinates": [78.49680206860484, 17.32441382466225]}, "properties": {"lst": 39.05, "ndvi": 0.26, "ndbi": 0.084, "risk": "Critical", "heat_zone": 3, "color": "#e74c3c", "city": "Hyderabad"}}, {"type": "Feature", "geometry": {"type": "Point", "coordinates": [78.35275319506881, 17.494906250035584]}, "properties": {"lst": 38.05, "ndvi": 0.319, "ndbi": 0.001, "risk": "High", "heat_zone": 2, "color": "#e67e22", "city": "Hyderabad"}}, {"type": "Feature", "geometry": {"type": "Point", "coordinates": [78.56045967405112, 17.419055379512674]}, "properties": {"lst": 35.59, "ndvi": 0.459, "ndbi": -0.1, "risk": "High", "heat_zone": 2, "color": "#e67e22", "city": "Hyderabad"}}, {"type": "Feature", "geometry": {"type": "Point", "coordinates": [78.55042688788446, 17.458716288112758]}, "properties": {"lst": 36.13, "ndvi": 0.338, "ndbi": -0.036, "risk": "High", "heat_zone": 2, "color": "#e67e22", "city": "Hyderabad"}}, {"type": "Feature", "geometry": {"type": "Point", "coordinates": [78.59133961716897, 17.54379595492922]}, "properties": {"lst": 39.11, "ndvi": 0.365, "ndbi": 0.12, "risk": "Critical", "heat_zone": 3, "color": "#e74c3c", "city": "Hyderabad"}}, {"type": "Feature", "geometry": {"type": "Point", "coordinates": [78.46339840102802, 17.52836450518674]}, "properties": {"lst": 30.87, "ndvi": 0.804, "ndbi": -0.464, "risk": "Moderate", "heat_zone": 1, "color": "#f1c40f", "city": "Hyderabad"}}, {"type": "Feature", "geometry": {"type": "Point", "coordinates": [78.37908739489613, 17.53377685928343]}, "properties": {"lst": 34.82, "ndvi": 0.301, "ndbi": -0.096, "risk": "High", "heat_zone": 2, "color": "#e67e22", "city": "Hyderabad"}}, {"type": "Feature", "geometry": {"type": "Point", "coordinates": [78.34317540730646, 17.335745578476207]}, "properties": {"lst": 37.04, "ndvi": 0.643, "ndbi": -0.222, "risk": "Moderate", "heat_zone": 1, "color": "#f1c40f", "city": "Hyderabad"}}, {"type": "Feature", "geometry": {"type": "Point", "coordinates": [78.43882762142914, 17.417781020696697]}, "properties": {"lst": 37.1, "ndvi": 0.13, "ndbi": 0.041, "risk": "Critical", "heat_zone": 3, "color": "#e74c3c", "city": "Hyderabad"}}, {"type": "Feature", "geometry": {"type": "Point", "coordinates": [78.44342385135968, 17.34283856648723]}, "properties": {"lst": 27.4, "ndvi": -0.002, "ndbi": -0.429, "risk": "Low", "heat_zone": 0, "color": "#2ecc71", "city": "Hyderabad"}}, {"type": "Feature", "geometry": {"type": "Point", "coordinates": [78.4543901027378, 17.39738518138126]}, "properties": {"lst": 35.6, "ndvi": 0.459, "ndbi": -0.111, "risk": "High", "heat_zone": 2, "color": "#e67e22", "city": "Hyderabad"}}, {"type": "Feature", "geometry": {"type": "Point", "coordinates": [78.54531967663658, 17.42552050344237]}, "properties": {"lst": 35.89, "ndvi": 0.157, "ndbi": 0.043, "risk": "Critical", "heat_zone": 3, "color": "#e74c3c", "city": "Hyderabad"}}, {"type": "Feature", "geometry": {"type": "Point", "coordinates": [78.4948537712278, 17.39155450607956]}, "properties": {"lst": 36.35, "ndvi": 0.159, "ndbi": 0.03, "risk": "Critical", "heat_zone": 3, "color": "#e74c3c", "city": "Hyderabad"}}, {"type": "Feature", "geometry": {"type": "Point", "coordinates": [78.35227801191702, 17.397980804879346]}, "properties": {"lst": 37.1, "ndvi": 0.376, "ndbi": -0.007, "risk": "High", "heat_zone": 2, "color": "#e67e22", "city": "Hyderabad"}}, {"type": "Feature", "geometry": {"type": "Point", "coordinates": [78.56906379585698, 17.409458977024784]}, "properties": {"lst": 36.02, "ndvi": 0.215, "ndbi": -0.033, "risk": "Critical", "heat_zone": 3, "color": "#e74c3c", "city": "Hyderabad"}}, {"type": "Feature", "geometry": {"type": "Point", "coordinates": [78.44302612043724, 17.372016516560468]}, "properties": {"lst": 37.32, "ndvi": 0.168, "ndbi": 0.023, "risk": "Critical", "heat_zone": 3, "color": "#e74c3c", "city": "Hyderabad"}}, {"type": "Feature", "geometry": {"type": "Point", "coordinates": [78.3239701075387, 17.499873240172146]}, "properties": {"lst": 36.28, "ndvi": 0.136, "ndbi": 0.031, "risk": "Critical", "heat_zone": 3, "color": "#e74c3c", "city": "Hyderabad"}}, {"type": "Feature", "geometry": {"type": "Point", "coordinates": [78.59859862189683, 17.483566004229232]}, "properties": {"lst": 37.66, "ndvi": 0.325, "ndbi": -0.001, "risk": "High", "heat_zone": 2, "color": "#e67e22", "city": "Hyderabad"}}, {"type": "Feature", "geometry": {"type": "Point", "coordinates": [78.47262292182452, 17.436252065661584]}, "properties": {"lst": 33.89, "ndvi": 0.766, "ndbi": -0.385, "risk": "Moderate", "heat_zone": 1, "color": "#f1c40f", "city": "Hyderabad"}}, {"type": "Feature", "geometry": {"type": "Point", "coordinates": [78.57948046456889, 17.489725875819456]}, "properties": {"lst": 37.79, "ndvi": 0.311, "ndbi": -0.083, "risk": "High", "heat_zone": 2, "color": "#e67e22", "city": "Hyderabad"}}, {"type": "Feature", "geometry": {"type": "Point", "coordinates": [78.39966910918852, 17.45562268242357]}, "properties": {"lst": 37.54, "ndvi": 0.143, "ndbi": 0.061, "risk": "Critical", "heat_zone": 3, "color": "#e74c3c", "city": "Hyderabad"}}, {"type": "Feature", "geometry": {"type": "Point", "coordinates": [78.4175140136065, 17.418367676544424]}, "properties": {"lst": 33.13, "ndvi": 0.522, "ndbi": -0.247, "risk": "Moderate", "heat_zone": 1, "color": "#f1c40f", "city": "Hyderabad"}}, {"type": "Feature", "geometry": {"type": "Point", "coordinates": [78.44311749461967, 17.463755864883222]}, "properties": {"lst": 40.61, "ndvi": 0.22, "ndbi": 0.082, "risk": "Critical", "heat_zone": 3, "color": "#e74c3c", "city": "Hyderabad"}}, {"type": "Feature", "geometry": {"type": "Point", "coordinates": [78.5646375724625, 17.545029443509197]}, "properties": {"lst": 41.34, "ndvi": 0.304, "ndbi": 0.168, "risk": "Critical", "heat_zone": 3, "color": "#e74c3c", "city": "Hyderabad"}}, {"type": "Feature", "geometry": {"type": "Point", "coordinates": [78.5399128382032, 17.371256571526995]}, "properties": {"lst": 37.85, "ndvi": 0.278, "ndbi": 0.021, "risk": "Critical", "heat_zone": 3, "color": "#e74c3c", "city": "Hyderabad"}}, {"type": "Feature", "geometry": {"type": "Point", "coordinates": [78.3459562747295, 17.35115713508111]}, "properties": {"lst": 38.08, "ndvi": 0.292, "ndbi": 0.079, "risk": "Critical", "heat_zone": 3, "color": "#e74c3c", "city": "Hyderabad"}}, {"type": "Feature", "geometry": {"type": "Point", "coordinates": [78.55803860181098, 17.4526906423952]}, "properties": {"lst": 38.4, "ndvi": 0.546, "ndbi": -0.104, "risk": "Moderate", "heat_zone": 1, "color": "#f1c40f", "city": "Hyderabad"}}, {"type": "Feature", "geometry": {"type": "Point", "coordinates": [78.49265639549773, 17.445011828503077]}, "properties": {"lst": 42.04, "ndvi": 0.219, "ndbi": 0.127, "risk": "Critical", "heat_zone": 3, "color": "#e74c3c", "city": "Hyderabad"}}, {"type": "Feature", "geometry": {"type": "Point", "coordinates": [78.57264827447965, 17.49579216889551]}, "properties": {"lst": 38.44, "ndvi": 0.319, "ndbi": -0.004, "risk": "High", "heat_zone": 2, "color": "#e67e22", "city": "Hyderabad"}}, {"type": "Feature", "geometry": {"type": "Point", "coordinates": [78.47898138015675, 17.485801528403965]}, "properties": {"lst": 36.56, "ndvi": 0.439, "ndbi": -0.06, "risk": "High", "heat_zone": 2, "color": "#e67e22", "city": "Hyderabad"}}, {"type": "Feature", "geometry": {"type": "Point", "coordinates": [78.40093657123741, 17.477705393021854]}, "properties": {"lst": 38.13, "ndvi": 0.368, "ndbi": 0.085, "risk": "High", "heat_zone": 2, "color": "#e67e22", "city": "Hyderabad"}}, {"type": "Feature", "geometry": {"type": "Point", "coordinates": [78.48342830731193, 17.317900506430668]}, "properties": {"lst": 37.7, "ndvi": 0.156, "ndbi": 0.084, "risk": "Critical", "heat_zone": 3, "color": "#e74c3c", "city": "Hyderabad"}}, {"type": "Feature", "geometry": {"type": "Point", "coordinates": [78.39697450182611, 17.538937925457606]}, "properties": {"lst": 38.52, "ndvi": 0.452, "ndbi": -0.003, "risk": "High", "heat_zone": 2, "color": "#e67e22", "city": "Hyderabad"}}, {"type": "Feature", "geometry": {"type": "Point", "coordinates": [78.4780813238288, 17.504770322664815]}, "properties": {"lst": 36.25, "ndvi": 0.355, "ndbi": -0.087, "risk": "High", "heat_zone": 2, "color": "#e67e22", "city": "Hyderabad"}}, {"type": "Feature", "geometry": {"type": "Point", "coordinates": [78.39101860907614, 17.374565751668374]}, "properties": {"lst": 44.6, "ndvi": 0.148, "ndbi": 0.121, "risk": "Critical", "heat_zone": 3, "color": "#e74c3c", "city": "Hyderabad"}}, {"type": "Feature", "geometry": {"type": "Point", "coordinates": [78.35692584221785, 17.38674624283255]}, "properties": {"lst": 38.37, "ndvi": 0.143, "ndbi": 0.044, "risk": "Critical", "heat_zone": 3, "color": "#e74c3c", "city": "Hyderabad"}}, {"type": "Feature", "geometry": {"type": "Point", "coordinates": [78.40007237018897, 17.51622519663878]}, "properties": {"lst": 37.89, "ndvi": 0.26, "ndbi": 0.067, "risk": "Critical", "heat_zone": 3, "color": "#e74c3c", "city": "Hyderabad"}}, {"type": "Feature", "geometry": {"type": "Point", "coordinates": [78.3466531751741, 17.54226859951659]}, "properties": {"lst": 39.59, "ndvi": 0.386, "ndbi": -0.099, "risk": "High", "heat_zone": 2, "color": "#e67e22", "city": "Hyderabad"}}, {"type": "Feature", "geometry": {"type": "Point", "coordinates": [78.46040406208832, 17.39625917890232]}, "properties": {"lst": 35.9, "ndvi": 0.29, "ndbi": -0.047, "risk": "High", "heat_zone": 2, "color": "#e67e22", "city": "Hyderabad"}}, {"type": "Feature", "geometry": {"type": "Point", "coordinates": [78.35152723942083, 17.326563953786334]}, "properties": {"lst": 27.04, "ndvi": -0.131, "ndbi": -0.235, "risk": "Low", "heat_zone": 0, "color": "#2ecc71", "city": "Hyderabad"}}, {"type": "Feature", "geometry": {"type": "Point", "coordinates": [78.58191984533438, 17.479351108394166]}, "properties": {"lst": 37.88, "ndvi": 0.489, "ndbi": -0.012, "risk": "High", "heat_zone": 2, "color": "#e67e22", "city": "Hyderabad"}}, {"type": "Feature", "geometry": {"type": "Point", "coordinates": [78.55070155495591, 17.47905879024426]}, "properties": {"lst": 35.98, "ndvi": 0.296, "ndbi": -0.022, "risk": "High", "heat_zone": 2, "color": "#e67e22", "city": "Hyderabad"}}, {"type": "Feature", "geometry": {"type": "Point", "coordinates": [78.36734627217483, 17.338283504125172]}, "properties": {"lst": 38.68, "ndvi": 0.46, "ndbi": -0.079, "risk": "High", "heat_zone": 2, "color": "#e67e22", "city": "Hyderabad"}}, {"type": "Feature", "geometry": {"type": "Point", "coordinates": [78.35340626625805, 17.325370357549904]}, "properties": {"lst": 27.07, "ndvi": -0.14, "ndbi": -0.217, "risk": "Low", "heat_zone": 0, "color": "#2ecc71", "city": "Hyderabad"}}, {"type": "Feature", "geometry": {"type": "Point", "coordinates": [78.34774483573045, 17.454752037626324]}, "properties": {"lst": 33.56, "ndvi": 0.554, "ndbi": -0.09, "risk": "Moderate", "heat_zone": 1, "color": "#f1c40f", "city": "Hyderabad"}}, {"type": "Feature", "geometry": {"type": "Point", "coordinates": [78.45322067705105, 17.397768794275642]}, "properties": {"lst": 35.71, "ndvi": 0.458, "ndbi": -0.133, "risk": "High", "heat_zone": 2, "color": "#e67e22", "city": "Hyderabad"}}, {"type": "Feature", "geometry": {"type": "Point", "coordinates": [78.53489515037404, 17.323995106928788]}, "properties": {"lst": 36.7, "ndvi": 0.234, "ndbi": -0.06, "risk": "Critical", "heat_zone": 3, "color": "#e74c3c", "city": "Hyderabad"}}, {"type": "Feature", "geometry": {"type": "Point", "coordinates": [78.43878170362869, 17.543465910098288]}, "properties": {"lst": 36.23, "ndvi": 0.262, "ndbi": 0.012, "risk": "Critical", "heat_zone": 3, "color": "#e74c3c", "city": "Hyderabad"}}, {"type": "Feature", "geometry": {"type": "Point", "coordinates": [78.34464512881944, 17.49410464461726]}, "properties": {"lst": 36.0, "ndvi": 0.217, "ndbi": -0.006, "risk": "Critical", "heat_zone": 3, "color": "#e74c3c", "city": "Hyderabad"}}, {"type": "Feature", "geometry": {"type": "Point", "coordinates": [78.45585626010988, 17.40341954663972]}, "properties": {"lst": 37.5, "ndvi": 0.258, "ndbi": 0.033, "risk": "Critical", "heat_zone": 3, "color": "#e74c3c", "city": "Hyderabad"}}, {"type": "Feature", "geometry": {"type": "Point", "coordinates": [78.36048218276356, 17.3444394839503]}, "properties": {"lst": 39.2, "ndvi": 0.23, "ndbi": 0.063, "risk": "Critical", "heat_zone": 3, "color": "#e74c3c", "city": "Hyderabad"}}, {"type": "Feature", "geometry": {"type": "Point", "coordinates": [78.54947073697691, 17.49955654026632]}, "properties": {"lst": 36.34, "ndvi": 0.533, "ndbi": -0.075, "risk": "Moderate", "heat_zone": 1, "color": "#f1c40f", "city": "Hyderabad"}}, {"type": "Feature", "geometry": {"type": "Point", "coordinates": [78.42409699586268, 17.44063933060851]}, "properties": {"lst": 36.26, "ndvi": 0.165, "ndbi": 0.023, "risk": "Critical", "heat_zone": 3, "color": "#e74c3c", "city": "Hyderabad"}}, {"type": "Feature", "geometry": {"type": "Point", "coordinates": [78.41562965499686, 17.423154009881696]}, "properties": {"lst": 38.59, "ndvi": 0.258, "ndbi": 0.148, "risk": "Critical", "heat_zone": 3, "color": "#e74c3c", "city": "Hyderabad"}}, {"type": "Feature", "geometry": {"type": "Point", "coordinates": [78.44670947026201, 17.474820160429427]}, "properties": {"lst": 36.34, "ndvi": 0.586, "ndbi": -0.164, "risk": "Moderate", "heat_zone": 1, "color": "#f1c40f", "city": "Hyderabad"}}, {"type": "Feature", "geometry": {"type": "Point", "coordinates": [78.55474502852167, 17.53257174667224]}, "properties": {"lst": 35.8, "ndvi": 0.562, "ndbi": -0.071, "risk": "Moderate", "heat_zone": 1, "color": "#f1c40f", "city": "Hyderabad"}}, {"type": "Feature", "geometry": {"type": "Point", "coordinates": [78.32274156465877, 17.493887128213128]}, "properties": {"lst": 35.85, "ndvi": 0.172, "ndbi": 0.033, "risk": "Critical", "heat_zone": 3, "color": "#e74c3c", "city": "Hyderabad"}}, {"type": "Feature", "geometry": {"type": "Point", "coordinates": [78.46227259001968, 17.484671876127283]}, "properties": {"lst": 37.18, "ndvi": 0.478, "ndbi": -0.018, "risk": "High", "heat_zone": 2, "color": "#e67e22", "city": "Hyderabad"}}, {"type": "Feature", "geometry": {"type": "Point", "coordinates": [78.31355842044042, 17.341203258531934]}, "properties": {"lst": 39.13, "ndvi": 0.471, "ndbi": 0.013, "risk": "High", "heat_zone": 2, "color": "#e67e22", "city": "Hyderabad"}}, {"type": "Feature", "geometry": {"type": "Point", "coordinates": [78.45071528403467, 17.44269707941663]}, "properties": {"lst": 35.79, "ndvi": 0.179, "ndbi": -0.01, "risk": "Critical", "heat_zone": 3, "color": "#e74c3c", "city": "Hyderabad"}}, {"type": "Feature", "geometry": {"type": "Point", "coordinates": [78.59284794076699, 17.43475639313698]}, "properties": {"lst": 38.65, "ndvi": 0.231, "ndbi": 0.029, "risk": "Critical", "heat_zone": 3, "color": "#e74c3c", "city": "Hyderabad"}}, {"type": "Feature", "geometry": {"type": "Point", "coordinates": [78.41730982956358, 17.34238517918022]}, "properties": {"lst": 35.79, "ndvi": 0.523, "ndbi": -0.113, "risk": "Moderate", "heat_zone": 1, "color": "#f1c40f", "city": "Hyderabad"}}, {"type": "Feature", "geometry": {"type": "Point", "coordinates": [78.443649900623, 17.414752029607257]}, "properties": {"lst": 35.55, "ndvi": 0.331, "ndbi": -0.042, "risk": "High", "heat_zone": 2, "color": "#e67e22", "city": "Hyderabad"}}, {"type": "Feature", "geometry": {"type": "Point", "coordinates": [78.51670283876113, 17.515045515722758]}, "properties": {"lst": 35.07, "ndvi": 0.438, "ndbi": -0.127, "risk": "High", "heat_zone": 2, "color": "#e67e22", "city": "Hyderabad"}}, {"type": "Feature", "geometry": {"type": "Point", "coordinates": [78.47210390090892, 17.410964732759087]}, "properties": {"lst": 32.45, "ndvi": 0.299, "ndbi": -0.266, "risk": "Low", "heat_zone": 0, "color": "#2ecc71", "city": "Hyderabad"}}, {"type": "Feature", "geometry": {"type": "Point", "coordinates": [78.58122110869617, 17.355731966427932]}, "properties": {"lst": 34.15, "ndvi": 0.562, "ndbi": -0.121, "risk": "Moderate", "heat_zone": 1, "color": "#f1c40f", "city": "Hyderabad"}}, {"type": "Feature", "geometry": {"type": "Point", "coordinates": [78.47152095019567, 17.5101402589037]}, "properties": {"lst": 38.77, "ndvi": 0.247, "ndbi": 0.105, "risk": "Critical", "heat_zone": 3, "color": "#e74c3c", "city": "Hyderabad"}}, {"type": "Feature", "geometry": {"type": "Point", "coordinates": [78.31846423228885, 17.384664267892834]}, "properties": {"lst": 36.63, "ndvi": 0.184, "ndbi": 0.048, "risk": "Critical", "heat_zone": 3, "color": "#e74c3c", "city": "Hyderabad"}}, {"type": "Feature", "geometry": {"type": "Point", "coordinates": [78.35457869872512, 17.495907691989718]}, "properties": {"lst": 36.67, "ndvi": 0.244, "ndbi": -0.006, "risk": "Critical", "heat_zone": 3, "color": "#e74c3c", "city": "Hyderabad"}}, {"type": "Feature", "geometry": {"type": "Point", "coordinates": [78.36023396939373, 17.52733098722624]}, "properties": {"lst": 34.89, "ndvi": 0.283, "ndbi": -0.085, "risk": "High", "heat_zone": 2, "color": "#e67e22", "city": "Hyderabad"}}, {"type": "Feature", "geometry": {"type": "Point", "coordinates": [78.38120515422486, 17.421001220132585]}, "properties": {"lst": 37.9, "ndvi": 0.22, "ndbi": 0.004, "risk": "Critical", "heat_zone": 3, "color": "#e74c3c", "city": "Hyderabad"}}, {"type": "Feature", "geometry": {"type": "Point", "coordinates": [78.36442555466542, 17.475786934438418]}, "properties": {"lst": 37.54, "ndvi": 0.182, "ndbi": 0.025, "risk": "Critical", "heat_zone": 3, "color": "#e74c3c", "city": "Hyderabad"}}, {"type": "Feature", "geometry": {"type": "Point", "coordinates": [78.49936508922487, 17.487729986122083]}, "properties": {"lst": 35.56, "ndvi": 0.248, "ndbi": -0.019, "risk": "Critical", "heat_zone": 3, "color": "#e74c3c", "city": "Hyderabad"}}, {"type": "Feature", "geometry": {"type": "Point", "coordinates": [78.48985504691281, 17.380581296898644]}, "properties": {"lst": 38.17, "ndvi": 0.292, "ndbi": -0.082, "risk": "High", "heat_zone": 2, "color": "#e67e22", "city": "Hyderabad"}}, {"type": "Feature", "geometry": {"type": "Point", "coordinates": [78.52165325706741, 17.41418774453292]}, "properties": {"lst": 37.63, "ndvi": 0.392, "ndbi": -0.078, "risk": "High", "heat_zone": 2, "color": "#e67e22", "city": "Hyderabad"}}, {"type": "Feature", "geometry": {"type": "Point", "coordinates": [78.38164952187807, 17.325053283912734]}, "properties": {"lst": 38.12, "ndvi": 0.303, "ndbi": 0.102, "risk": "Critical", "heat_zone": 3, "color": "#e74c3c", "city": "Hyderabad"}}, {"type": "Feature", "geometry": {"type": "Point", "coordinates": [78.47594968513306, 17.4393808166388]}, "properties": {"lst": 38.39, "ndvi": 0.345, "ndbi": 0.046, "risk": "High", "heat_zone": 2, "color": "#e67e22", "city": "Hyderabad"}}, {"type": "Feature", "geometry": {"type": "Point", "coordinates": [78.58954300462894, 17.393449769130076]}, "properties": {"lst": 38.69, "ndvi": 0.289, "ndbi": 0.039, "risk": "Critical", "heat_zone": 3, "color": "#e74c3c", "city": "Hyderabad"}}, {"type": "Feature", "geometry": {"type": "Point", "coordinates": [78.39571071500399, 17.40659949042761]}, "properties": {"lst": 38.47, "ndvi": 0.363, "ndbi": -0.046, "risk": "High", "heat_zone": 2, "color": "#e67e22", "city": "Hyderabad"}}, {"type": "Feature", "geometry": {"type": "Point", "coordinates": [78.45795877231572, 17.329882949753355]}, "properties": {"lst": 38.56, "ndvi": 0.194, "ndbi": 0.09, "risk": "Critical", "heat_zone": 3, "color": "#e74c3c", "city": "Hyderabad"}}, {"type": "Feature", "geometry": {"type": "Point", "coordinates": [78.45261875459065, 17.484087888547734]}, "properties": {"lst": 32.53, "ndvi": 0.676, "ndbi": -0.251, "risk": "Moderate", "heat_zone": 1, "color": "#f1c40f", "city": "Hyderabad"}}, {"type": "Feature", "geometry": {"type": "Point", "coordinates": [78.46364283318745, 17.345943395852334]}, "properties": {"lst": 36.72, "ndvi": 0.147, "ndbi": 0.041, "risk": "Critical", "heat_zone": 3, "color": "#e74c3c", "city": "Hyderabad"}}, {"type": "Feature", "geometry": {"type": "Point", "coordinates": [78.32169394980856, 17.453866231099244]}, "properties": {"lst": 34.0, "ndvi": 0.498, "ndbi": -0.03, "risk": "High", "heat_zone": 2, "color": "#e67e22", "city": "Hyderabad"}}, {"type": "Feature", "geometry": {"type": "Point", "coordinates": [78.54457008119655, 17.42127022196021]}, "properties": {"lst": 36.7, "ndvi": 0.545, "ndbi": -0.118, "risk": "Moderate", "heat_zone": 1, "color": "#f1c40f", "city": "Hyderabad"}}, {"type": "Feature", "geometry": {"type": "Point", "coordinates": [78.57806337827598, 17.433034429440237]}, "properties": {"lst": 41.27, "ndvi": 0.29, "ndbi": 0.031, "risk": "Critical", "heat_zone": 3, "color": "#e74c3c", "city": "Hyderabad"}}, {"type": "Feature", "geometry": {"type": "Point", "coordinates": [78.30726811435825, 17.543895492777587]}, "properties": {"lst": 37.53, "ndvi": 0.485, "ndbi": -0.117, "risk": "High", "heat_zone": 2, "color": "#e67e22", "city": "Hyderabad"}}, {"type": "Feature", "geometry": {"type": "Point", "coordinates": [78.51049938931538, 17.359858278620024]}, "properties": {"lst": 35.68, "ndvi": 0.301, "ndbi": -0.07, "risk": "High", "heat_zone": 2, "color": "#e67e22", "city": "Hyderabad"}}, {"type": "Feature", "geometry": {"type": "Point", "coordinates": [78.55216060422343, 17.30239169005013]}, "properties": {"lst": 39.23, "ndvi": 0.234, "ndbi": 0.068, "risk": "Critical", "heat_zone": 3, "color": "#e74c3c", "city": "Hyderabad"}}, {"type": "Feature", "geometry": {"type": "Point", "coordinates": [78.41095767970626, 17.518539262826582]}, "properties": {"lst": 38.8, "ndvi": 0.154, "ndbi": 0.058, "risk": "Critical", "heat_zone": 3, "color": "#e74c3c", "city": "Hyderabad"}}, {"type": "Feature", "geometry": {"type": "Point", "coordinates": [78.52536069736844, 17.38482175131331]}, "properties": {"lst": 36.68, "ndvi": 0.145, "ndbi": 0.077, "risk": "Critical", "heat_zone": 3, "color": "#e74c3c", "city": "Hyderabad"}}, {"type": "Feature", "geometry": {"type": "Point", "coordinates": [78.42977315160631, 17.461352400794805]}, "properties": {"lst": 39.34, "ndvi": 0.337, "ndbi": 0.036, "risk": "Critical", "heat_zone": 3, "color": "#e74c3c", "city": "Hyderabad"}}, {"type": "Feature", "geometry": {"type": "Point", "coordinates": [78.43821048504256, 17.310712338542736]}, "properties": {"lst": 39.66, "ndvi": 0.276, "ndbi": 0.007, "risk": "Critical", "heat_zone": 3, "color": "#e74c3c", "city": "Hyderabad"}}, {"type": "Feature", "geometry": {"type": "Point", "coordinates": [78.3335464778861, 17.379972639236403]}, "properties": {"lst": 39.33, "ndvi": 0.342, "ndbi": 0.072, "risk": "Critical", "heat_zone": 3, "color": "#e74c3c", "city": "Hyderabad"}}, {"type": "Feature", "geometry": {"type": "Point", "coordinates": [78.34898567622933, 17.433270305577516]}, "properties": {"lst": 34.19, "ndvi": 0.446, "ndbi": -0.02, "risk": "High", "heat_zone": 2, "color": "#e67e22", "city": "Hyderabad"}}, {"type": "Feature", "geometry": {"type": "Point", "coordinates": [78.44090185540603, 17.323539221556707]}, "properties": {"lst": 41.35, "ndvi": 0.124, "ndbi": 0.153, "risk": "Critical", "heat_zone": 3, "color": "#e74c3c", "city": "Hyderabad"}}, {"type": "Feature", "geometry": {"type": "Point", "coordinates": [78.5183243565673, 17.489461709481887]}, "properties": {"lst": 35.88, "ndvi": 0.328, "ndbi": -0.049, "risk": "High", "heat_zone": 2, "color": "#e67e22", "city": "Hyderabad"}}, {"type": "Feature", "geometry": {"type": "Point", "coordinates": [78.52407162050217, 17.45417375194794]}, "properties": {"lst": 38.45, "ndvi": 0.343, "ndbi": 0.09, "risk": "Critical", "heat_zone": 3, "color": "#e74c3c", "city": "Hyderabad"}}, {"type": "Feature", "geometry": {"type": "Point", "coordinates": [78.47380319433378, 17.359912197974385]}, "properties": {"lst": 38.66, "ndvi": 0.168, "ndbi": 0.059, "risk": "Critical", "heat_zone": 3, "color": "#e74c3c", "city": "Hyderabad"}}, {"type": "Feature", "geometry": {"type": "Point", "coordinates": [78.51826004809632, 17.53747388308588]}, "properties": {"lst": 37.51, "ndvi": 0.449, "ndbi": 0.016, "risk": "High", "heat_zone": 2, "color": "#e67e22", "city": "Hyderabad"}}, {"type": "Feature", "geometry": {"type": "Point", "coordinates": [78.41415873995473, 17.423137149126894]}, "properties": {"lst": 36.47, "ndvi": 0.361, "ndbi": 0.038, "risk": "High", "heat_zone": 2, "color": "#e67e22", "city": "Hyderabad"}}, {"type": "Feature", "geometry": {"type": "Point", "coordinates": [78.589377922652, 17.476191235059378]}, "properties": {"lst": 40.53, "ndvi": 0.421, "ndbi": -0.036, "risk": "High", "heat_zone": 2, "color": "#e67e22", "city": "Hyderabad"}}, {"type": "Feature", "geometry": {"type": "Point", "coordinates": [78.55520221651416, 17.324446752837595]}, "properties": {"lst": 37.82, "ndvi": 0.192, "ndbi": -0.012, "risk": "Critical", "heat_zone": 3, "color": "#e74c3c", "city": "Hyderabad"}}, {"type": "Feature", "geometry": {"type": "Point", "coordinates": [78.37156137064099, 17.384695909750793]}, "properties": {"lst": 36.0, "ndvi": 0.116, "ndbi": 0.052, "risk": "Critical", "heat_zone": 3, "color": "#e74c3c", "city": "Hyderabad"}}, {"type": "Feature", "geometry": {"type": "Point", "coordinates": [78.56478717134091, 17.414847302347358]}, "properties": {"lst": 36.88, "ndvi": 0.172, "ndbi": 0.048, "risk": "Critical", "heat_zone": 3, "color": "#e74c3c", "city": "Hyderabad"}}, {"type": "Feature", "geometry": {"type": "Point", "coordinates": [78.31655252547242, 17.33291559811233]}, "properties": {"lst": 41.73, "ndvi": 0.252, "ndbi": 0.169, "risk": "Critical", "heat_zone": 3, "color": "#e74c3c", "city": "Hyderabad"}}, {"type": "Feature", "geometry": {"type": "Point", "coordinates": [78.5835065543263, 17.49079683748049]}, "properties": {"lst": 36.83, "ndvi": 0.264, "ndbi": -0.005, "risk": "Critical", "heat_zone": 3, "color": "#e74c3c", "city": "Hyderabad"}}, {"type": "Feature", "geometry": {"type": "Point", "coordinates": [78.37716908982935, 17.418750941916663]}, "properties": {"lst": 37.31, "ndvi": 0.162, "ndbi": -0.001, "risk": "Critical", "heat_zone": 3, "color": "#e74c3c", "city": "Hyderabad"}}, {"type": "Feature", "geometry": {"type": "Point", "coordinates": [78.38364024152725, 17.46697272048376]}, "properties": {"lst": 36.4, "ndvi": 0.283, "ndbi": 0.023, "risk": "Critical", "heat_zone": 3, "color": "#e74c3c", "city": "Hyderabad"}}, {"type": "Feature", "geometry": {"type": "Point", "coordinates": [78.38377467553258, 17.542808389365728]}, "properties": {"lst": 38.9, "ndvi": 0.228, "ndbi": 0.075, "risk": "Critical", "heat_zone": 3, "color": "#e74c3c", "city": "Hyderabad"}}, {"type": "Feature", "geometry": {"type": "Point", "coordinates": [78.32797580419985, 17.383655645728933]}, "properties": {"lst": 35.86, "ndvi": 0.256, "ndbi": -0.07, "risk": "High", "heat_zone": 2, "color": "#e67e22", "city": "Hyderabad"}}, {"type": "Feature", "geometry": {"type": "Point", "coordinates": [78.49980424221435, 17.308011861281415]}, "properties": {"lst": 37.6, "ndvi": 0.293, "ndbi": 0.041, "risk": "Critical", "heat_zone": 3, "color": "#e74c3c", "city": "Hyderabad"}}, {"type": "Feature", "geometry": {"type": "Point", "coordinates": [78.55275519947443, 17.352547205298745]}, "properties": {"lst": 37.48, "ndvi": 0.161, "ndbi": 0.044, "risk": "Critical", "heat_zone": 3, "color": "#e74c3c", "city": "Hyderabad"}}, {"type": "Feature", "geometry": {"type": "Point", "coordinates": [78.32135013951114, 17.422107059074364]}, "properties": {"lst": 38.27, "ndvi": 0.271, "ndbi": 0.154, "risk": "Critical", "heat_zone": 3, "color": "#e74c3c", "city": "Hyderabad"}}, {"type": "Feature", "geometry": {"type": "Point", "coordinates": [78.46821883887023, 17.4197863563382]}, "properties": {"lst": 27.78, "ndvi": 0.014, "ndbi": -0.502, "risk": "Low", "heat_zone": 0, "color": "#2ecc71", "city": "Hyderabad"}}, {"type": "Feature", "geometry": {"type": "Point", "coordinates": [78.45014570137153, 17.42866534757366]}, "properties": {"lst": 36.86, "ndvi": 0.14, "ndbi": 0.081, "risk": "Critical", "heat_zone": 3, "color": "#e74c3c", "city": "Hyderabad"}}, {"type": "Feature", "geometry": {"type": "Point", "coordinates": [78.49557012578836, 17.38704580937034]}, "properties": {"lst": 36.45, "ndvi": 0.284, "ndbi": -0.024, "risk": "High", "heat_zone": 2, "color": "#e67e22", "city": "Hyderabad"}}, {"type": "Feature", "geometry": {"type": "Point", "coordinates": [78.43902764337011, 17.500785092164005]}, "properties": {"lst": 36.13, "ndvi": 0.682, "ndbi": -0.27, "risk": "Moderate", "heat_zone": 1, "color": "#f1c40f", "city": "Hyderabad"}}, {"type": "Feature", "geometry": {"type": "Point", "coordinates": [78.36834569786964, 17.458270193296755]}, "properties": {"lst": 34.94, "ndvi": 0.147, "ndbi": -0.006, "risk": "Critical", "heat_zone": 3, "color": "#e74c3c", "city": "Hyderabad"}}, {"type": "Feature", "geometry": {"type": "Point", "coordinates": [78.32135026364135, 17.390527392382374]}, "properties": {"lst": 38.18, "ndvi": 0.293, "ndbi": -0.012, "risk": "Critical", "heat_zone": 3, "color": "#e74c3c", "city": "Hyderabad"}}, {"type": "Feature", "geometry": {"type": "Point", "coordinates": [78.41630467656786, 17.495133936742498]}, "properties": {"lst": 37.32, "ndvi": 0.359, "ndbi": -0.037, "risk": "High", "heat_zone": 2, "color": "#e67e22", "city": "Hyderabad"}}, {"type": "Feature", "geometry": {"type": "Point", "coordinates": [78.41290135345432, 17.480078782660183]}, "properties": {"lst": 33.72, "ndvi": 0.332, "ndbi": -0.09, "risk": "High", "heat_zone": 2, "color": "#e67e22", "city": "Hyderabad"}}, {"type": "Feature", "geometry": {"type": "Point", "coordinates": [78.35005064659495, 17.36199125983215]}, "properties": {"lst": 35.39, "ndvi": 0.47, "ndbi": -0.036, "risk": "High", "heat_zone": 2, "color": "#e67e22", "city": "Hyderabad"}}, {"type": "Feature", "geometry": {"type": "Point", "coordinates": [78.31351317397373, 17.436715426896622]}, "properties": {"lst": 41.69, "ndvi": 0.306, "ndbi": 0.111, "risk": "Critical", "heat_zone": 3, "color": "#e74c3c", "city": "Hyderabad"}}, {"type": "Feature", "geometry": {"type": "Point", "coordinates": [78.55834502721825, 17.523584173744464]}, "properties": {"lst": 39.47, "ndvi": 0.274, "ndbi": 0.057, "risk": "Critical", "heat_zone": 3, "color": "#e74c3c", "city": "Hyderabad"}}, {"type": "Feature", "geometry": {"type": "Point", "coordinates": [78.4648477108945, 17.41038366003667]}, "properties": {"lst": 36.64, "ndvi": 0.413, "ndbi": -0.155, "risk": "High", "heat_zone": 2, "color": "#e67e22", "city": "Hyderabad"}}, {"type": "Feature", "geometry": {"type": "Point", "coordinates": [78.36673083458516, 17.367252833934597]}, "properties": {"lst": 37.72, "ndvi": 0.38, "ndbi": 0.109, "risk": "High", "heat_zone": 2, "color": "#e67e22", "city": "Hyderabad"}}, {"type": "Feature", "geometry": {"type": "Point", "coordinates": [78.49114903638913, 17.52456603519224]}, "properties": {"lst": 37.36, "ndvi": 0.158, "ndbi": 0.067, "risk": "Critical", "heat_zone": 3, "color": "#e74c3c", "city": "Hyderabad"}}, {"type": "Feature", "geometry": {"type": "Point", "coordinates": [78.55218834938988, 17.37975299510292]}, "properties": {"lst": 34.61, "ndvi": 0.496, "ndbi": -0.247, "risk": "Moderate", "heat_zone": 1, "color": "#f1c40f", "city": "Hyderabad"}}, {"type": "Feature", "geometry": {"type": "Point", "coordinates": [78.49908483772818, 17.47142401868512]}, "properties": {"lst": 38.66, "ndvi": 0.374, "ndbi": 0.03, "risk": "High", "heat_zone": 2, "color": "#e67e22", "city": "Hyderabad"}}, {"type": "Feature", "geometry": {"type": "Point", "coordinates": [78.37298812875176, 17.451905779525724]}, "properties": {"lst": 36.94, "ndvi": 0.088, "ndbi": 0.088, "risk": "Critical", "heat_zone": 3, "color": "#e74c3c", "city": "Hyderabad"}}, {"type": "Feature", "geometry": {"type": "Point", "coordinates": [78.46818661796603, 17.386441387740874]}, "properties": {"lst": 38.91, "ndvi": 0.188, "ndbi": 0.044, "risk": "Critical", "heat_zone": 3, "color": "#e74c3c", "city": "Hyderabad"}}, {"type": "Feature", "geometry": {"type": "Point", "coordinates": [78.59782679297494, 17.52757427772326]}, "properties": {"lst": 40.57, "ndvi": 0.326, "ndbi": 0.076, "risk": "Critical", "heat_zone": 3, "color": "#e74c3c", "city": "Hyderabad"}}, {"type": "Feature", "geometry": {"type": "Point", "coordinates": [78.33140570427638, 17.30171806468735]}, "properties": {"lst": 37.93, "ndvi": 0.211, "ndbi": 0.052, "risk": "Critical", "heat_zone": 3, "color": "#e74c3c", "city": "Hyderabad"}}, {"type": "Feature", "geometry": {"type": "Point", "coordinates": [78.40127855085164, 17.520967711903126]}, "properties": {"lst": 38.13, "ndvi": 0.386, "ndbi": -0.002, "risk": "High", "heat_zone": 2, "color": "#e67e22", "city": "Hyderabad"}}, {"type": "Feature", "geometry": {"type": "Point", "coordinates": [78.53889238845187, 17.41292642136728]}, "properties": {"lst": 33.14, "ndvi": 0.639, "ndbi": -0.225, "risk": "Moderate", "heat_zone": 1, "color": "#f1c40f", "city": "Hyderabad"}}, {"type": "Feature", "geometry": {"type": "Point", "coordinates": [78.34895492027228, 17.448366679823298]}, "properties": {"lst": 35.95, "ndvi": 0.358, "ndbi": -0.061, "risk": "High", "heat_zone": 2, "color": "#e67e22", "city": "Hyderabad"}}, {"type": "Feature", "geometry": {"type": "Point", "coordinates": [78.58136028187353, 17.34698391783866]}, "properties": {"lst": 41.55, "ndvi": 0.204, "ndbi": 0.04, "risk": "Critical", "heat_zone": 3, "color": "#e74c3c", "city": "Hyderabad"}}, {"type": "Feature", "geometry": {"type": "Point", "coordinates": [78.36595935091182, 17.54766983203479]}, "properties": {"lst": 36.49, "ndvi": 0.232, "ndbi": -0.032, "risk": "Critical", "heat_zone": 3, "color": "#e74c3c", "city": "Hyderabad"}}, {"type": "Feature", "geometry": {"type": "Point", "coordinates": [78.57688412481157, 17.52644908679735]}, "properties": {"lst": 38.71, "ndvi": 0.386, "ndbi": 0.095, "risk": "High", "heat_zone": 2, "color": "#e67e22", "city": "Hyderabad"}}, {"type": "Feature", "geometry": {"type": "Point", "coordinates": [78.30156814459879, 17.424305277693072]}, "properties": {"lst": 36.74, "ndvi": 0.275, "ndbi": 0.074, "risk": "Critical", "heat_zone": 3, "color": "#e74c3c", "city": "Hyderabad"}}, {"type": "Feature", "geometry": {"type": "Point", "coordinates": [78.56653052847457, 17.464607138420977]}, "properties": {"lst": 33.95, "ndvi": 0.579, "ndbi": -0.13, "risk": "Moderate", "heat_zone": 1, "color": "#f1c40f", "city": "Hyderabad"}}, {"type": "Feature", "geometry": {"type": "Point", "coordinates": [78.43322204545686, 17.337212658866843]}, "properties": {"lst": 38.63, "ndvi": 0.482, "ndbi": -0.051, "risk": "High", "heat_zone": 2, "color": "#e67e22", "city": "Hyderabad"}}, {"type": "Feature", "geometry": {"type": "Point", "coordinates": [78.54286400695041, 17.434435549188603]}, "properties": {"lst": 38.25, "ndvi": 0.253, "ndbi": -0.011, "risk": "Critical", "heat_zone": 3, "color": "#e74c3c", "city": "Hyderabad"}}, {"type": "Feature", "geometry": {"type": "Point", "coordinates": [78.53706450987951, 17.498808481417836]}, "properties": {"lst": 38.21, "ndvi": 0.215, "ndbi": 0.083, "risk": "Critical", "heat_zone": 3, "color": "#e74c3c", "city": "Hyderabad"}}, {"type": "Feature", "geometry": {"type": "Point", "coordinates": [78.4523781437205, 17.41524018516627]}, "properties": {"lst": 34.94, "ndvi": 0.283, "ndbi": -0.03, "risk": "High", "heat_zone": 2, "color": "#e67e22", "city": "Hyderabad"}}, {"type": "Feature", "geometry": {"type": "Point", "coordinates": [78.38178970798543, 17.31403405648011]}, "properties": {"lst": 41.05, "ndvi": 0.324, "ndbi": 0.126, "risk": "Critical", "heat_zone": 3, "color": "#e74c3c", "city": "Hyderabad"}}, {"type": "Feature", "geometry": {"type": "Point", "coordinates": [78.32912776973805, 17.463674088568766]}, "properties": {"lst": 38.56, "ndvi": 0.353, "ndbi": 0.078, "risk": "Critical", "heat_zone": 3, "color": "#e74c3c", "city": "Hyderabad"}}, {"type": "Feature", "geometry": {"type": "Point", "coordinates": [78.49542797364695, 17.35755901876416]}, "properties": {"lst": 37.01, "ndvi": 0.169, "ndbi": 0.056, "risk": "Critical", "heat_zone": 3, "color": "#e74c3c", "city": "Hyderabad"}}, {"type": "Feature", "geometry": {"type": "Point", "coordinates": [78.49527885968585, 17.47851787028356]}, "properties": {"lst": 36.83, "ndvi": 0.393, "ndbi": 0.024, "risk": "High", "heat_zone": 2, "color": "#e67e22", "city": "Hyderabad"}}, {"type": "Feature", "geometry": {"type": "Point", "coordinates": [78.55066467664616, 17.382439690209544]}, "properties": {"lst": 38.59, "ndvi": 0.176, "ndbi": 0.031, "risk": "Critical", "heat_zone": 3, "color": "#e74c3c", "city": "Hyderabad"}}, {"type": "Feature", "geometry": {"type": "Point", "coordinates": [78.59676961355432, 17.39816330111751]}, "properties": {"lst": 38.9, "ndvi": 0.404, "ndbi": -0.009, "risk": "High", "heat_zone": 2, "color": "#e67e22", "city": "Hyderabad"}}, {"type": "Feature", "geometry": {"type": "Point", "coordinates": [78.44061141251943, 17.308712831292652]}, "properties": {"lst": 37.06, "ndvi": 0.244, "ndbi": 0.065, "risk": "Critical", "heat_zone": 3, "color": "#e74c3c", "city": "Hyderabad"}}, {"type": "Feature", "geometry": {"type": "Point", "coordinates": [78.57069004309527, 17.485349519349842]}, "properties": {"lst": 36.16, "ndvi": 0.342, "ndbi": 0.01, "risk": "High", "heat_zone": 2, "color": "#e67e22", "city": "Hyderabad"}}, {"type": "Feature", "geometry": {"type": "Point", "coordinates": [78.36271921199393, 17.50254937635843]}, "properties": {"lst": 39.08, "ndvi": 0.145, "ndbi": 0.104, "risk": "Critical", "heat_zone": 3, "color": "#e74c3c", "city": "Hyderabad"}}, {"type": "Feature", "geometry": {"type": "Point", "coordinates": [78.48521102724553, 17.36186418858854]}, "properties": {"lst": 39.04, "ndvi": 0.15, "ndbi": 0.067, "risk": "Critical", "heat_zone": 3, "color": "#e74c3c", "city": "Hyderabad"}}, {"type": "Feature", "geometry": {"type": "Point", "coordinates": [78.56914857681869, 17.408002896989256]}, "properties": {"lst": 36.19, "ndvi": 0.151, "ndbi": 0.036, "risk": "Critical", "heat_zone": 3, "color": "#e74c3c", "city": "Hyderabad"}}, {"type": "Feature", "geometry": {"type": "Point", "coordinates": [78.34706281690342, 17.491853734242234]}, "properties": {"lst": 36.05, "ndvi": 0.155, "ndbi": 0.029, "risk": "Critical", "heat_zone": 3, "color": "#e74c3c", "city": "Hyderabad"}}, {"type": "Feature", "geometry": {"type": "Point", "coordinates": [78.55147954165854, 17.500872994429674]}, "properties": {"lst": 36.0, "ndvi": 0.58, "ndbi": -0.164, "risk": "Moderate", "heat_zone": 1, "color": "#f1c40f", "city": "Hyderabad"}}, {"type": "Feature", "geometry": {"type": "Point", "coordinates": [78.51856146621765, 17.519468565301448]}, "properties": {"lst": 38.24, "ndvi": 0.383, "ndbi": 0.056, "risk": "High", "heat_zone": 2, "color": "#e67e22", "city": "Hyderabad"}}, {"type": "Feature", "geometry": {"type": "Point", "coordinates": [78.51838429107752, 17.351779920180338]}, "properties": {"lst": 37.52, "ndvi": 0.201, "ndbi": 0.032, "risk": "Critical", "heat_zone": 3, "color": "#e74c3c", "city": "Hyderabad"}}, {"type": "Feature", "geometry": {"type": "Point", "coordinates": [78.59039107628705, 17.54529006380935]}, "properties": {"lst": 38.25, "ndvi": 0.358, "ndbi": 0.124, "risk": "Critical", "heat_zone": 3, "color": "#e74c3c", "city": "Hyderabad"}}, {"type": "Feature", "geometry": {"type": "Point", "coordinates": [78.30320502417203, 17.306094839818776]}, "properties": {"lst": 37.37, "ndvi": 0.425, "ndbi": 0.0, "risk": "High", "heat_zone": 2, "color": "#e67e22", "city": "Hyderabad"}}, {"type": "Feature", "geometry": {"type": "Point", "coordinates": [78.56410840830344, 17.46420631418767]}, "properties": {"lst": 37.94, "ndvi": 0.201, "ndbi": 0.018, "risk": "Critical", "heat_zone": 3, "color": "#e74c3c", "city": "Hyderabad"}}, {"type": "Feature", "geometry": {"type": "Point", "coordinates": [78.40712900321886, 17.361457896042936]}, "properties": {"lst": 35.44, "ndvi": 0.417, "ndbi": -0.072, "risk": "High", "heat_zone": 2, "color": "#e67e22", "city": "Hyderabad"}}, {"type": "Feature", "geometry": {"type": "Point", "coordinates": [78.40321618027085, 17.417538221454713]}, "properties": {"lst": 35.84, "ndvi": 0.197, "ndbi": 0.012, "risk": "Critical", "heat_zone": 3, "color": "#e74c3c", "city": "Hyderabad"}}, {"type": "Feature", "geometry": {"type": "Point", "coordinates": [78.38946750305932, 17.36329973437959]}, "properties": {"lst": 36.07, "ndvi": 0.194, "ndbi": -0.004, "risk": "Critical", "heat_zone": 3, "color": "#e74c3c", "city": "Hyderabad"}}, {"type": "Feature", "geometry": {"type": "Point", "coordinates": [78.39691362643823, 17.549336048720967]}, "properties": {"lst": 38.56, "ndvi": 0.244, "ndbi": 0.138, "risk": "Critical", "heat_zone": 3, "color": "#e74c3c", "city": "Hyderabad"}}, {"type": "Feature", "geometry": {"type": "Point", "coordinates": [78.4000063696263, 17.51327466085384]}, "properties": {"lst": 36.66, "ndvi": 0.49, "ndbi": -0.23, "risk": "Moderate", "heat_zone": 1, "color": "#f1c40f", "city": "Hyderabad"}}, {"type": "Feature", "geometry": {"type": "Point", "coordinates": [78.57908098350026, 17.51326576648621]}, "properties": {"lst": 38.85, "ndvi": 0.289, "ndbi": 0.036, "risk": "Critical", "heat_zone": 3, "color": "#e74c3c", "city": "Hyderabad"}}, {"type": "Feature", "geometry": {"type": "Point", "coordinates": [78.44221094077612, 17.471582105279637]}, "properties": {"lst": 39.9, "ndvi": 0.183, "ndbi": 0.062, "risk": "Critical", "heat_zone": 3, "color": "#e74c3c", "city": "Hyderabad"}}, {"type": "Feature", "geometry": {"type": "Point", "coordinates": [78.3070756565019, 17.314721218975365]}, "properties": {"lst": 39.56, "ndvi": 0.485, "ndbi": -0.034, "risk": "High", "heat_zone": 2, "color": "#e67e22", "city": "Hyderabad"}}, {"type": "Feature", "geometry": {"type": "Point", "coordinates": [78.50558919191029, 17.488234148889884]}, "properties": {"lst": 36.47, "ndvi": 0.432, "ndbi": -0.019, "risk": "High", "heat_zone": 2, "color": "#e67e22", "city": "Hyderabad"}}, {"type": "Feature", "geometry": {"type": "Point", "coordinates": [78.40414626991635, 17.442032343654716]}, "properties": {"lst": 35.78, "ndvi": 0.434, "ndbi": -0.04, "risk": "High", "heat_zone": 2, "color": "#e67e22", "city": "Hyderabad"}}, {"type": "Feature", "geometry": {"type": "Point", "coordinates": [78.51684839962785, 17.443332948035238]}, "properties": {"lst": 37.07, "ndvi": 0.154, "ndbi": 0.058, "risk": "Critical", "heat_zone": 3, "color": "#e74c3c", "city": "Hyderabad"}}, {"type": "Feature", "geometry": {"type": "Point", "coordinates": [78.33597434992586, 17.495398144777127]}, "properties": {"lst": 36.8, "ndvi": 0.171, "ndbi": 0.011, "risk": "Critical", "heat_zone": 3, "color": "#e74c3c", "city": "Hyderabad"}}, {"type": "Feature", "geometry": {"type": "Point", "coordinates": [78.32294821728728, 17.370031464321332]}, "properties": {"lst": 37.24, "ndvi": 0.291, "ndbi": 0.003, "risk": "Critical", "heat_zone": 3, "color": "#e74c3c", "city": "Hyderabad"}}, {"type": "Feature", "geometry": {"type": "Point", "coordinates": [78.40120333500458, 17.325033044502845]}, "properties": {"lst": 36.78, "ndvi": 0.46, "ndbi": -0.015, "risk": "High", "heat_zone": 2, "color": "#e67e22", "city": "Hyderabad"}}, {"type": "Feature", "geometry": {"type": "Point", "coordinates": [78.44870399899035, 17.534886733557883]}, "properties": {"lst": 37.69, "ndvi": 0.488, "ndbi": 0.001, "risk": "High", "heat_zone": 2, "color": "#e67e22", "city": "Hyderabad"}}, {"type": "Feature", "geometry": {"type": "Point", "coordinates": [78.32027792349322, 17.360978308140556]}, "properties": {"lst": 39.14, "ndvi": 0.343, "ndbi": 0.106, "risk": "Critical", "heat_zone": 3, "color": "#e74c3c", "city": "Hyderabad"}}, {"type": "Feature", "geometry": {"type": "Point", "coordinates": [78.49607239726103, 17.41127804260303]}, "properties": {"lst": 36.22, "ndvi": 0.159, "ndbi": 0.039, "risk": "Critical", "heat_zone": 3, "color": "#e74c3c", "city": "Hyderabad"}}, {"type": "Feature", "geometry": {"type": "Point", "coordinates": [78.43223784776052, 17.353084867517083]}, "properties": {"lst": 37.87, "ndvi": 0.275, "ndbi": -0.001, "risk": "Critical", "heat_zone": 3, "color": "#e74c3c", "city": "Hyderabad"}}, {"type": "Feature", "geometry": {"type": "Point", "coordinates": [78.53294990865756, 17.359046789914014]}, "properties": {"lst": 36.39, "ndvi": 0.206, "ndbi": -0.007, "risk": "Critical", "heat_zone": 3, "color": "#e74c3c", "city": "Hyderabad"}}, {"type": "Feature", "geometry": {"type": "Point", "coordinates": [78.4112687773318, 17.3484750249371]}, "properties": {"lst": 36.82, "ndvi": 0.292, "ndbi": -0.046, "risk": "High", "heat_zone": 2, "color": "#e67e22", "city": "Hyderabad"}}, {"type": "Feature", "geometry": {"type": "Point", "coordinates": [78.49076407008769, 17.467030753462026]}, "properties": {"lst": 35.95, "ndvi": 0.411, "ndbi": -0.071, "risk": "High", "heat_zone": 2, "color": "#e67e22", "city": "Hyderabad"}}, {"type": "Feature", "geometry": {"type": "Point", "coordinates": [78.3503006958233, 17.415711675464454]}, "properties": {"lst": 38.02, "ndvi": 0.213, "ndbi": 0.015, "risk": "Critical", "heat_zone": 3, "color": "#e74c3c", "city": "Hyderabad"}}, {"type": "Feature", "geometry": {"type": "Point", "coordinates": [78.34527115839028, 17.50437654183894]}, "properties": {"lst": 40.74, "ndvi": 0.31, "ndbi": 0.116, "risk": "Critical", "heat_zone": 3, "color": "#e74c3c", "city": "Hyderabad"}}, {"type": "Feature", "geometry": {"type": "Point", "coordinates": [78.52139429828954, 17.303308398952492]}, "properties": {"lst": 37.37, "ndvi": 0.188, "ndbi": 0.006, "risk": "Critical", "heat_zone": 3, "color": "#e74c3c", "city": "Hyderabad"}}, {"type": "Feature", "geometry": {"type": "Point", "coordinates": [78.3246714074055, 17.381415859823885]}, "properties": {"lst": 36.84, "ndvi": 0.388, "ndbi": -0.085, "risk": "High", "heat_zone": 2, "color": "#e67e22", "city": "Hyderabad"}}, {"type": "Feature", "geometry": {"type": "Point", "coordinates": [78.45656922115023, 17.48985859018201]}, "properties": {"lst": 35.82, "ndvi": 0.163, "ndbi": 0.021, "risk": "Critical", "heat_zone": 3, "color": "#e74c3c", "city": "Hyderabad"}}, {"type": "Feature", "geometry": {"type": "Point", "coordinates": [78.59623566589823, 17.531421248566208]}, "properties": {"lst": 29.42, "ndvi": 0.02, "ndbi": -0.246, "risk": "Low", "heat_zone": 0, "color": "#2ecc71", "city": "Hyderabad"}}, {"type": "Feature", "geometry": {"type": "Point", "coordinates": [78.43258701446867, 17.419903458475158]}, "properties": {"lst": 35.02, "ndvi": 0.206, "ndbi": 0.0, "risk": "Critical", "heat_zone": 3, "color": "#e74c3c", "city": "Hyderabad"}}, {"type": "Feature", "geometry": {"type": "Point", "coordinates": [78.51639353284386, 17.403223687520374]}, "properties": {"lst": 36.62, "ndvi": 0.314, "ndbi": -0.065, "risk": "High", "heat_zone": 2, "color": "#e67e22", "city": "Hyderabad"}}, {"type": "Feature", "geometry": {"type": "Point", "coordinates": [78.5609967927129, 17.51420287718919]}, "properties": {"lst": 36.86, "ndvi": 0.353, "ndbi": -0.047, "risk": "High", "heat_zone": 2, "color": "#e67e22", "city": "Hyderabad"}}, {"type": "Feature", "geometry": {"type": "Point", "coordinates": [78.45251057215314, 17.517184157549696]}, "properties": {"lst": 40.16, "ndvi": 0.199, "ndbi": 0.111, "risk": "Critical", "heat_zone": 3, "color": "#e74c3c", "city": "Hyderabad"}}, {"type": "Feature", "geometry": {"type": "Point", "coordinates": [78.38498654662486, 17.461521949937275]}, "properties": {"lst": 37.49, "ndvi": 0.193, "ndbi": 0.04, "risk": "Critical", "heat_zone": 3, "color": "#e74c3c", "city": "Hyderabad"}}, {"type": "Feature", "geometry": {"type": "Point", "coordinates": [78.50276351721885, 17.318308310173844]}, "properties": {"lst": 36.52, "ndvi": 0.429, "ndbi": 0.042, "risk": "High", "heat_zone": 2, "color": "#e67e22", "city": "Hyderabad"}}, {"type": "Feature", "geometry": {"type": "Point", "coordinates": [78.34515802781782, 17.343014975535482]}, "properties": {"lst": 33.52, "ndvi": 0.182, "ndbi": -0.226, "risk": "Low", "heat_zone": 0, "color": "#2ecc71", "city": "Hyderabad"}}, {"type": "Feature", "geometry": {"type": "Point", "coordinates": [78.57171636142337, 17.420088959041017]}, "properties": {"lst": 39.02, "ndvi": 0.205, "ndbi": 0.047, "risk": "Critical", "heat_zone": 3, "color": "#e74c3c", "city": "Hyderabad"}}, {"type": "Feature", "geometry": {"type": "Point", "coordinates": [78.5460889660171, 17.5218264371454]}, "properties": {"lst": 38.83, "ndvi": 0.416, "ndbi": 0.04, "risk": "High", "heat_zone": 2, "color": "#e67e22", "city": "Hyderabad"}}, {"type": "Feature", "geometry": {"type": "Point", "coordinates": [78.31461007278658, 17.348498532288914]}, "properties": {"lst": 37.52, "ndvi": 0.511, "ndbi": -0.064, "risk": "High", "heat_zone": 2, "color": "#e67e22", "city": "Hyderabad"}}, {"type": "Feature", "geometry": {"type": "Point", "coordinates": [78.49954542716715, 17.304597373921908]}, "properties": {"lst": 40.3, "ndvi": 0.305, "ndbi": 0.132, "risk": "Critical", "heat_zone": 3, "color": "#e74c3c", "city": "Hyderabad"}}, {"type": "Feature", "geometry": {"type": "Point", "coordinates": [78.45931359458585, 17.423900783409753]}, "properties": {"lst": 36.36, "ndvi": 0.221, "ndbi": -0.0, "risk": "Critical", "heat_zone": 3, "color": "#e74c3c", "city": "Hyderabad"}}, {"type": "Feature", "geometry": {"type": "Point", "coordinates": [78.40507373077004, 17.448018773843085]}, "properties": {"lst": 39.1, "ndvi": 0.202, "ndbi": 0.105, "risk": "Critical", "heat_zone": 3, "color": "#e74c3c", "city": "Hyderabad"}}, {"type": "Feature", "geometry": {"type": "Point", "coordinates": [78.42289386493144, 17.30788740507845]}, "properties": {"lst": 36.39, "ndvi": 0.624, "ndbi": -0.191, "risk": "Moderate", "heat_zone": 1, "color": "#f1c40f", "city": "Hyderabad"}}, {"type": "Feature", "geometry": {"type": "Point", "coordinates": [78.36137266772816, 17.323775357856665]}, "properties": {"lst": 26.51, "ndvi": -0.163, "ndbi": -0.265, "risk": "Low", "heat_zone": 0, "color": "#2ecc71", "city": "Hyderabad"}}, {"type": "Feature", "geometry": {"type": "Point", "coordinates": [78.30754017087894, 17.48972433399273]}, "properties": {"lst": 34.61, "ndvi": 0.497, "ndbi": -0.143, "risk": "Moderate", "heat_zone": 1, "color": "#f1c40f", "city": "Hyderabad"}}, {"type": "Feature", "geometry": {"type": "Point", "coordinates": [78.50886887148316, 17.482143827467812]}, "properties": {"lst": 36.84, "ndvi": 0.475, "ndbi": 0.024, "risk": "High", "heat_zone": 2, "color": "#e67e22", "city": "Hyderabad"}}, {"type": "Feature", "geometry": {"type": "Point", "coordinates": [78.32898338779698, 17.4451423397586]}, "properties": {"lst": 36.4, "ndvi": 0.279, "ndbi": -0.001, "risk": "Critical", "heat_zone": 3, "color": "#e74c3c", "city": "Hyderabad"}}, {"type": "Feature", "geometry": {"type": "Point", "coordinates": [78.47339964051079, 17.49849050331699]}, "properties": {"lst": 37.03, "ndvi": 0.483, "ndbi": -0.061, "risk": "High", "heat_zone": 2, "color": "#e67e22", "city": "Hyderabad"}}, {"type": "Feature", "geometry": {"type": "Point", "coordinates": [78.54744786427281, 17.487596440136702]}, "properties": {"lst": 34.28, "ndvi": 0.411, "ndbi": -0.137, "risk": "High", "heat_zone": 2, "color": "#e67e22", "city": "Hyderabad"}}, {"type": "Feature", "geometry": {"type": "Point", "coordinates": [78.53525282463363, 17.323896720793933]}, "properties": {"lst": 36.33, "ndvi": 0.267, "ndbi": 0.03, "risk": "Critical", "heat_zone": 3, "color": "#e74c3c", "city": "Hyderabad"}}, {"type": "Feature", "geometry": {"type": "Point", "coordinates": [78.3152759931719, 17.516583872515973]}, "properties": {"lst": 36.53, "ndvi": 0.164, "ndbi": 0.017, "risk": "Critical", "heat_zone": 3, "color": "#e74c3c", "city": "Hyderabad"}}, {"type": "Feature", "geometry": {"type": "Point", "coordinates": [78.35410651847585, 17.51381078575464]}, "properties": {"lst": 41.57, "ndvi": 0.384, "ndbi": 0.011, "risk": "High", "heat_zone": 2, "color": "#e67e22", "city": "Hyderabad"}}, {"type": "Feature", "geometry": {"type": "Point", "coordinates": [78.4676785066711, 17.515221590218502]}, "properties": {"lst": 38.75, "ndvi": 0.191, "ndbi": 0.11, "risk": "Critical", "heat_zone": 3, "color": "#e74c3c", "city": "Hyderabad"}}, {"type": "Feature", "geometry": {"type": "Point", "coordinates": [78.32052104047312, 17.36712698533997]}, "properties": {"lst": 26.31, "ndvi": -0.043, "ndbi": -0.253, "risk": "Low", "heat_zone": 0, "color": "#2ecc71", "city": "Hyderabad"}}, {"type": "Feature", "geometry": {"type": "Point", "coordinates": [78.4663258887563, 17.46046637773809]}, "properties": {"lst": 37.2, "ndvi": 0.549, "ndbi": -0.141, "risk": "Moderate", "heat_zone": 1, "color": "#f1c40f", "city": "Hyderabad"}}, {"type": "Feature", "geometry": {"type": "Point", "coordinates": [78.40567478156404, 17.461337222825538]}, "properties": {"lst": 38.45, "ndvi": 0.153, "ndbi": 0.079, "risk": "Critical", "heat_zone": 3, "color": "#e74c3c", "city": "Hyderabad"}}, {"type": "Feature", "geometry": {"type": "Point", "coordinates": [78.38457212276707, 17.39620559195694]}, "properties": {"lst": 35.55, "ndvi": 0.403, "ndbi": -0.108, "risk": "High", "heat_zone": 2, "color": "#e67e22", "city": "Hyderabad"}}, {"type": "Feature", "geometry": {"type": "Point", "coordinates": [78.41779106742045, 17.50028479110155]}, "properties": {"lst": 35.81, "ndvi": 0.171, "ndbi": 0.01, "risk": "Critical", "heat_zone": 3, "color": "#e74c3c", "city": "Hyderabad"}}, {"type": "Feature", "geometry": {"type": "Point", "coordinates": [78.49115715189112, 17.473848547129155]}, "properties": {"lst": 36.02, "ndvi": 0.169, "ndbi": 0.063, "risk": "Critical", "heat_zone": 3, "color": "#e74c3c", "city": "Hyderabad"}}, {"type": "Feature", "geometry": {"type": "Point", "coordinates": [78.37610092279128, 17.52931075382957]}, "properties": {"lst": 35.8, "ndvi": 0.331, "ndbi": -0.059, "risk": "High", "heat_zone": 2, "color": "#e67e22", "city": "Hyderabad"}}, {"type": "Feature", "geometry": {"type": "Point", "coordinates": [78.38410114075461, 17.38256046612722]}, "properties": {"lst": 37.63, "ndvi": 0.539, "ndbi": -0.035, "risk": "High", "heat_zone": 2, "color": "#e67e22", "city": "Hyderabad"}}, {"type": "Feature", "geometry": {"type": "Point", "coordinates": [78.52283922629876, 17.372772023971393]}, "properties": {"lst": 35.9, "ndvi": 0.294, "ndbi": -0.077, "risk": "High", "heat_zone": 2, "color": "#e67e22", "city": "Hyderabad"}}, {"type": "Feature", "geometry": {"type": "Point", "coordinates": [78.38496734049802, 17.384959473451968]}, "properties": {"lst": 37.69, "ndvi": 0.434, "ndbi": 0.039, "risk": "High", "heat_zone": 2, "color": "#e67e22", "city": "Hyderabad"}}, {"type": "Feature", "geometry": {"type": "Point", "coordinates": [78.4217773927844, 17.342871097012207]}, "properties": {"lst": 39.54, "ndvi": 0.162, "ndbi": 0.046, "risk": "Critical", "heat_zone": 3, "color": "#e74c3c", "city": "Hyderabad"}}, {"type": "Feature", "geometry": {"type": "Point", "coordinates": [78.52415246395668, 17.38072469316328]}, "properties": {"lst": 37.59, "ndvi": 0.467, "ndbi": 0.069, "risk": "High", "heat_zone": 2, "color": "#e67e22", "city": "Hyderabad"}}, {"type": "Feature", "geometry": {"type": "Point", "coordinates": [78.50477127575965, 17.349680393829807]}, "properties": {"lst": 36.17, "ndvi": 0.154, "ndbi": 0.051, "risk": "Critical", "heat_zone": 3, "color": "#e74c3c", "city": "Hyderabad"}}, {"type": "Feature", "geometry": {"type": "Point", "coordinates": [78.52864046285758, 17.414817016191336]}, "properties": {"lst": 37.11, "ndvi": 0.492, "ndbi": -0.016, "risk": "High", "heat_zone": 2, "color": "#e67e22", "city": "Hyderabad"}}, {"type": "Feature", "geometry": {"type": "Point", "coordinates": [78.56066162883207, 17.40686600355297]}, "properties": {"lst": 37.24, "ndvi": 0.245, "ndbi": 0.048, "risk": "Critical", "heat_zone": 3, "color": "#e74c3c", "city": "Hyderabad"}}, {"type": "Feature", "geometry": {"type": "Point", "coordinates": [78.59102079998745, 17.365729811961728]}, "properties": {"lst": 37.43, "ndvi": 0.459, "ndbi": 0.032, "risk": "High", "heat_zone": 2, "color": "#e67e22", "city": "Hyderabad"}}, {"type": "Feature", "geometry": {"type": "Point", "coordinates": [78.39811243150278, 17.505545817301595]}, "properties": {"lst": 36.66, "ndvi": 0.195, "ndbi": 0.079, "risk": "Critical", "heat_zone": 3, "color": "#e74c3c", "city": "Hyderabad"}}, {"type": "Feature", "geometry": {"type": "Point", "coordinates": [78.46588351431275, 17.470461040951164]}, "properties": {"lst": 35.61, "ndvi": 0.648, "ndbi": -0.172, "risk": "Moderate", "heat_zone": 1, "color": "#f1c40f", "city": "Hyderabad"}}, {"type": "Feature", "geometry": {"type": "Point", "coordinates": [78.33399980835162, 17.32586900058389]}, "properties": {"lst": 39.58, "ndvi": 0.273, "ndbi": 0.134, "risk": "Critical", "heat_zone": 3, "color": "#e74c3c", "city": "Hyderabad"}}, {"type": "Feature", "geometry": {"type": "Point", "coordinates": [78.52203999180684, 17.38941575893844]}, "properties": {"lst": 37.17, "ndvi": 0.434, "ndbi": -0.07, "risk": "High", "heat_zone": 2, "color": "#e67e22", "city": "Hyderabad"}}, {"type": "Feature", "geometry": {"type": "Point", "coordinates": [78.3709519712863, 17.45974856855013]}, "properties": {"lst": 33.46, "ndvi": 0.195, "ndbi": 0.026, "risk": "Critical", "heat_zone": 3, "color": "#e74c3c", "city": "Hyderabad"}}, {"type": "Feature", "geometry": {"type": "Point", "coordinates": [78.53605044130809, 17.54809033407562]}, "properties": {"lst": 36.36, "ndvi": 0.205, "ndbi": 0.084, "risk": "Critical", "heat_zone": 3, "color": "#e74c3c", "city": "Hyderabad"}}, {"type": "Feature", "geometry": {"type": "Point", "coordinates": [78.3832877416982, 17.520200085199768]}, "properties": {"lst": 37.36, "ndvi": 0.149, "ndbi": 0.037, "risk": "Critical", "heat_zone": 3, "color": "#e74c3c", "city": "Hyderabad"}}, {"type": "Feature", "geometry": {"type": "Point", "coordinates": [78.30004463620492, 17.491821124609793]}, "properties": {"lst": 32.44, "ndvi": 0.651, "ndbi": -0.203, "risk": "Moderate", "heat_zone": 1, "color": "#f1c40f", "city": "Hyderabad"}}, {"type": "Feature", "geometry": {"type": "Point", "coordinates": [78.42937854821007, 17.464025780124427]}, "properties": {"lst": 35.73, "ndvi": 0.318, "ndbi": -0.053, "risk": "High", "heat_zone": 2, "color": "#e67e22", "city": "Hyderabad"}}, {"type": "Feature", "geometry": {"type": "Point", "coordinates": [78.3674301763336, 17.368726456108423]}, "properties": {"lst": 36.7, "ndvi": 0.349, "ndbi": 0.08, "risk": "High", "heat_zone": 2, "color": "#e67e22", "city": "Hyderabad"}}, {"type": "Feature", "geometry": {"type": "Point", "coordinates": [78.30542308477156, 17.449084351083357]}, "properties": {"lst": 33.33, "ndvi": 0.353, "ndbi": -0.153, "risk": "High", "heat_zone": 2, "color": "#e67e22", "city": "Hyderabad"}}, {"type": "Feature", "geometry": {"type": "Point", "coordinates": [78.42640324892132, 17.30035086272096]}, "properties": {"lst": 39.85, "ndvi": 0.268, "ndbi": 0.097, "risk": "Critical", "heat_zone": 3, "color": "#e74c3c", "city": "Hyderabad"}}, {"type": "Feature", "geometry": {"type": "Point", "coordinates": [78.48421008326015, 17.414352939820677]}, "properties": {"lst": 33.91, "ndvi": 0.482, "ndbi": -0.113, "risk": "Moderate", "heat_zone": 1, "color": "#f1c40f", "city": "Hyderabad"}}, {"type": "Feature", "geometry": {"type": "Point", "coordinates": [78.4899064954538, 17.308836355723074]}, "properties": {"lst": 38.14, "ndvi": 0.21, "ndbi": 0.053, "risk": "Critical", "heat_zone": 3, "color": "#e74c3c", "city": "Hyderabad"}}, {"type": "Feature", "geometry": {"type": "Point", "coordinates": [78.50656791982972, 17.504733778735492]}, "properties": {"lst": 35.78, "ndvi": 0.193, "ndbi": 0.047, "risk": "Critical", "heat_zone": 3, "color": "#e74c3c", "city": "Hyderabad"}}, {"type": "Feature", "geometry": {"type": "Point", "coordinates": [78.57656653476513, 17.360289053203832]}, "properties": {"lst": 37.29, "ndvi": 0.348, "ndbi": 0.07, "risk": "High", "heat_zone": 2, "color": "#e67e22", "city": "Hyderabad"}}, {"type": "Feature", "geometry": {"type": "Point", "coordinates": [78.3820845270195, 17.42977737365941]}, "properties": {"lst": 38.35, "ndvi": 0.296, "ndbi": 0.01, "risk": "Critical", "heat_zone": 3, "color": "#e74c3c", "city": "Hyderabad"}}, {"type": "Feature", "geometry": {"type": "Point", "coordinates": [78.44714152457198, 17.451035733571697]}, "properties": {"lst": 35.79, "ndvi": 0.158, "ndbi": 0.04, "risk": "Critical", "heat_zone": 3, "color": "#e74c3c", "city": "Hyderabad"}}, {"type": "Feature", "geometry": {"type": "Point", "coordinates": [78.36330962863377, 17.37266610278639]}, "properties": {"lst": 37.51, "ndvi": 0.308, "ndbi": 0.113, "risk": "Critical", "heat_zone": 3, "color": "#e74c3c", "city": "Hyderabad"}}]}