{"type": "FeatureCollection", "features": [{"type": "Feature", "geometry": {"type": "Point", "coordinates": [88.25508055307284, 22.506853237732376]}, "properties": {"lst": 30.85, "ndvi": 0.208, "ndbi": 0.053, "risk": "Critical", "heat_zone": 3, "color": "#e74c3c", "city": "Kolkata"}}, {"type": "Feature", "geometry": {"type": "Point", "coordinates": [88.37155476372557, 22.572670340467397]}, "properties": {"lst": 31.54, "ndvi": 0.207, "ndbi": 0.05, "risk": "Critical", "heat_zone": 3, "color": "#e74c3c", "city": "Kolkata"}}, {"type": "Feature", "geometry": {"type": "Point", "coordinates": [88.31477710477206, 22.50881516031742]}, "properties": {"lst": 30.34, "ndvi": 0.257, "ndbi": 0.06, "risk": "Critical", "heat_zone": 3, "color": "#e74c3c", "city": "Kolkata"}}, {"type": "Feature", "geometry": {"type": "Point", "coordinates": [88.26809664412208, 22.535332229808677]}, "properties": {"lst": 29.21, "ndvi": 0.381, "ndbi": -0.072, "risk": "High", "heat_zone": 2, "color": "#e67e22", "city": "Kolkata"}}, {"type": "Feature", "geometry": {"type": "Point", "coordinates": [88.31436101272452, 22.563175739049665]}, "properties": {"lst": 30.6, "ndvi": 0.23, "ndbi": 0.047, "risk": "Critical", "heat_zone": 3, "color": "#e74c3c", "city": "Kolkata"}}, {"type": "Feature", "geometry": {"type": "Point", "coordinates": [88.36533245771072, 22.466624626728905]}, "properties": {"lst": 29.4, "ndvi": 0.311, "ndbi": 0.025, "risk": "Critical", "heat_zone": 3, "color": "#e74c3c", "city": "Kolkata"}}, {"type": "Feature", "geometry": {"type": "Point", "coordinates": [88.37979683916336, 22.586885907627103]}, "properties": {"lst": 32.31, "ndvi": 0.409, "ndbi": -0.137, "risk": "High", "heat_zone": 2, "color": "#e67e22", "city": "Kolkata"}}, {"type": "Feature", "geometry": {"type": "Point", "coordinates": [88.36235819399639, 22.57143057701796]}, "properties": {"lst": 32.21, "ndvi": 0.23, "ndbi": 0.096, "risk": "Critical", "heat_zone": 3, "color": "#e74c3c", "city": "Kolkata"}}, {"type": "Feature", "geometry": {"type": "Point", "coordinates": [88.4367486891432, 22.58072402106585]}, "properties": {"lst": 29.87, "ndvi": 0.19, "ndbi": -0.201, "risk": "Critical", "heat_zone": 3, "color": "#e74c3c", "city": "Kolkata"}}, {"type": "Feature", "geometry": {"type": "Point", "coordinates": [88.3724122726389, 22.57462341185893]}, "properties": {"lst": 32.64, "ndvi": 0.305, "ndbi": 0.007, "risk": "Critical", "heat_zone": 3, "color": "#e74c3c", "city": "Kolkata"}}, {"type": "Feature", "geometry": {"type": "Point", "coordinates": [88.33864196003542, 22.56954821803364]}, "properties": {"lst": 23.58, "ndvi": -0.275, "ndbi": -0.401, "risk": "Low", "heat_zone": 0, "color": "#2ecc71", "city": "Kolkata"}}, {"type": "Feature", "geometry": {"type": "Point", "coordinates": [88.38618644611542, 22.564535715582988]}, "properties": {"lst": 31.15, "ndvi": 0.271, "ndbi": -0.027, "risk": "Critical", "heat_zone": 3, "color": "#e74c3c", "city": "Kolkata"}}, {"type": "Feature", "geometry": {"type": "Point", "coordinates": [88.29063761105006, 22.536074957469086]}, "properties": {"lst": 31.39, "ndvi": 0.228, "ndbi": 0.059, "risk": "Critical", "heat_zone": 3, "color": "#e74c3c", "city": "Kolkata"}}, {"type": "Feature", "geometry": {"type": "Point", "coordinates": [88.41696585326379, 22.4664556581142]}, "properties": {"lst": 26.66, "ndvi": 0.648, "ndbi": -0.258, "risk": "Moderate", "heat_zone": 1, "color": "#f1c40f", "city": "Kolkata"}}, {"type": "Feature", "geometry": {"type": "Point", "coordinates": [88.28815089007108, 22.528339260743905]}, "properties": {"lst": 31.23, "ndvi": 0.136, "ndbi": -0.03, "risk": "Critical", "heat_zone": 3, "color": "#e74c3c", "city": "Kolkata"}}, {"type": "Feature", "geometry": {"type": "Point", "coordinates": [88.32603027433834, 22.56664243414325]}, "properties": {"lst": 31.92, "ndvi": 0.159, "ndbi": 0.062, "risk": "Critical", "heat_zone": 3, "color": "#e74c3c", "city": "Kolkata"}}, {"type": "Feature", "geometry": {"type": "Point", "coordinates": [88.43911915841208, 22.504305349707483]}, "properties": {"lst": 25.62, "ndvi": 0.173, "ndbi": -0.517, "risk": "Low", "heat_zone": 0, "color": "#2ecc71", "city": "Kolkata"}}, {"type": "Feature", "geometry": {"type": "Point", "coordinates": [88.3055851647026, 22.59582721870634]}, "properties": {"lst": 31.08, "ndvi": 0.296, "ndbi": 0.027, "risk": "Critical", "heat_zone": 3, "color": "#e74c3c", "city": "Kolkata"}}, {"type": "Feature", "geometry": {"type": "Point", "coordinates": [88.43965684645076, 22.59712657857889]}, "properties": {"lst": 28.94, "ndvi": 0.438, "ndbi": -0.065, "risk": "High", "heat_zone": 2, "color": "#e67e22", "city": "Kolkata"}}, {"type": "Feature", "geometry": {"type": "Point", "coordinates": [88.33473533610002, 22.499758051084815]}, "properties": {"lst": 32.23, "ndvi": 0.273, "ndbi": 0.019, "risk": "Critical", "heat_zone": 3, "color": "#e74c3c", "city": "Kolkata"}}, {"type": "Feature", "geometry": {"type": "Point", "coordinates": [88.3879143344773, 22.4775261189564]}, "properties": {"lst": 29.61, "ndvi": 0.371, "ndbi": -0.106, "risk": "High", "heat_zone": 2, "color": "#e67e22", "city": "Kolkata"}}, {"type": "Feature", "geometry": {"type": "Point", "coordinates": [88.42949169223552, 22.619344257780977]}, "properties": {"lst": 29.04, "ndvi": 0.282, "ndbi": 0.046, "risk": "Critical", "heat_zone": 3, "color": "#e74c3c", "city": "Kolkata"}}, {"type": "Feature", "geometry": {"type": "Point", "coordinates": [88.41712217918382, 22.453073162744616]}, "properties": {"lst": 27.9, "ndvi": 0.393, "ndbi": -0.048, "risk": "High", "heat_zone": 2, "color": "#e67e22", "city": "Kolkata"}}, {"type": "Feature", "geometry": {"type": "Point", "coordinates": [88.44672400051442, 22.594487142191976]}, "properties": {"lst": 28.98, "ndvi": 0.423, "ndbi": -0.103, "risk": "High", "heat_zone": 2, "color": "#e67e22", "city": "Kolkata"}}, {"type": "Feature", "geometry": {"type": "Point", "coordinates": [88.27372188998478, 22.641857586571053]}, "properties": {"lst": 27.71, "ndvi": 0.585, "ndbi": -0.185, "risk": "Moderate", "heat_zone": 1, "color": "#f1c40f", "city": "Kolkata"}}, {"type": "Feature", "geometry": {"type": "Point", "coordinates": [88.4327855945734, 22.554694238019923]}, "properties": {"lst": 24.22, "ndvi": 0.109, "ndbi": -0.437, "risk": "Low", "heat_zone": 0, "color": "#2ecc71", "city": "Kolkata"}}, {"type": "Feature", "geometry": {"type": "Point", "coordinates": [88.39921986920706, 22.5473494466206]}, "properties": {"lst": 29.83, "ndvi": 0.385, "ndbi": -0.125, "risk": "High", "heat_zone": 2, "color": "#e67e22", "city": "Kolkata"}}, {"type": "Feature", "geometry": {"type": "Point", "coordinates": [88.26078477961018, 22.56136627745796]}, "properties": {"lst": 23.43, "ndvi": -0.218, "ndbi": -0.44, "risk": "Low", "heat_zone": 0, "color": "#2ecc71", "city": "Kolkata"}}, {"type": "Feature", "geometry": {"type": "Point", "coordinates": [88.44012360835555, 22.57727007141219]}, "properties": {"lst": 30.22, "ndvi": 0.514, "ndbi": -0.039, "risk": "High", "heat_zone": 2, "color": "#e67e22", "city": "Kolkata"}}, {"type": "Feature", "geometry": {"type": "Point", "coordinates": [88.44618869246148, 22.59895558834676]}, "properties": {"lst": 30.28, "ndvi": 0.301, "ndbi": 0.033, "risk": "Critical", "heat_zone": 3, "color": "#e74c3c", "city": "Kolkata"}}, {"type": "Feature", "geometry": {"type": "Point", "coordinates": [88.34842163299935, 22.50831339689245]}, "properties": {"lst": 28.33, "ndvi": 0.506, "ndbi": -0.237, "risk": "Moderate", "heat_zone": 1, "color": "#f1c40f", "city": "Kolkata"}}, {"type": "Feature", "geometry": {"type": "Point", "coordinates": [88.40676232055024, 22.54670715704404]}, "properties": {"lst": 27.46, "ndvi": 0.33, "ndbi": -0.379, "risk": "High", "heat_zone": 2, "color": "#e67e22", "city": "Kolkata"}}, {"type": "Feature", "geometry": {"type": "Point", "coordinates": [88.27820095703295, 22.5121198759728]}, "properties": {"lst": 28.07, "ndvi": 0.593, "ndbi": -0.223, "risk": "Moderate", "heat_zone": 1, "color": "#f1c40f", "city": "Kolkata"}}, {"type": "Feature", "geometry": {"type": "Point", "coordinates": [88.42414092733816, 22.590853798052173]}, "properties": {"lst": 29.25, "ndvi": 0.253, "ndbi": 0.003, "risk": "Critical", "heat_zone": 3, "color": "#e74c3c", "city": "Kolkata"}}, {"type": "Feature", "geometry": {"type": "Point", "coordinates": [88.4261302373546, 22.560447657921625]}, "properties": {"lst": 24.38, "ndvi": 0.188, "ndbi": -0.522, "risk": "Low", "heat_zone": 0, "color": "#2ecc71", "city": "Kolkata"}}, {"type": "Feature", "geometry": {"type": "Point", "coordinates": [88.28305030020987, 22.59409508071508]}, "properties": {"lst": 28.72, "ndvi": 0.335, "ndbi": 0.069, "risk": "Critical", "heat_zone": 3, "color": "#e74c3c", "city": "Kolkata"}}, {"type": "Feature", "geometry": {"type": "Point", "coordinates": [88.2796826724467, 22.586303333835613]}, "properties": {"lst": 29.85, "ndvi": 0.465, "ndbi": -0.111, "risk": "High", "heat_zone": 2, "color": "#e67e22", "city": "Kolkata"}}, {"type": "Feature", "geometry": {"type": "Point", "coordinates": [88.43443874379895, 22.49818540746485]}, "properties": {"lst": 25.9, "ndvi": 0.334, "ndbi": -0.407, "risk": "Low", "heat_zone": 0, "color": "#2ecc71", "city": "Kolkata"}}, {"type": "Feature", "geometry": {"type": "Point", "coordinates": [88.40673475707354, 22.62978318463397]}, "properties": {"lst": 28.2, "ndvi": 0.632, "ndbi": -0.237, "risk": "Moderate", "heat_zone": 1, "color": "#f1c40f", "city": "Kolkata"}}, {"type": "Feature", "geometry": {"type": "Point", "coordinates": [88.3962381225633, 22.627693404023983]}, "properties": {"lst": 29.27, "ndvi": 0.233, "ndbi": 0.009, "risk": "Critical", "heat_zone": 3, "color": "#e74c3c", "city": "Kolkata"}}, {"type": "Feature", "geometry": {"type": "Point", "coordinates": [88.41973257370434, 22.594252567494223]}, "properties": {"lst": 28.74, "ndvi": 0.225, "ndbi": -0.014, "risk": "Critical", "heat_zone": 3, "color": "#e74c3c", "city": "Kolkata"}}, {"type": "Feature", "geometry": {"type": "Point", "coordinates": [88.38584543723802, 22.451004999451328]}, "properties": {"lst": 28.54, "ndvi": 0.542, "ndbi": -0.197, "risk": "Moderate", "heat_zone": 1, "color": "#f1c40f", "city": "Kolkata"}}, {"type": "Feature", "geometry": {"type": "Point", "coordinates": [88.26051541899868, 22.48283019395932]}, "properties": {"lst": 27.42, "ndvi": 0.655, "ndbi": -0.221, "risk": "Moderate", "heat_zone": 1, "color": "#f1c40f", "city": "Kolkata"}}, {"type": "Feature", "geometry": {"type": "Point", "coordinates": [88.33404084822489, 22.54835150595056]}, "properties": {"lst": 31.38, "ndvi": 0.271, "ndbi": 0.049, "risk": "Critical", "heat_zone": 3, "color": "#e74c3c", "city": "Kolkata"}}, {"type": "Feature", "geometry": {"type": "Point", "coordinates": [88.29471008719617, 22.45815977286835]}, "properties": {"lst": 27.23, "ndvi": 0.594, "ndbi": -0.203, "risk": "Moderate", "heat_zone": 1, "color": "#f1c40f", "city": "Kolkata"}}, {"type": "Feature", "geometry": {"type": "Point", "coordinates": [88.29866497930988, 22.52301370909993]}, "properties": {"lst": 31.32, "ndvi": 0.272, "ndbi": 0.022, "risk": "Critical", "heat_zone": 3, "color": "#e74c3c", "city": "Kolkata"}}, {"type": "Feature", "geometry": {"type": "Point", "coordinates": [88.41451610507835, 22.533040897280717]}, "properties": {"lst": 26.45, "ndvi": 0.54, "ndbi": -0.254, "risk": "Moderate", "heat_zone": 1, "color": "#f1c40f", "city": "Kolkata"}}, {"type": "Feature", "geometry": {"type": "Point", "coordinates": [88.35773978687922, 22.565571317541327]}, "properties": {"lst": 31.65, "ndvi": 0.273, "ndbi": 0.043, "risk": "Critical", "heat_zone": 3, "color": "#e74c3c", "city": "Kolkata"}}, {"type": "Feature", "geometry": {"type": "Point", "coordinates": [88.34337381607115, 22.503932054978293]}, "properties": {"lst": 32.72, "ndvi": 0.245, "ndbi": 0.116, "risk": "Critical", "heat_zone": 3, "color": "#e74c3c", "city": "Kolkata"}}, {"type": "Feature", "geometry": {"type": "Point", "coordinates": [88.32004698775795, 22.60998967985069]}, "properties": {"lst": 31.34, "ndvi": 0.231, "ndbi": 0.03, "risk": "Critical", "heat_zone": 3, "color": "#e74c3c", "city": "Kolkata"}}, {"type": "Feature", "geometry": {"type": "Point", "coordinates": [88.29814287318456, 22.53343381078071]}, "properties": {"lst": 32.81, "ndvi": 0.192, "ndbi": -0.019, "risk": "Critical", "heat_zone": 3, "color": "#e74c3c", "city": "Kolkata"}}, {"type": "Feature", "geometry": {"type": "Point", "coordinates": [88.43090777319703, 22.54218869330678]}, "properties": {"lst": 23.91, "ndvi": 0.053, "ndbi": -0.458, "risk": "Low", "heat_zone": 0, "color": "#2ecc71", "city": "Kolkata"}}, {"type": "Feature", "geometry": {"type": "Point", "coordinates": [88.41080916395121, 22.590072063504625]}, "properties": {"lst": 31.33, "ndvi": 0.307, "ndbi": 0.131, "risk": "Critical", "heat_zone": 3, "color": "#e74c3c", "city": "Kolkata"}}, {"type": "Feature", "geometry": {"type": "Point", "coordinates": [88.44113616747215, 22.63149220897582]}, "properties": {"lst": 28.65, "ndvi": 0.339, "ndbi": -0.058, "risk": "High", "heat_zone": 2, "color": "#e67e22", "city": "Kolkata"}}, {"type": "Feature", "geometry": {"type": "Point", "coordinates": [88.3303057769943, 22.602969268920493]}, "properties": {"lst": 33.15, "ndvi": 0.242, "ndbi": -0.043, "risk": "Critical", "heat_zone": 3, "color": "#e74c3c", "city": "Kolkata"}}, {"type": "Feature", "geometry": {"type": "Point", "coordinates": [88.42656260674347, 22.545944021155854]}, "properties": {"lst": 25.4, "ndvi": 0.159, "ndbi": -0.47, "risk": "Low", "heat_zone": 0, "color": "#2ecc71", "city": "Kolkata"}}, {"type": "Feature", "geometry": {"type": "Point", "coordinates": [88.39082629494425, 22.639504470557025]}, "properties": {"lst": 29.11, "ndvi": 0.343, "ndbi": -0.15, "risk": "High", "heat_zone": 2, "color": "#e67e22", "city": "Kolkata"}}, {"type": "Feature", "geometry": {"type": "Point", "coordinates": [88.28399942354085, 22.53258509662576]}, "properties": {"lst": 27.98, "ndvi": 0.5, "ndbi": -0.184, "risk": "Moderate", "heat_zone": 1, "color": "#f1c40f", "city": "Kolkata"}}, {"type": "Feature", "geometry": {"type": "Point", "coordinates": [88.3984619214042, 22.59675427181068]}, "properties": {"lst": 30.24, "ndvi": 0.452, "ndbi": -0.087, "risk": "High", "heat_zone": 2, "color": "#e67e22", "city": "Kolkata"}}, {"type": "Feature", "geometry": {"type": "Point", "coordinates": [88.33418314000004, 22.605791910087834]}, "properties": {"lst": 31.2, "ndvi": 0.376, "ndbi": -0.041, "risk": "Critical", "heat_zone": 3, "color": "#e74c3c", "city": "Kolkata"}}, {"type": "Feature", "geometry": {"type": "Point", "coordinates": [88.38575607257053, 22.57575916710257]}, "properties": {"lst": 30.57, "ndvi": 0.226, "ndbi": 0.028, "risk": "Critical", "heat_zone": 3, "color": "#e74c3c", "city": "Kolkata"}}, {"type": "Feature", "geometry": {"type": "Point", "coordinates": [88.27138805451438, 22.457334269414304]}, "properties": {"lst": 26.75, "ndvi": 0.647, "ndbi": -0.216, "risk": "Moderate", "heat_zone": 1, "color": "#f1c40f", "city": "Kolkata"}}, {"type": "Feature", "geometry": {"type": "Point", "coordinates": [88.40994559002891, 22.601450708088752]}, "properties": {"lst": 29.18, "ndvi": 0.267, "ndbi": -0.11, "risk": "Critical", "heat_zone": 3, "color": "#e74c3c", "city": "Kolkata"}}, {"type": "Feature", "geometry": {"type": "Point", "coordinates": [88.39635498600904, 22.574428940082377]}, "properties": {"lst": 31.02, "ndvi": 0.229, "ndbi": 0.041, "risk": "Critical", "heat_zone": 3, "color": "#e74c3c", "city": "Kolkata"}}, {"type": "Feature", "geometry": {"type": "Point", "coordinates": [88.28277343309341, 22.476549213952843]}, "properties": {"lst": 28.39, "ndvi": 0.45, "ndbi": -0.078, "risk": "High", "heat_zone": 2, "color": "#e67e22", "city": "Kolkata"}}, {"type": "Feature", "geometry": {"type": "Point", "coordinates": [88.34649869633236, 22.49710441807953]}, "properties": {"lst": 30.03, "ndvi": 0.264, "ndbi": 0.012, "risk": "Critical", "heat_zone": 3, "color": "#e74c3c", "city": "Kolkata"}}, {"type": "Feature", "geometry": {"type": "Point", "coordinates": [88.2965642891185, 22.51361617708868]}, "properties": {"lst": 29.98, "ndvi": 0.412, "ndbi": -0.059, "risk": "High", "heat_zone": 2, "color": "#e67e22", "city": "Kolkata"}}, {"type": "Feature", "geometry": {"type": "Point", "coordinates": [88.30699640401038, 22.487302048531124]}, "properties": {"lst": 29.64, "ndvi": 0.378, "ndbi": -0.028, "risk": "High", "heat_zone": 2, "color": "#e67e22", "city": "Kolkata"}}, {"type": "Feature", "geometry": {"type": "Point", "coordinates": [88.33346447750904, 22.52375504045951]}, "properties": {"lst": 29.58, "ndvi": 0.542, "ndbi": -0.174, "risk": "Moderate", "heat_zone": 1, "color": "#f1c40f", "city": "Kolkata"}}, {"type": "Feature", "geometry": {"type": "Point", "coordinates": [88.44854698171379, 22.488490027246232]}, "properties": {"lst": 26.43, "ndvi": 0.484, "ndbi": -0.294, "risk": "Moderate", "heat_zone": 1, "color": "#f1c40f", "city": "Kolkata"}}, {"type": "Feature", "geometry": {"type": "Point", "coordinates": [88.35341797886493, 22.55197326231777]}, "properties": {"lst": 30.68, "ndvi": 0.3, "ndbi": -0.027, "risk": "Critical", "heat_zone": 3, "color": "#e74c3c", "city": "Kolkata"}}, {"type": "Feature", "geometry": {"type": "Point", "coordinates": [88.40365467964457, 22.504907693811035]}, "properties": {"lst": 29.61, "ndvi": 0.349, "ndbi": -0.071, "risk": "High", "heat_zone": 2, "color": "#e67e22", "city": "Kolkata"}}, {"type": "Feature", "geometry": {"type": "Point", "coordinates": [88.4167033264848, 22.628011739078996]}, "properties": {"lst": 29.27, "ndvi": 0.297, "ndbi": -0.027, "risk": "Critical", "heat_zone": 3, "color": "#e74c3c", "city": "Kolkata"}}, {"type": "Feature", "geometry": {"type": "Point", "coordinates": [88.3985060009433, 22.47771214417024]}, "properties": {"lst": 28.06, "ndvi": 0.578, "ndbi": -0.278, "risk": "Moderate", "heat_zone": 1, "color": "#f1c40f", "city": "Kolkata"}}, {"type": "Feature", "geometry": {"type": "Point", "coordinates": [88.43330338279841, 22.526193698107026]}, "properties": {"lst": 28.01, "ndvi": 0.477, "ndbi": -0.141, "risk": "High", "heat_zone": 2, "color": "#e67e22", "city": "Kolkata"}}, {"type": "Feature", "geometry": {"type": "Point", "coordinates": [88.27019456624672, 22.51006137419161]}, "properties": {"lst": 27.65, "ndvi": 0.538, "ndbi": -0.123, "risk": "Moderate", "heat_zone": 1, "color": "#f1c40f", "city": "Kolkata"}}, {"type": "Feature", "geometry": {"type": "Point", "coordinates": [88.39524263076838, 22.60787226120978]}, "properties": {"lst": 31.09, "ndvi": 0.362, "ndbi": -0.077, "risk": "Critical", "heat_zone": 3, "color": "#e74c3c", "city": "Kolkata"}}, {"type": "Feature", "geometry": {"type": "Point", "coordinates": [88.25566147706176, 22.63722433188777]}, "properties": {"lst": 27.51, "ndvi": 0.686, "ndbi": -0.322, "risk": "Moderate", "heat_zone": 1, "color": "#f1c40f", "city": "Kolkata"}}, {"type": "Feature", "geometry": {"type": "Point", "coordinates": [88.43714947962872, 22.49639027780689]}, "properties": {"lst": 26.96, "ndvi": 0.484, "ndbi": -0.25, "risk": "Moderate", "heat_zone": 1, "color": "#f1c40f", "city": "Kolkata"}}, {"type": "Feature", "geometry": {"type": "Point", "coordinates": [88.3203411816255, 22.56180909283698]}, "properties": {"lst": 30.66, "ndvi": 0.383, "ndbi": -0.125, "risk": "High", "heat_zone": 2, "color": "#e67e22", "city": "Kolkata"}}, {"type": "Feature", "geometry": {"type": "Point", "coordinates": [88.44660136071617, 22.46660173446727]}, "properties": {"lst": 28.35, "ndvi": 0.515, "ndbi": -0.148, "risk": "High", "heat_zone": 2, "color": "#e67e22", "city": "Kolkata"}}, {"type": "Feature", "geometry": {"type": "Point", "coordinates": [88.3811448133743, 22.6273819306446]}, "properties": {"lst": 29.47, "ndvi": 0.491, "ndbi": -0.17, "risk": "High", "heat_zone": 2, "color": "#e67e22", "city": "Kolkata"}}, {"type": "Feature", "geometry": {"type": "Point", "coordinates": [88.39711229043685, 22.47081222745384]}, "properties": {"lst": 28.52, "ndvi": 0.21, "ndbi": -0.089, "risk": "Critical", "heat_zone": 3, "color": "#e74c3c", "city": "Kolkata"}}, {"type": "Feature", "geometry": {"type": "Point", "coordinates": [88.36013634061162, 22.53243229908048]}, "properties": {"lst": 30.08, "ndvi": 0.366, "ndbi": -0.066, "risk": "High", "heat_zone": 2, "color": "#e67e22", "city": "Kolkata"}}, {"type": "Feature", "geometry": {"type": "Point", "coordinates": [88.30670133375338, 22.618194559418885]}, "properties": {"lst": 27.69, "ndvi": 0.353, "ndbi": -0.025, "risk": "High", "heat_zone": 2, "color": "#e67e22", "city": "Kolkata"}}, {"type": "Feature", "geometry": {"type": "Point", "coordinates": [88.38670599289972, 22.485500112438174]}, "properties": {"lst": 28.57, "ndvi": 0.395, "ndbi": -0.045, "risk": "High", "heat_zone": 2, "color": "#e67e22", "city": "Kolkata"}}, {"type": "Feature", "geometry": {"type": "Point", "coordinates": [88.28676029443037, 22.61622204787289]}, "properties": {"lst": 29.93, "ndvi": 0.308, "ndbi": -0.008, "risk": "Critical", "heat_zone": 3, "color": "#e74c3c", "city": "Kolkata"}}, {"type": "Feature", "geometry": {"type": "Point", "coordinates": [88.2778110790915, 22.621801050508825]}, "properties": {"lst": 29.5, "ndvi": 0.444, "ndbi": -0.099, "risk": "High", "heat_zone": 2, "color": "#e67e22", "city": "Kolkata"}}, {"type": "Feature", "geometry": {"type": "Point", "coordinates": [88.29101953562119, 22.500721611964103]}, "properties": {"lst": 27.21, "ndvi": 0.69, "ndbi": -0.271, "risk": "Moderate", "heat_zone": 1, "color": "#f1c40f", "city": "Kolkata"}}, {"type": "Feature", "geometry": {"type": "Point", "coordinates": [88.4302847447006, 22.64482775956517]}, "properties": {"lst": 29.99, "ndvi": 0.227, "ndbi": 0.016, "risk": "Critical", "heat_zone": 3, "color": "#e74c3c", "city": "Kolkata"}}, {"type": "Feature", "geometry": {"type": "Point", "coordinates": [88.30702358480235, 22.57143953742728]}, "properties": {"lst": 30.21, "ndvi": 0.322, "ndbi": -0.026, "risk": "Critical", "heat_zone": 3, "color": "#e74c3c", "city": "Kolkata"}}, {"type": "Feature", "geometry": {"type": "Point", "coordinates": [88.39836915921572, 22.503407727143838]}, "properties": {"lst": 29.33, "ndvi": 0.206, "ndbi": -0.034, "risk": "Critical", "heat_zone": 3, "color": "#e74c3c", "city": "Kolkata"}}, {"type": "Feature", "geometry": {"type": "Point", "coordinates": [88.37645212371456, 22.461431314030808]}, "properties": {"lst": 29.35, "ndvi": 0.384, "ndbi": -0.05, "risk": "High", "heat_zone": 2, "color": "#e67e22", "city": "Kolkata"}}, {"type": "Feature", "geometry": {"type": "Point", "coordinates": [88.44185179650131, 22.517699739366893]}, "properties": {"lst": 24.27, "ndvi": 0.144, "ndbi": -0.502, "risk": "Low", "heat_zone": 0, "color": "#2ecc71", "city": "Kolkata"}}, {"type": "Feature", "geometry": {"type": "Point", "coordinates": [88.25683099640531, 22.62061016145024]}, "properties": {"lst": 29.71, "ndvi": 0.497, "ndbi": -0.126, "risk": "High", "heat_zone": 2, "color": "#e67e22", "city": "Kolkata"}}, {"type": "Feature", "geometry": {"type": "Point", "coordinates": [88.37311584999335, 22.4848988841604]}, "properties": {"lst": 30.2, "ndvi": 0.179, "ndbi": 0.107, "risk": "Critical", "heat_zone": 3, "color": "#e74c3c", "city": "Kolkata"}}, {"type": "Feature", "geometry": {"type": "Point", "coordinates": [88.28717149743791, 22.64003970472168]}, "properties": {"lst": 28.56, "ndvi": 0.55, "ndbi": -0.149, "risk": "Moderate", "heat_zone": 1, "color": "#f1c40f", "city": "Kolkata"}}, {"type": "Feature", "geometry": {"type": "Point", "coordinates": [88.43904713692176, 22.549534906191155]}, "properties": {"lst": 23.97, "ndvi": 0.189, "ndbi": -0.48, "risk": "Low", "heat_zone": 0, "color": "#2ecc71", "city": "Kolkata"}}, {"type": "Feature", "geometry": {"type": "Point", "coordinates": [88.33878728014533, 22.50088409695229]}, "properties": {"lst": 29.44, "ndvi": 0.435, "ndbi": -0.144, "risk": "High", "heat_zone": 2, "color": "#e67e22", "city": "Kolkata"}}, {"type": "Feature", "geometry": {"type": "Point", "coordinates": [88.3141460516355, 22.535242979523375]}, "properties": {"lst": 31.99, "ndvi": 0.121, "ndbi": -0.004, "risk": "Critical", "heat_zone": 3, "color": "#e74c3c", "city": "Kolkata"}}, {"type": "Feature", "geometry": {"type": "Point", "coordinates": [88.40689922317361, 22.56020586222506]}, "properties": {"lst": 31.93, "ndvi": 0.257, "ndbi": 0.011, "risk": "Critical", "heat_zone": 3, "color": "#e74c3c", "city": "Kolkata"}}, {"type": "Feature", "geometry": {"type": "Point", "coordinates": [88.39416132128, 22.548354655548827]}, "properties": {"lst": 30.65, "ndvi": 0.43, "ndbi": -0.077, "risk": "High", "heat_zone": 2, "color": "#e67e22", "city": "Kolkata"}}, {"type": "Feature", "geometry": {"type": "Point", "coordinates": [88.33985461749569, 22.62771210134658]}, "properties": {"lst": 32.71, "ndvi": 0.307, "ndbi": -0.066, "risk": "Critical", "heat_zone": 3, "color": "#e74c3c", "city": "Kolkata"}}, {"type": "Feature", "geometry": {"type": "Point", "coordinates": [88.437500276194, 22.533286540422743]}, "properties": {"lst": 27.11, "ndvi": 0.361, "ndbi": -0.353, "risk": "High", "heat_zone": 2, "color": "#e67e22", "city": "Kolkata"}}, {"type": "Feature", "geometry": {"type": "Point", "coordinates": [88.32457668427392, 22.577241411140516]}, "properties": {"lst": 30.49, "ndvi": 0.232, "ndbi": 0.08, "risk": "Critical", "heat_zone": 3, "color": "#e74c3c", "city": "Kolkata"}}, {"type": "Feature", "geometry": {"type": "Point", "coordinates": [88.28699571923912, 22.5879855667979]}, "properties": {"lst": 28.8, "ndvi": 0.414, "ndbi": -0.107, "risk": "High", "heat_zone": 2, "color": "#e67e22", "city": "Kolkata"}}, {"type": "Feature", "geometry": {"type": "Point", "coordinates": [88.27173037507727, 22.49150876424017]}, "properties": {"lst": 27.42, "ndvi": 0.378, "ndbi": -0.031, "risk": "High", "heat_zone": 2, "color": "#e67e22", "city": "Kolkata"}}, {"type": "Feature", "geometry": {"type": "Point", "coordinates": [88.3330566063643, 22.623523094723986]}, "properties": {"lst": 30.84, "ndvi": 0.375, "ndbi": -0.078, "risk": "High", "heat_zone": 2, "color": "#e67e22", "city": "Kolkata"}}, {"type": "Feature", "geometry": {"type": "Point", "coordinates": [88.28602156627214, 22.556633299101343]}, "properties": {"lst": 28.12, "ndvi": 0.581, "ndbi": -0.177, "risk": "Moderate", "heat_zone": 1, "color": "#f1c40f", "city": "Kolkata"}}, {"type": "Feature", "geometry": {"type": "Point", "coordinates": [88.4229811402244, 22.61247370397301]}, "properties": {"lst": 29.63, "ndvi": 0.217, "ndbi": 0.045, "risk": "Critical", "heat_zone": 3, "color": "#e74c3c", "city": "Kolkata"}}, {"type": "Feature", "geometry": {"type": "Point", "coordinates": [88.26587820256114, 22.646884079054608]}, "properties": {"lst": 27.24, "ndvi": 0.686, "ndbi": -0.356, "risk": "Moderate", "heat_zone": 1, "color": "#f1c40f", "city": "Kolkata"}}, {"type": "Feature", "geometry": {"type": "Point", "coordinates": [88.35893671534711, 22.490376136719053]}, "properties": {"lst": 28.71, "ndvi": 0.582, "ndbi": -0.139, "risk": "Moderate", "heat_zone": 1, "color": "#f1c40f", "city": "Kolkata"}}, {"type": "Feature", "geometry": {"type": "Point", "coordinates": [88.32889790158173, 22.63862309819772]}, "properties": {"lst": 29.04, "ndvi": 0.498, "ndbi": -0.126, "risk": "High", "heat_zone": 2, "color": "#e67e22", "city": "Kolkata"}}, {"type": "Feature", "geometry": {"type": "Point", "coordinates": [88.40032979205155, 22.58544523451678]}, "properties": {"lst": 30.57, "ndvi": 0.251, "ndbi": 0.02, "risk": "Critical", "heat_zone": 3, "color": "#e74c3c", "city": "Kolkata"}}, {"type": "Feature", "geometry": {"type": "Point", "coordinates": [88.4001637860462, 22.49467763353552]}, "properties": {"lst": 29.71, "ndvi": 0.434, "ndbi": -0.213, "risk": "High", "heat_zone": 2, "color": "#e67e22", "city": "Kolkata"}}, {"type": "Feature", "geometry": {"type": "Point", "coordinates": [88.26115908105879, 22.54011736261924]}, "properties": {"lst": 29.64, "ndvi": 0.346, "ndbi": -0.022, "risk": "Critical", "heat_zone": 3, "color": "#e74c3c", "city": "Kolkata"}}, {"type": "Feature", "geometry": {"type": "Point", "coordinates": [88.32197983625102, 22.492677850158405]}, "properties": {"lst": 28.11, "ndvi": 0.409, "ndbi": -0.283, "risk": "High", "heat_zone": 2, "color": "#e67e22", "city": "Kolkata"}}, {"type": "Feature", "geometry": {"type": "Point", "coordinates": [88.2547065704495, 22.45871341140394]}, "properties": {"lst": 26.75, "ndvi": 0.619, "ndbi": -0.215, "risk": "Moderate", "heat_zone": 1, "color": "#f1c40f", "city": "Kolkata"}}, {"type": "Feature", "geometry": {"type": "Point", "coordinates": [88.40949781570903, 22.455920019680143]}, "properties": {"lst": 27.99, "ndvi": 0.449, "ndbi": -0.105, "risk": "High", "heat_zone": 2, "color": "#e67e22", "city": "Kolkata"}}, {"type": "Feature", "geometry": {"type": "Point", "coordinates": [88.34424751451024, 22.62401680812597]}, "properties": {"lst": 29.18, "ndvi": 0.447, "ndbi": -0.105, "risk": "High", "heat_zone": 2, "color": "#e67e22", "city": "Kolkata"}}, {"type": "Feature", "geometry": {"type": "Point", "coordinates": [88.2984435291306, 22.625330992917416]}, "properties": {"lst": 29.19, "ndvi": 0.622, "ndbi": -0.173, "risk": "Moderate", "heat_zone": 1, "color": "#f1c40f", "city": "Kolkata"}}, {"type": "Feature", "geometry": {"type": "Point", "coordinates": [88.44825710317876, 22.549332187186103]}, "properties": {"lst": 28.06, "ndvi": 0.347, "ndbi": -0.295, "risk": "High", "heat_zone": 2, "color": "#e67e22", "city": "Kolkata"}}, {"type": "Feature", "geometry": {"type": "Point", "coordinates": [88.40345178852836, 22.63243829741712]}, "properties": {"lst": 29.31, "ndvi": 0.252, "ndbi": 0.046, "risk": "Critical", "heat_zone": 3, "color": "#e74c3c", "city": "Kolkata"}}, {"type": "Feature", "geometry": {"type": "Point", "coordinates": [88.39400783125119, 22.568255667201544]}, "properties": {"lst": 29.95, "ndvi": 0.223, "ndbi": 0.064, "risk": "Critical", "heat_zone": 3, "color": "#e74c3c", "city": "Kolkata"}}, {"type": "Feature", "geometry": {"type": "Point", "coordinates": [88.28590395617431, 22.57543742586456]}, "properties": {"lst": 29.91, "ndvi": 0.39, "ndbi": -0.042, "risk": "High", "heat_zone": 2, "color": "#e67e22", "city": "Kolkata"}}, {"type": "Feature", "geometry": {"type": "Point", "coordinates": [88.26371983555416, 22.565760500066755]}, "properties": {"lst": 27.05, "ndvi": 0.56, "ndbi": -0.261, "risk": "Moderate", "heat_zone": 1, "color": "#f1c40f", "city": "Kolkata"}}, {"type": "Feature", "geometry": {"type": "Point", "coordinates": [88.35317668222993, 22.56368116871487]}, "properties": {"lst": 32.05, "ndvi": 0.218, "ndbi": 0.032, "risk": "Critical", "heat_zone": 3, "color": "#e74c3c", "city": "Kolkata"}}, {"type": "Feature", "geometry": {"type": "Point", "coordinates": [88.26799584702383, 22.63283353778695]}, "properties": {"lst": 27.92, "ndvi": 0.735, "ndbi": -0.23, "risk": "Moderate", "heat_zone": 1, "color": "#f1c40f", "city": "Kolkata"}}, {"type": "Feature", "geometry": {"type": "Point", "coordinates": [88.44113719230045, 22.49274465619802]}, "properties": {"lst": 26.68, "ndvi": 0.35, "ndbi": -0.248, "risk": "High", "heat_zone": 2, "color": "#e67e22", "city": "Kolkata"}}, {"type": "Feature", "geometry": {"type": "Point", "coordinates": [88.41774736431496, 22.63575249569122]}, "properties": {"lst": 31.07, "ndvi": 0.241, "ndbi": 0.041, "risk": "Critical", "heat_zone": 3, "color": "#e74c3c", "city": "Kolkata"}}, {"type": "Feature", "geometry": {"type": "Point", "coordinates": [88.26398333599988, 22.573702907162392]}, "properties": {"lst": 30.22, "ndvi": 0.312, "ndbi": 0.024, "risk": "Critical", "heat_zone": 3, "color": "#e74c3c", "city": "Kolkata"}}, {"type": "Feature", "geometry": {"type": "Point", "coordinates": [88.4351093844421, 22.552294078835978]}, "properties": {"lst": 25.46, "ndvi": 0.443, "ndbi": -0.385, "risk": "Moderate", "heat_zone": 1, "color": "#f1c40f", "city": "Kolkata"}}, {"type": "Feature", "geometry": {"type": "Point", "coordinates": [88.25412837179209, 22.451084731407388]}, "properties": {"lst": 26.91, "ndvi": 0.646, "ndbi": -0.265, "risk": "Moderate", "heat_zone": 1, "color": "#f1c40f", "city": "Kolkata"}}, {"type": "Feature", "geometry": {"type": "Point", "coordinates": [88.3370055008327, 22.51484787036074]}, "properties": {"lst": 30.86, "ndvi": 0.329, "ndbi": 0.013, "risk": "Critical", "heat_zone": 3, "color": "#e74c3c", "city": "Kolkata"}}, {"type": "Feature", "geometry": {"type": "Point", "coordinates": [88.39070676537862, 22.53617946848911]}, "properties": {"lst": 31.99, "ndvi": 0.138, "ndbi": 0.061, "risk": "Critical", "heat_zone": 3, "color": "#e74c3c", "city": "Kolkata"}}, {"type": "Feature", "geometry": {"type": "Point", "coordinates": [88.39081883837059, 22.537791639705155]}, "properties": {"lst": 31.29, "ndvi": 0.299, "ndbi": -0.118, "risk": "Critical", "heat_zone": 3, "color": "#e74c3c", "city": "Kolkata"}}, {"type": "Feature", "geometry": {"type": "Point", "coordinates": [88.36407605155493, 22.511008715139468]}, "properties": {"lst": 27.14, "ndvi": 0.611, "ndbi": -0.266, "risk": "Moderate", "heat_zone": 1, "color": "#f1c40f", "city": "Kolkata"}}, {"type": "Feature", "geometry": {"type": "Point", "coordinates": [88.37938728027254, 22.474062734117823]}, "properties": {"lst": 29.58, "ndvi": 0.416, "ndbi": -0.084, "risk": "High", "heat_zone": 2, "color": "#e67e22", "city": "Kolkata"}}, {"type": "Feature", "geometry": {"type": "Point", "coordinates": [88.3559208683402, 22.597762076341077]}, "properties": {"lst": 30.57, "ndvi": 0.194, "ndbi": 0.049, "risk": "Critical", "heat_zone": 3, "color": "#e74c3c", "city": "Kolkata"}}, {"type": "Feature", "geometry": {"type": "Point", "coordinates": [88.41979925624744, 22.585637470239707]}, "properties": {"lst": 30.94, "ndvi": 0.416, "ndbi": -0.021, "risk": "High", "heat_zone": 2, "color": "#e67e22", "city": "Kolkata"}}, {"type": "Feature", "geometry": {"type": "Point", "coordinates": [88.2795094035595, 22.61566428966609]}, "properties": {"lst": 29.06, "ndvi": 0.403, "ndbi": -0.097, "risk": "High", "heat_zone": 2, "color": "#e67e22", "city": "Kolkata"}}, {"type": "Feature", "geometry": {"type": "Point", "coordinates": [88.28011670662471, 22.52786649747159]}, "properties": {"lst": 28.65, "ndvi": 0.423, "ndbi": -0.033, "risk": "High", "heat_zone": 2, "color": "#e67e22", "city": "Kolkata"}}, {"type": "Feature", "geometry": {"type": "Point", "coordinates": [88.3625984345119, 22.48324684690365]}, "properties": {"lst": 30.13, "ndvi": 0.346, "ndbi": -0.027, "risk": "Critical", "heat_zone": 3, "color": "#e74c3c", "city": "Kolkata"}}, {"type": "Feature", "geometry": {"type": "Point", "coordinates": [88.31159219569362, 22.534958519904432]}, "properties": {"lst": 33.03, "ndvi": 0.157, "ndbi": 0.187, "risk": "Critical", "heat_zone": 3, "color": "#e74c3c", "city": "Kolkata"}}, {"type": "Feature", "geometry": {"type": "Point", "coordinates": [88.38331353043318, 22.633034262764117]}, "properties": {"lst": 30.38, "ndvi": 0.205, "ndbi": 0.033, "risk": "Critical", "heat_zone": 3, "color": "#e74c3c", "city": "Kolkata"}}, {"type": "Feature", "geometry": {"type": "Point", "coordinates": [88.33803360540357, 22.5076989883995]}, "properties": {"lst": 30.34, "ndvi": 0.283, "ndbi": -0.013, "risk": "Critical", "heat_zone": 3, "color": "#e74c3c", "city": "Kolkata"}}, {"type": "Feature", "geometry": {"type": "Point", "coordinates": [88.27911350739403, 22.61602784545543]}, "properties": {"lst": 29.74, "ndvi": 0.462, "ndbi": -0.053, "risk": "High", "heat_zone": 2, "color": "#e67e22", "city": "Kolkata"}}, {"type": "Feature", "geometry": {"type": "Point", "coordinates": [88.29982211775376, 22.482526919299424]}, "properties": {"lst": 28.66, "ndvi": 0.37, "ndbi": -0.219, "risk": "High", "heat_zone": 2, "color": "#e67e22", "city": "Kolkata"}}, {"type": "Feature", "geometry": {"type": "Point", "coordinates": [88.28685792754655, 22.51427642958362]}, "properties": {"lst": 33.44, "ndvi": 0.306, "ndbi": 0.047, "risk": "Critical", "heat_zone": 3, "color": "#e74c3c", "city": "Kolkata"}}, {"type": "Feature", "geometry": {"type": "Point", "coordinates": [88.30439367256093, 22.579853624692284]}, "properties": {"lst": 29.88, "ndvi": 0.298, "ndbi": 0.011, "risk": "Critical", "heat_zone": 3, "color": "#e74c3c", "city": "Kolkata"}}, {"type": "Feature", "geometry": {"type": "Point", "coordinates": [88.39452788181676, 22.479925447946588]}, "properties": {"lst": 29.75, "ndvi": 0.241, "ndbi": 0.046, "risk": "Critical", "heat_zone": 3, "color": "#e74c3c", "city": "Kolkata"}}, {"type": "Feature", "geometry": {"type": "Point", "coordinates": [88.40217262040663, 22.6459505821024]}, "properties": {"lst": 29.8, "ndvi": 0.307, "ndbi": 0.022, "risk": "Critical", "heat_zone": 3, "color": "#e74c3c", "city": "Kolkata"}}, {"type": "Feature", "geometry": {"type": "Point", "coordinates": [88.37529224575327, 22.477119014521616]}, "properties": {"lst": 29.92, "ndvi": 0.348, "ndbi": -0.144, "risk": "High", "heat_zone": 2, "color": "#e67e22", "city": "Kolkata"}}, {"type": "Feature", "geometry": {"type": "Point", "coordinates": [88.34617824741618, 22.587656642696377]}, "properties": {"lst": 24.16, "ndvi": -0.227, "ndbi": -0.405, "risk": "Low", "heat_zone": 0, "color": "#2ecc71", "city": "Kolkata"}}, {"type": "Feature", "geometry": {"type": "Point", "coordinates": [88.41608570286488, 22.51189560693835]}, "properties": {"lst": 29.17, "ndvi": 0.3, "ndbi": -0.05, "risk": "Critical", "heat_zone": 3, "color": "#e74c3c", "city": "Kolkata"}}, {"type": "Feature", "geometry": {"type": "Point", "coordinates": [88.30586217326463, 22.591581345592058]}, "properties": {"lst": 30.85, "ndvi": 0.288, "ndbi": 0.006, "risk": "Critical", "heat_zone": 3, "color": "#e74c3c", "city": "Kolkata"}}, {"type": "Feature", "geometry": {"type": "Point", "coordinates": [88.41730584779397, 22.50002607036807]}, "properties": {"lst": 26.0, "ndvi": 0.084, "ndbi": -0.434, "risk": "Low", "heat_zone": 0, "color": "#2ecc71", "city": "Kolkata"}}, {"type": "Feature", "geometry": {"type": "Point", "coordinates": [88.32138722053729, 22.61129618848969]}, "properties": {"lst": 29.89, "ndvi": 0.269, "ndbi": 0.008, "risk": "Critical", "heat_zone": 3, "color": "#e74c3c", "city": "Kolkata"}}, {"type": "Feature", "geometry": {"type": "Point", "coordinates": [88.37785767364832, 22.60174895906304]}, "properties": {"lst": 29.7, "ndvi": 0.293, "ndbi": -0.152, "risk": "High", "heat_zone": 2, "color": "#e67e22", "city": "Kolkata"}}, {"type": "Feature", "geometry": {"type": "Point", "coordinates": [88.37364255978521, 22.49765858421187]}, "properties": {"lst": 29.51, "ndvi": 0.411, "ndbi": -0.079, "risk": "High", "heat_zone": 2, "color": "#e67e22", "city": "Kolkata"}}, {"type": "Feature", "geometry": {"type": "Point", "coordinates": [88.33163460731608, 22.54004875700416]}, "properties": {"lst": 29.59, "ndvi": 0.484, "ndbi": -0.267, "risk": "High", "heat_zone": 2, "color": "#e67e22", "city": "Kolkata"}}, {"type": "Feature", "geometry": {"type": "Point", "coordinates": [88.28310541506114, 22.578502463413088]}, "properties": {"lst": 28.83, "ndvi": 0.366, "ndbi": -0.033, "risk": "High", "heat_zone": 2, "color": "#e67e22", "city": "Kolkata"}}, {"type": "Feature", "geometry": {"type": "Point", "coordinates": [88.41949913636414, 22.55415601308068]}, "properties": {"lst": 25.09, "ndvi": 0.126, "ndbi": -0.432, "risk": "Low", "heat_zone": 0, "color": "#2ecc71", "city": "Kolkata"}}, {"type": "Feature", "geometry": {"type": "Point", "coordinates": [88.44915040452335, 22.511494867485613]}, "properties": {"lst": 26.03, "ndvi": 0.529, "ndbi": -0.279, "risk": "Moderate", "heat_zone": 1, "color": "#f1c40f", "city": "Kolkata"}}, {"type": "Feature", "geometry": {"type": "Point", "coordinates": [88.42705053501219, 22.56118326664951]}, "properties": {"lst": 25.48, "ndvi": 0.679, "ndbi": -0.43, "risk": "Moderate", "heat_zone": 1, "color": "#f1c40f", "city": "Kolkata"}}, {"type": "Feature", "geometry": {"type": "Point", "coordinates": [88.26856559784589, 22.583035472613464]}, "properties": {"lst": 28.81, "ndvi": 0.402, "ndbi": -0.129, "risk": "High", "heat_zone": 2, "color": "#e67e22", "city": "Kolkata"}}, {"type": "Feature", "geometry": {"type": "Point", "coordinates": [88.28228106567934, 22.619413022903217]}, "properties": {"lst": 29.99, "ndvi": 0.336, "ndbi": -0.063, "risk": "Critical", "heat_zone": 3, "color": "#e74c3c", "city": "Kolkata"}}, {"type": "Feature", "geometry": {"type": "Point", "coordinates": [88.326524766067, 22.541578512160548]}, "properties": {"lst": 34.29, "ndvi": 0.164, "ndbi": 0.021, "risk": "Critical", "heat_zone": 3, "color": "#e74c3c", "city": "Kolkata"}}, {"type": "Feature", "geometry": {"type": "Point", "coordinates": [88.4167199975027, 22.54181822391557]}, "properties": {"lst": 28.77, "ndvi": 0.457, "ndbi": -0.18, "risk": "High", "heat_zone": 2, "color": "#e67e22", "city": "Kolkata"}}, {"type": "Feature", "geometry": {"type": "Point", "coordinates": [88.44169018374538, 22.575160352069485]}, "properties": {"lst": 25.02, "ndvi": 0.072, "ndbi": -0.445, "risk": "Low", "heat_zone": 0, "color": "#2ecc71", "city": "Kolkata"}}, {"type": "Feature", "geometry": {"type": "Point", "coordinates": [88.28956905782005, 22.4944794811588]}, "properties": {"lst": 28.54, "ndvi": 0.381, "ndbi": -0.023, "risk": "High", "heat_zone": 2, "color": "#e67e22", "city": "Kolkata"}}, {"type": "Feature", "geometry": {"type": "Point", "coordinates": [88.33401887453142, 22.6448459214323]}, "properties": {"lst": 30.06, "ndvi": 0.296, "ndbi": -0.002, "risk": "Critical", "heat_zone": 3, "color": "#e74c3c", "city": "Kolkata"}}, {"type": "Feature", "geometry": {"type": "Point", "coordinates": [88.42611071940587, 22.625141616580606]}, "properties": {"lst": 28.73, "ndvi": 0.428, "ndbi": -0.054, "risk": "High", "heat_zone": 2, "color": "#e67e22", "city": "Kolkata"}}, {"type": "Feature", "geometry": {"type": "Point", "coordinates": [88.44315768324373, 22.53240365544889]}, "properties": {"lst": 26.01, "ndvi": 0.454, "ndbi": -0.42, "risk": "Moderate", "heat_zone": 1, "color": "#f1c40f", "city": "Kolkata"}}, {"type": "Feature", "geometry": {"type": "Point", "coordinates": [88.3960215142823, 22.549584290574444]}, "properties": {"lst": 30.87, "ndvi": 0.248, "ndbi": 0.013, "risk": "Critical", "heat_zone": 3, "color": "#e74c3c", "city": "Kolkata"}}, {"type": "Feature", "geometry": {"type": "Point", "coordinates": [88.33418175503884, 22.57151100630793]}, "properties": {"lst": 30.74, "ndvi": 0.206, "ndbi": 0.004, "risk": "Critical", "heat_zone": 3, "color": "#e74c3c", "city": "Kolkata"}}, {"type": "Feature", "geometry": {"type": "Point", "coordinates": [88.42921373010054, 22.623182737572485]}, "properties": {"lst": 29.04, "ndvi": 0.365, "ndbi": -0.089, "risk": "High", "heat_zone": 2, "color": "#e67e22", "city": "Kolkata"}}, {"type": "Feature", "geometry": {"type": "Point", "coordinates": [88.41286693542733, 22.581414631391823]}, "properties": {"lst": 29.92, "ndvi": 0.322, "ndbi": 0.002, "risk": "Critical", "heat_zone": 3, "color": "#e74c3c", "city": "Kolkata"}}, {"type": "Feature", "geometry": {"type": "Point", "coordinates": [88.2614735172679, 22.50056887692401]}, "properties": {"lst": 27.23, "ndvi": 0.631, "ndbi": -0.19, "risk": "Moderate", "heat_zone": 1, "color": "#f1c40f", "city": "Kolkata"}}, {"type": "Feature", "geometry": {"type": "Point", "coordinates": [88.3693725119444, 22.499633903066307]}, "properties": {"lst": 28.65, "ndvi": 0.476, "ndbi": -0.16, "risk": "High", "heat_zone": 2, "color": "#e67e22", "city": "Kolkata"}}, {"type": "Feature", "geometry": {"type": "Point", "coordinates": [88.25706546652137, 22.450178452345146]}, "properties": {"lst": 26.58, "ndvi": 0.537, "ndbi": -0.355, "risk": "Moderate", "heat_zone": 1, "color": "#f1c40f", "city": "Kolkata"}}, {"type": "Feature", "geometry": {"type": "Point", "coordinates": [88.31909052508821, 22.6410683288457]}, "properties": {"lst": 28.65, "ndvi": 0.455, "ndbi": -0.1, "risk": "High", "heat_zone": 2, "color": "#e67e22", "city": "Kolkata"}}, {"type": "Feature", "geometry": {"type": "Point", "coordinates": [88.3587424726754, 22.521700348590723]}, "properties": {"lst": 30.69, "ndvi": 0.324, "ndbi": 0.004, "risk": "Critical", "heat_zone": 3, "color": "#e74c3c", "city": "Kolkata"}}, {"type": "Feature", "geometry": {"type": "Point", "coordinates": [88.38237330024593, 22.59654103788849]}, "properties": {"lst": 32.36, "ndvi": 0.208, "ndbi": 0.074, "risk": "Critical", "heat_zone": 3, "color": "#e74c3c", "city": "Kolkata"}}, {"type": "Feature", "geometry": {"type": "Point", "coordinates": [88.28615196508741, 22.620399746108]}, "properties": {"lst": 30.0, "ndvi": 0.572, "ndbi": -0.283, "risk": "Moderate", "heat_zone": 1, "color": "#f1c40f", "city": "Kolkata"}}, {"type": "Feature", "geometry": {"type": "Point", "coordinates": [88.37434324065121, 22.544244831434536]}, "properties": {"lst": 31.16, "ndvi": 0.501, "ndbi": -0.19, "risk": "High", "heat_zone": 2, "color": "#e67e22", "city": "Kolkata"}}, {"type": "Feature", "geometry": {"type": "Point", "coordinates": [88.28481452230463, 22.59208056172272]}, "properties": {"lst": 29.96, "ndvi": 0.385, "ndbi": -0.043, "risk": "High", "heat_zone": 2, "color": "#e67e22", "city": "Kolkata"}}, {"type": "Feature", "geometry": {"type": "Point", "coordinates": [88.38916761095822, 22.53492822273139]}, "properties": {"lst": 31.3, "ndvi": 0.146, "ndbi": 0.054, "risk": "Critical", "heat_zone": 3, "color": "#e74c3c", "city": "Kolkata"}}, {"type": "Feature", "geometry": {"type": "Point", "coordinates": [88.4303900910181, 22.511458297476956]}, "properties": {"lst": 28.76, "ndvi": 0.341, "ndbi": 0.021, "risk": "Critical", "heat_zone": 3, "color": "#e74c3c", "city": "Kolkata"}}, {"type": "Feature", "geometry": {"type": "Point", "coordinates": [88.31453713240519, 22.496897541526884]}, "properties": {"lst": 31.03, "ndvi": 0.219, "ndbi": 0.034, "risk": "Critical", "heat_zone": 3, "color": "#e74c3c", "city": "Kolkata"}}, {"type": "Feature", "geometry": {"type": "Point", "coordinates": [88.3068999688528, 22.470940181497795]}, "properties": {"lst": 29.45, "ndvi": 0.287, "ndbi": -0.002, "risk": "Critical", "heat_zone": 3, "color": "#e74c3c", "city": "Kolkata"}}, {"type": "Feature", "geometry": {"type": "Point", "coordinates": [88.44021561012701, 22.46853990265326]}, "properties": {"lst": 28.14, "ndvi": 0.518, "ndbi": -0.112, "risk": "High", "heat_zone": 2, "color": "#e67e22", "city": "Kolkata"}}, {"type": "Feature", "geometry": {"type": "Point", "coordinates": [88.3341362957249, 22.48910775600921]}, "properties": {"lst": 30.2, "ndvi": 0.414, "ndbi": -0.041, "risk": "High", "heat_zone": 2, "color": "#e67e22", "city": "Kolkata"}}, {"type": "Feature", "geometry": {"type": "Point", "coordinates": [88.25974219789109, 22.603037084611763]}, "properties": {"lst": 29.22, "ndvi": 0.348, "ndbi": 0.01, "risk": "Critical", "heat_zone": 3, "color": "#e74c3c", "city": "Kolkata"}}, {"type": "Feature", "geometry": {"type": "Point", "coordinates": [88.32290946299587, 22.634497491826973]}, "properties": {"lst": 27.52, "ndvi": 0.61, "ndbi": -0.274, "risk": "Moderate", "heat_zone": 1, "color": "#f1c40f", "city": "Kolkata"}}, {"type": "Feature", "geometry": {"type": "Point", "coordinates": [88.3462644180796, 22.53765828968268]}, "properties": {"lst": 30.58, "ndvi": 0.269, "ndbi": -0.009, "risk": "Critical", "heat_zone": 3, "color": "#e74c3c", "city": "Kolkata"}}, {"type": "Feature", "geometry": {"type": "Point", "coordinates": [88.28700986285124, 22.467786072976786]}, "properties": {"lst": 28.22, "ndvi": 0.496, "ndbi": -0.067, "risk": "High", "heat_zone": 2, "color": "#e67e22", "city": "Kolkata"}}, {"type": "Feature", "geometry": {"type": "Point", "coordinates": [88.25791150945209, 22.584045761656554]}, "properties": {"lst": 25.9, "ndvi": 0.271, "ndbi": -0.379, "risk": "Low", "heat_zone": 0, "color": "#2ecc71", "city": "Kolkata"}}, {"type": "Feature", "geometry": {"type": "Point", "coordinates": [88.35593252560363, 22.56227046105936]}, "properties": {"lst": 32.31, "ndvi": 0.308, "ndbi": -0.042, "risk": "Critical", "heat_zone": 3, "color": "#e74c3c", "city": "Kolkata"}}, {"type": "Feature", "geometry": {"type": "Point", "coordinates": [88.42064572179113, 22.61007241306374]}, "properties": {"lst": 29.33, "ndvi": 0.242, "ndbi": -0.02, "risk": "Critical", "heat_zone": 3, "color": "#e74c3c", "city": "Kolkata"}}, {"type": "Feature", "geometry": {"type": "Point", "coordinates": [88.3158126118892, 22.539065565834047]}, "properties": {"lst": 32.54, "ndvi": 0.211, "ndbi": -0.001, "risk": "Critical", "heat_zone": 3, "color": "#e74c3c", "city": "Kolkata"}}, {"type": "Feature", "geometry": {"type": "Point", "coordinates": [88.31901831895728, 22.558435062488982]}, "properties": {"lst": 30.85, "ndvi": 0.139, "ndbi": -0.013, "risk": "Critical", "heat_zone": 3, "color": "#e74c3c", "city": "Kolkata"}}, {"type": "Feature", "geometry": {"type": "Point", "coordinates": [88.37488035800367, 22.629886562340904]}, "properties": {"lst": 30.71, "ndvi": 0.274, "ndbi": -0.003, "risk": "Critical", "heat_zone": 3, "color": "#e74c3c", "city": "Kolkata"}}, {"type": "Feature", "geometry": {"type": "Point", "coordinates": [88.3272998571261, 22.54389683461347]}, "properties": {"lst": 30.9, "ndvi": 0.346, "ndbi": -0.199, "risk": "High", "heat_zone": 2, "color": "#e67e22", "city": "Kolkata"}}, {"type": "Feature", "geometry": {"type": "Point", "coordinates": [88.3942309786138, 22.513279921700413]}, "properties": {"lst": 29.78, "ndvi": 0.395, "ndbi": -0.09, "risk": "High", "heat_zone": 2, "color": "#e67e22", "city": "Kolkata"}}, {"type": "Feature", "geometry": {"type": "Point", "coordinates": [88.3548179569049, 22.480165286047534]}, "properties": {"lst": 29.91, "ndvi": 0.271, "ndbi": -0.022, "risk": "Critical", "heat_zone": 3, "color": "#e74c3c", "city": "Kolkata"}}, {"type": "Feature", "geometry": {"type": "Point", "coordinates": [88.25229800115707, 22.46706990415641]}, "properties": {"lst": 27.11, "ndvi": 0.678, "ndbi": -0.283, "risk": "Moderate", "heat_zone": 1, "color": "#f1c40f", "city": "Kolkata"}}, {"type": "Feature", "geometry": {"type": "Point", "coordinates": [88.36275390271821, 22.610980673217696]}, "properties": {"lst": 23.38, "ndvi": -0.263, "ndbi": -0.46, "risk": "Low", "heat_zone": 0, "color": "#2ecc71", "city": "Kolkata"}}, {"type": "Feature", "geometry": {"type": "Point", "coordinates": [88.43263706502177, 22.57761756707642]}, "properties": {"lst": 29.26, "ndvi": 0.163, "ndbi": -0.143, "risk": "Critical", "heat_zone": 3, "color": "#e74c3c", "city": "Kolkata"}}, {"type": "Feature", "geometry": {"type": "Point", "coordinates": [88.2842635222372, 22.63247900680769]}, "properties": {"lst": 27.44, "ndvi": 0.492, "ndbi": -0.275, "risk": "Moderate", "heat_zone": 1, "color": "#f1c40f", "city": "Kolkata"}}, {"type": "Feature", "geometry": {"type": "Point", "coordinates": [88.37361995401453, 22.611003762803342]}, "properties": {"lst": 34.08, "ndvi": 0.211, "ndbi": 0.091, "risk": "Critical", "heat_zone": 3, "color": "#e74c3c", "city": "Kolkata"}}, {"type": "Feature", "geometry": {"type": "Point", "coordinates": [88.32551660108538, 22.601958116368703]}, "properties": {"lst": 32.76, "ndvi": 0.387, "ndbi": -0.113, "risk": "Critical", "heat_zone": 3, "color": "#e74c3c", "city": "Kolkata"}}, {"type": "Feature", "geometry": {"type": "Point", "coordinates": [88.40820399181736, 22.5901693342629]}, "properties": {"lst": 30.34, "ndvi": 0.415, "ndbi": -0.092, "risk": "High", "heat_zone": 2, "color": "#e67e22", "city": "Kolkata"}}, {"type": "Feature", "geometry": {"type": "Point", "coordinates": [88.35000903765342, 22.50588673197545]}, "properties": {"lst": 30.26, "ndvi": 0.247, "ndbi": 0.047, "risk": "Critical", "heat_zone": 3, "color": "#e74c3c", "city": "Kolkata"}}, {"type": "Feature", "geometry": {"type": "Point", "coordinates": [88.40489977526943, 22.58641200738261]}, "properties": {"lst": 29.79, "ndvi": 0.501, "ndbi": -0.146, "risk": "High", "heat_zone": 2, "color": "#e67e22", "city": "Kolkata"}}, {"type": "Feature", "geometry": {"type": "Point", "coordinates": [88.343409380344, 22.64183706077736]}, "properties": {"lst": 30.14, "ndvi": 0.31, "ndbi": 0.012, "risk": "Critical", "heat_zone": 3, "color": "#e74c3c", "city": "Kolkata"}}, {"type": "Feature", "geometry": {"type": "Point", "coordinates": [88.4371802165077, 22.453262679270114]}, "properties": {"lst": 28.09, "ndvi": 0.404, "ndbi": -0.048, "risk": "High", "heat_zone": 2, "color": "#e67e22", "city": "Kolkata"}}, {"type": "Feature", "geometry": {"type": "Point", "coordinates": [88.26398666423266, 22.600852480073726]}, "properties": {"lst": 28.45, "ndvi": 0.684, "ndbi": -0.286, "risk": "Moderate", "heat_zone": 1, "color": "#f1c40f", "city": "Kolkata"}}, {"type": "Feature", "geometry": {"type": "Point", "coordinates": [88.26506249150532, 22.62670828752393]}, "properties": {"lst": 27.82, "ndvi": 0.499, "ndbi": -0.151, "risk": "High", "heat_zone": 2, "color": "#e67e22", "city": "Kolkata"}}, {"type": "Feature", "geometry": {"type": "Point", "coordinates": [88.29024176839587, 22.54350529624684]}, "properties": {"lst": 31.6, "ndvi": 0.23, "ndbi": 0.055, "risk": "Critical", "heat_zone": 3, "color": "#e74c3c", "city": "Kolkata"}}, {"type": "Feature", "geometry": {"type": "Point", "coordinates": [88.4436240909016, 22.598316748825543]}, "properties": {"lst": 29.63, "ndvi": 0.25, "ndbi": 0.02, "risk": "Critical", "heat_zone": 3, "color": "#e74c3c", "city": "Kolkata"}}, {"type": "Feature", "geometry": {"type": "Point", "coordinates": [88.38686771383885, 22.615656417688555]}, "properties": {"lst": 30.65, "ndvi": 0.268, "ndbi": 0.036, "risk": "Critical", "heat_zone": 3, "color": "#e74c3c", "city": "Kolkata"}}, {"type": "Feature", "geometry": {"type": "Point", "coordinates": [88.38836017113036, 22.46303540600174]}, "properties": {"lst": 28.43, "ndvi": 0.536, "ndbi": -0.162, "risk": "Moderate", "heat_zone": 1, "color": "#f1c40f", "city": "Kolkata"}}, {"type": "Feature", "geometry": {"type": "Point", "coordinates": [88.28366393919937, 22.637333156263903]}, "properties": {"lst": 28.88, "ndvi": 0.659, "ndbi": -0.267, "risk": "Moderate", "heat_zone": 1, "color": "#f1c40f", "city": "Kolkata"}}, {"type": "Feature", "geometry": {"type": "Point", "coordinates": [88.34168998187083, 22.568575433369944]}, "properties": {"lst": 28.69, "ndvi": 0.333, "ndbi": -0.149, "risk": "High", "heat_zone": 2, "color": "#e67e22", "city": "Kolkata"}}, {"type": "Feature", "geometry": {"type": "Point", "coordinates": [88.27690221208569, 22.561968969634957]}, "properties": {"lst": 29.2, "ndvi": 0.392, "ndbi": -0.051, "risk": "High", "heat_zone": 2, "color": "#e67e22", "city": "Kolkata"}}, {"type": "Feature", "geometry": {"type": "Point", "coordinates": [88.41682100858625, 22.57271019040227]}, "properties": {"lst": 29.81, "ndvi": 0.311, "ndbi": -0.09, "risk": "Critical", "heat_zone": 3, "color": "#e74c3c", "city": "Kolkata"}}, {"type": "Feature", "geometry": {"type": "Point", "coordinates": [88.29903299673809, 22.561159328598787]}, "properties": {"lst": 30.29, "ndvi": 0.326, "ndbi": 0.02, "risk": "Critical", "heat_zone": 3, "color": "#e74c3c", "city": "Kolkata"}}, {"type": "Feature", "geometry": {"type": "Point", "coordinates": [88.27684656267111, 22.604907139573744]}, "properties": {"lst": 29.03, "ndvi": 0.407, "ndbi": -0.068, "risk": "High", "heat_zone": 2, "color": "#e67e22", "city": "Kolkata"}}, {"type": "Feature", "geometry": {"type": "Point", "coordinates": [88.38660504895118, 22.474398516545403]}, "properties": {"lst": 30.04, "ndvi": 0.221, "ndbi": 0.09, "risk": "Critical", "heat_zone": 3, "color": "#e74c3c", "city": "Kolkata"}}, {"type": "Feature", "geometry": {"type": "Point", "coordinates": [88.37575768470333, 22.648600084764468]}, "properties": {"lst": 29.08, "ndvi": 0.414, "ndbi": -0.137, "risk": "High", "heat_zone": 2, "color": "#e67e22", "city": "Kolkata"}}, {"type": "Feature", "geometry": {"type": "Point", "coordinates": [88.40830370607777, 22.54546953987818]}, "properties": {"lst": 27.95, "ndvi": 0.488, "ndbi": -0.206, "risk": "High", "heat_zone": 2, "color": "#e67e22", "city": "Kolkata"}}, {"type": "Feature", "geometry": {"type": "Point", "coordinates": [88.40423873553819, 22.57457020510345]}, "properties": {"lst": 29.8, "ndvi": 0.362, "ndbi": 0.003, "risk": "Critical", "heat_zone": 3, "color": "#e74c3c", "city": "Kolkata"}}, {"type": "Feature", "geometry": {"type": "Point", "coordinates": [88.26364327567686, 22.576419503644527]}, "properties": {"lst": 28.39, "ndvi": 0.454, "ndbi": -0.114, "risk": "High", "heat_zone": 2, "color": "#e67e22", "city": "Kolkata"}}, {"type": "Feature", "geometry": {"type": "Point", "coordinates": [88.42488651879907, 22.593632810846717]}, "properties": {"lst": 28.81, "ndvi": 0.246, "ndbi": -0.006, "risk": "Critical", "heat_zone": 3, "color": "#e74c3c", "city": "Kolkata"}}, {"type": "Feature", "geometry": {"type": "Point", "coordinates": [88.34056725907598, 22.571846767306354]}, "properties": {"lst": 23.59, "ndvi": -0.293, "ndbi": -0.387, "risk": "Low", "heat_zone": 0, "color": "#2ecc71", "city": "Kolkata"}}, {"type": "Feature", "geometry": {"type": "Point", "coordinates": [88.42337711344689, 22.61735038704717]}, "properties": {"lst": 28.89, "ndvi": 0.476, "ndbi": -0.099, "risk": "High", "heat_zone": 2, "color": "#e67e22", "city": "Kolkata"}}, {"type": "Feature", "geometry": {"type": "Point", "coordinates": [88.25763559658016, 22.49290123715972]}, "properties": {"lst": 28.93, "ndvi": 0.401, "ndbi": -0.196, "risk": "High", "heat_zone": 2, "color": "#e67e22", "city": "Kolkata"}}, {"type": "Feature", "geometry": {"type": "Point", "coordinates": [88.31958859227136, 22.49011535244505]}, "properties": {"lst": 29.26, "ndvi": 0.258, "ndbi": 0.058, "risk": "Critical", "heat_zone": 3, "color": "#e74c3c", "city": "Kolkata"}}, {"type": "Feature", "geometry": {"type": "Point", "coordinates": [88.34138062445467, 22.61910622016924]}, "properties": {"lst": 31.43, "ndvi": 0.518, "ndbi": -0.195, "risk": "High", "heat_zone": 2, "color": "#e67e22", "city": "Kolkata"}}, {"type": "Feature", "geometry": {"type": "Point", "coordinates": [88.35474130891151, 22.560496287707537]}, "properties": {"lst": 32.86, "ndvi": 0.209, "ndbi": 0.083, "risk": "Critical", "heat_zone": 3, "color": "#e74c3c", "city": "Kolkata"}}, {"type": "Feature", "geometry": {"type": "Point", "coordinates": [88.27817116696288, 22.505230116806032]}, "properties": {"lst": 27.92, "ndvi": 0.423, "ndbi": -0.057, "risk": "High", "heat_zone": 2, "color": "#e67e22", "city": "Kolkata"}}, {"type": "Feature", "geometry": {"type": "Point", "coordinates": [88.27919586648662, 22.608569975723032]}, "properties": {"lst": 29.87, "ndvi": 0.263, "ndbi": 0.054, "risk": "Critical", "heat_zone": 3, "color": "#e74c3c", "city": "Kolkata"}}, {"type": "Feature", "geometry": {"type": "Point", "coordinates": [88.25367120747497, 22.630776414951423]}, "properties": {"lst": 27.42, "ndvi": 0.67, "ndbi": -0.213, "risk": "Moderate", "heat_zone": 1, "color": "#f1c40f", "city": "Kolkata"}}, {"type": "Feature", "geometry": {"type": "Point", "coordinates": [88.40890972090472, 22.4658209628432]}, "properties": {"lst": 28.81, "ndvi": 0.424, "ndbi": -0.082, "risk": "High", "heat_zone": 2, "color": "#e67e22", "city": "Kolkata"}}, {"type": "Feature", "geometry": {"type": "Point", "coordinates": [88.44547772435675, 22.63505767787423]}, "properties": {"lst": 31.36, "ndvi": 0.47, "ndbi": -0.044, "risk": "High", "heat_zone": 2, "color": "#e67e22", "city": "Kolkata"}}, {"type": "Feature", "geometry": {"type": "Point", "coordinates": [88.41584127801306, 22.572620443639288]}, "properties": {"lst": 30.05, "ndvi": 0.278, "ndbi": -0.03, "risk": "Critical", "heat_zone": 3, "color": "#e74c3c", "city": "Kolkata"}}, {"type": "Feature", "geometry": {"type": "Point", "coordinates": [88.25936130579211, 22.546010624585147]}, "properties": {"lst": 27.84, "ndvi": 0.367, "ndbi": -0.019, "risk": "High", "heat_zone": 2, "color": "#e67e22", "city": "Kolkata"}}, {"type": "Feature", "geometry": {"type": "Point", "coordinates": [88.44950833466503, 22.468338048147142]}, "properties": {"lst": 28.59, "ndvi": 0.542, "ndbi": -0.06, "risk": "High", "heat_zone": 2, "color": "#e67e22", "city": "Kolkata"}}, {"type": "Feature", "geometry": {"type": "Point", "coordinates": [88.28080335806887, 22.51491905306036]}, "properties": {"lst": 31.19, "ndvi": 0.403, "ndbi": -0.088, "risk": "High", "heat_zone": 2, "color": "#e67e22", "city": "Kolkata"}}, {"type": "Feature", "geometry": {"type": "Point", "coordinates": [88.40741036508837, 22.534154956940128]}, "properties": {"lst": 27.66, "ndvi": 0.46, "ndbi": -0.157, "risk": "High", "heat_zone": 2, "color": "#e67e22", "city": "Kolkata"}}, {"type": "Feature", "geometry": {"type": "Point", "coordinates": [88.29937232101213, 22.58120685853545]}, "properties": {"lst": 28.64, "ndvi": 0.353, "ndbi": -0.243, "risk": "High", "heat_zone": 2, "color": "#e67e22", "city": "Kolkata"}}, {"type": "Feature", "geometry": {"type": "Point", "coordinates": [88.25897208496205, 22.48513656010601]}, "properties": {"lst": 28.08, "ndvi": 0.599, "ndbi": -0.205, "risk": "Moderate", "heat_zone": 1, "color": "#f1c40f", "city": "Kolkata"}}, {"type": "Feature", "geometry": {"type": "Point", "coordinates": [88.381168538523, 22.62364884512685]}, "properties": {"lst": 33.76, "ndvi": 0.196, "ndbi": 0.1, "risk": "Critical", "heat_zone": 3, "color": "#e74c3c", "city": "Kolkata"}}, {"type": "Feature", "geometry": {"type": "Point", "coordinates": [88.35613952639754, 22.616965600453653]}, "properties": {"lst": 33.14, "ndvi": 0.115, "ndbi": 0.052, "risk": "Critical", "heat_zone": 3, "color": "#e74c3c", "city": "Kolkata"}}, {"type": "Feature", "geometry": {"type": "Point", "coordinates": [88.26074999152873, 22.64423252712234]}, "properties": {"lst": 28.16, "ndvi": 0.508, "ndbi": 0.013, "risk": "High", "heat_zone": 2, "color": "#e67e22", "city": "Kolkata"}}, {"type": "Feature", "geometry": {"type": "Point", "coordinates": [88.35849211521533, 22.558952162724136]}, "properties": {"lst": 31.92, "ndvi": 0.236, "ndbi": 0.011, "risk": "Critical", "heat_zone": 3, "color": "#e74c3c", "city": "Kolkata"}}, {"type": "Feature", "geometry": {"type": "Point", "coordinates": [88.41034406903141, 22.502731447211684]}, "properties": {"lst": 29.76, "ndvi": 0.379, "ndbi": -0.131, "risk": "High", "heat_zone": 2, "color": "#e67e22", "city": "Kolkata"}}, {"type": "Feature", "geometry": {"type": "Point", "coordinates": [88.39267737522415, 22.47880316722675]}, "properties": {"lst": 28.72, "ndvi": 0.324, "ndbi": -0.062, "risk": "High", "heat_zone": 2, "color": "#e67e22", "city": "Kolkata"}}, {"type": "Feature", "geometry": {"type": "Point", "coordinates": [88.26333663675095, 22.54249981128357]}, "properties": {"lst": 29.39, "ndvi": 0.498, "ndbi": -0.211, "risk": "High", "heat_zone": 2, "color": "#e67e22", "city": "Kolkata"}}, {"type": "Feature", "geometry": {"type": "Point", "coordinates": [88.32022892222007, 22.54562163164505]}, "properties": {"lst": 30.59, "ndvi": 0.242, "ndbi": -0.092, "risk": "Critical", "heat_zone": 3, "color": "#e74c3c", "city": "Kolkata"}}, {"type": "Feature", "geometry": {"type": "Point", "coordinates": [88.2692791237142, 22.55288267651815]}, "properties": {"lst": 29.99, "ndvi": 0.325, "ndbi": -0.06, "risk": "Critical", "heat_zone": 3, "color": "#e74c3c", "city": "Kolkata"}}, {"type": "Feature", "geometry": {"type": "Point", "coordinates": [88.38610567597512, 22.61354852287707]}, "properties": {"lst": 30.63, "ndvi": 0.196, "ndbi": 0.053, "risk": "Critical", "heat_zone": 3, "color": "#e74c3c", "city": "Kolkata"}}, {"type": "Feature", "geometry": {"type": "Point", "coordinates": [88.44695714716565, 22.579843451524624]}, "properties": {"lst": 29.05, "ndvi": 0.441, "ndbi": -0.155, "risk": "High", "heat_zone": 2, "color": "#e67e22", "city": "Kolkata"}}, {"type": "Feature", "geometry": {"type": "Point", "coordinates": [88.33682977126124, 22.484863601067875]}, "properties": {"lst": 30.02, "ndvi": 0.227, "ndbi": 0.054, "risk": "Critical", "heat_zone": 3, "color": "#e74c3c", "city": "Kolkata"}}, {"type": "Feature", "geometry": {"type": "Point", "coordinates": [88.38309945471092, 22.629387577843]}, "properties": {"lst": 30.51, "ndvi": 0.377, "ndbi": -0.073, "risk": "High", "heat_zone": 2, "color": "#e67e22", "city": "Kolkata"}}, {"type": "Feature", "geometry": {"type": "Point", "coordinates": [88.29715085682881, 22.54533543233049]}, "properties": {"lst": 34.14, "ndvi": 0.389, "ndbi": -0.061, "risk": "Critical", "heat_zone": 3, "color": "#e74c3c", "city": "Kolkata"}}, {"type": "Feature", "geometry": {"type": "Point", "coordinates": [88.27415483466199, 22.46597567314761]}, "properties": {"lst": 27.07, "ndvi": 0.681, "ndbi": -0.238, "risk": "Moderate", "heat_zone": 1, "color": "#f1c40f", "city": "Kolkata"}}, {"type": "Feature", "geometry": {"type": "Point", "coordinates": [88.30408362238636, 22.649089883329065]}, "properties": {"lst": 29.32, "ndvi": 0.277, "ndbi": -0.038, "risk": "Critical", "heat_zone": 3, "color": "#e74c3c", "city": "Kolkata"}}, {"type": "Feature", "geometry": {"type": "Point", "coordinates": [88.42602801696736, 22.565042020382148]}, "properties": {"lst": 24.01, "ndvi": 0.043, "ndbi": -0.479, "risk": "Low", "heat_zone": 0, "color": "#2ecc71", "city": "Kolkata"}}, {"type": "Feature", "geometry": {"type": "Point", "coordinates": [88.31192864912425, 22.636342308801147]}, "properties": {"lst": 29.19, "ndvi": 0.448, "ndbi": -0.092, "risk": "High", "heat_zone": 2, "color": "#e67e22", "city": "Kolkata"}}, {"type": "Feature", "geometry": {"type": "Point", "coordinates": [88.25915664481992, 22.516394887483468]}, "properties": {"lst": 27.03, "ndvi": 0.678, "ndbi": -0.272, "risk": "Moderate", "heat_zone": 1, "color": "#f1c40f", "city": "Kolkata"}}, {"type": "Feature", "geometry": {"type": "Point", "coordinates": [88.27707204516751, 22.52830639101856]}, "properties": {"lst": 28.6, "ndvi": 0.478, "ndbi": -0.098, "risk": "High", "heat_zone": 2, "color": "#e67e22", "city": "Kolkata"}}, {"type": "Feature", "geometry": {"type": "Point", "coordinates": [88.4236979236392, 22.54537630278562]}, "properties": {"lst": 28.8, "ndvi": 0.297, "ndbi": -0.209, "risk": "High", "heat_zone": 2, "color": "#e67e22", "city": "Kolkata"}}, {"type": "Feature", "geometry": {"type": "Point", "coordinates": [88.27760030221455, 22.62643913484309]}, "properties": {"lst": 30.07, "ndvi": 0.25, "ndbi": -0.055, "risk": "Critical", "heat_zone": 3, "color": "#e74c3c", "city": "Kolkata"}}, {"type": "Feature", "geometry": {"type": "Point", "coordinates": [88.4331257144269, 22.60991220977162]}, "properties": {"lst": 29.58, "ndvi": 0.206, "ndbi": 0.071, "risk": "Critical", "heat_zone": 3, "color": "#e74c3c", "city": "Kolkata"}}, {"type": "Feature", "geometry": {"type": "Point", "coordinates": [88.37849711730489, 22.4806572425184]}, "properties": {"lst": 29.87, "ndvi": 0.353, "ndbi": -0.037, "risk": "High", "heat_zone": 2, "color": "#e67e22", "city": "Kolkata"}}, {"type": "Feature", "geometry": {"type": "Point", "coordinates": [88.35587737869291, 22.6220417042097]}, "properties": {"lst": 32.24, "ndvi": 0.193, "ndbi": 0.039, "risk": "Critical", "heat_zone": 3, "color": "#e74c3c", "city": "Kolkata"}}, {"type": "Feature", "geometry": {"type": "Point", "coordinates": [88.40565843873851, 22.57841776251457]}, "properties": {"lst": 30.34, "ndvi": 0.231, "ndbi": 0.029, "risk": "Critical", "heat_zone": 3, "color": "#e74c3c", "city": "Kolkata"}}, {"type": "Feature", "geometry": {"type": "Point", "coordinates": [88.31163934799334, 22.631786548161138]}, "properties": {"lst": 28.15, "ndvi": 0.614, "ndbi": -0.184, "risk": "Moderate", "heat_zone": 1, "color": "#f1c40f", "city": "Kolkata"}}, {"type": "Feature", "geometry": {"type": "Point", "coordinates": [88.38214927060517, 22.569320272022537]}, "properties": {"lst": 32.62, "ndvi": 0.387, "ndbi": -0.017, "risk": "Critical", "heat_zone": 3, "color": "#e74c3c", "city": "Kolkata"}}, {"type": "Feature", "geometry": {"type": "Point", "coordinates": [88.4406464263543, 22.517243891016747]}, "properties": {"lst": 24.67, "ndvi": 0.378, "ndbi": -0.465, "risk": "Low", "heat_zone": 0, "color": "#2ecc71", "city": "Kolkata"}}, {"type": "Feature", "geometry": {"type": "Point", "coordinates": [88.31350470370303, 22.57230036820315]}, "properties": {"lst": 30.03, "ndvi": 0.228, "ndbi": 0.049, "risk": "Critical", "heat_zone": 3, "color": "#e74c3c", "city": "Kolkata"}}, {"type": "Feature", "geometry": {"type": "Point", "coordinates": [88.39430236747057, 22.514666267646334]}, "properties": {"lst": 30.57, "ndvi": 0.328, "ndbi": 0.078, "risk": "Critical", "heat_zone": 3, "color": "#e74c3c", "city": "Kolkata"}}, {"type": "Feature", "geometry": {"type": "Point", "coordinates": [88.36757505788316, 22.56873071918948]}, "properties": {"lst": 33.16, "ndvi": 0.256, "ndbi": 0.038, "risk": "Critical", "heat_zone": 3, "color": "#e74c3c", "city": "Kolkata"}}, {"type": "Feature", "geometry": {"type": "Point", "coordinates": [88.32976601462835, 22.510683885791227]}, "properties": {"lst": 29.53, "ndvi": 0.21, "ndbi": 0.056, "risk": "Critical", "heat_zone": 3, "color": "#e74c3c", "city": "Kolkata"}}, {"type": "Feature", "geometry": {"type": "Point", "coordinates": [88.34272352336872, 22.48796319828047]}, "properties": {"lst": 29.76, "ndvi": 0.438, "ndbi": -0.162, "risk": "High", "heat_zone": 2, "color": "#e67e22", "city": "Kolkata"}}, {"type": "Feature", "geometry": {"type": "Point", "coordinates": [88.41040796011761, 22.51670983052192]}, "properties": {"lst": 26.31, "ndvi": 0.215, "ndbi": -0.383, "risk": "Low", "heat_zone": 0, "color": "#2ecc71", "city": "Kolkata"}}, {"type": "Feature", "geometry": {"type": "Point", "coordinates": [88.42514431436969, 22.48110837810469]}, "properties": {"lst": 26.22, "ndvi": 0.361, "ndbi": -0.348, "risk": "High", "heat_zone": 2, "color": "#e67e22", "city": "Kolkata"}}, {"type": "Feature", "geometry": {"type": "Point", "coordinates": [88.26617006947504, 22.556888931182847]}, "properties": {"lst": 24.09, "ndvi": -0.249, "ndbi": -0.425, "risk": "Low", "heat_zone": 0, "color": "#2ecc71", "city": "Kolkata"}}, {"type": "Feature", "geometry": {"type": "Point", "coordinates": [88.3944637304987, 22.48437122194099]}, "properties": {"lst": 29.29, "ndvi": 0.537, "ndbi": -0.081, "risk": "High", "heat_zone": 2, "color": "#e67e22", "city": "Kolkata"}}, {"type": "Feature", "geometry": {"type": "Point", "coordinates": [88.31859887394103, 22.63796985012844]}, "properties": {"lst": 27.46, "ndvi": 0.62, "ndbi": -0.304, "risk": "Moderate", "heat_zone": 1, "color": "#f1c40f", "city": "Kolkata"}}, {"type": "Feature", "geometry": {"type": "Point", "coordinates": [88.33968235339984, 22.617152259860493]}, "properties": {"lst": 32.99, "ndvi": 0.481, "ndbi": -0.08, "risk": "High", "heat_zone": 2, "color": "#e67e22", "city": "Kolkata"}}, {"type": "Feature", "geometry": {"type": "Point", "coordinates": [88.37455675058963, 22.49491707092605]}, "properties": {"lst": 30.31, "ndvi": 0.541, "ndbi": -0.168, "risk": "High", "heat_zone": 2, "color": "#e67e22", "city": "Kolkata"}}, {"type": "Feature", "geometry": {"type": "Point", "coordinates": [88.39416783022388, 22.485624040154786]}, "properties": {"lst": 28.82, "ndvi": 0.602, "ndbi": -0.234, "risk": "Moderate", "heat_zone": 1, "color": "#f1c40f", "city": "Kolkata"}}, {"type": "Feature", "geometry": {"type": "Point", "coordinates": [88.29442972081277, 22.481824234342756]}, "properties": {"lst": 29.9, "ndvi": 0.375, "ndbi": -0.009, "risk": "High", "heat_zone": 2, "color": "#e67e22", "city": "Kolkata"}}, {"type": "Feature", "geometry": {"type": "Point", "coordinates": [88.26975190890627, 22.552103494369955]}, "properties": {"lst": 29.97, "ndvi": 0.293, "ndbi": 0.009, "risk": "Critical", "heat_zone": 3, "color": "#e74c3c", "city": "Kolkata"}}, {"type": "Feature", "geometry": {"type": "Point", "coordinates": [88.2742856156024, 22.606589433192784]}, "properties": {"lst": 29.17, "ndvi": 0.502, "ndbi": -0.162, "risk": "High", "heat_zone": 2, "color": "#e67e22", "city": "Kolkata"}}, {"type": "Feature", "geometry": {"type": "Point", "coordinates": [88.3628228503232, 22.54254765976264]}, "properties": {"lst": 31.22, "ndvi": 0.214, "ndbi": 0.043, "risk": "Critical", "heat_zone": 3, "color": "#e74c3c", "city": "Kolkata"}}, {"type": "Feature", "geometry": {"type": "Point", "coordinates": [88.26501051170409, 22.47974035376644]}, "properties": {"lst": 26.99, "ndvi": 0.616, "ndbi": -0.26, "risk": "Moderate", "heat_zone": 1, "color": "#f1c40f", "city": "Kolkata"}}, {"type": "Feature", "geometry": {"type": "Point", "coordinates": [88.26347389439228, 22.55385317007717]}, "properties": {"lst": 29.4, "ndvi": 0.275, "ndbi": 0.051, "risk": "Critical", "heat_zone": 3, "color": "#e74c3c", "city": "Kolkata"}}, {"type": "Feature", "geometry": {"type": "Point", "coordinates": [88.3742018610357, 22.490340658470704]}, "properties": {"lst": 29.15, "ndvi": 0.358, "ndbi": -0.048, "risk": "High", "heat_zone": 2, "color": "#e67e22", "city": "Kolkata"}}, {"type": "Feature", "geometry": {"type": "Point", "coordinates": [88.32410620304552, 22.616333434656]}, "properties": {"lst": 30.48, "ndvi": 0.301, "ndbi": -0.006, "risk": "Critical", "heat_zone": 3, "color": "#e74c3c", "city": "Kolkata"}}, {"type": "Feature", "geometry": {"type": "Point", "coordinates": [88.25486735585328, 22.532670616261264]}, "properties": {"lst": 28.28, "ndvi": 0.487, "ndbi": -0.143, "risk": "High", "heat_zone": 2, "color": "#e67e22", "city": "Kolkata"}}, {"type": "Feature", "geometry": {"type": "Point", "coordinates": [88.27449849667235, 22.527047767584893]}, "properties": {"lst": 29.8, "ndvi": 0.344, "ndbi": -0.043, "risk": "High", "heat_zone": 2, "color": "#e67e22", "city": "Kolkata"}}, {"type": "Feature", "geometry": {"type": "Point", "coordinates": [88.41245247395075, 22.547783032411672]}, "properties": {"lst": 27.71, "ndvi": 0.667, "ndbi": -0.319, "risk": "Moderate", "heat_zone": 1, "color": "#f1c40f", "city": "Kolkata"}}, {"type": "Feature", "geometry": {"type": "Point", "coordinates": [88.29417265317174, 22.61984846937276]}, "properties": {"lst": 28.21, "ndvi": 0.582, "ndbi": -0.2, "risk": "Moderate", "heat_zone": 1, "color": "#f1c40f", "city": "Kolkata"}}, {"type": "Feature", "geometry": {"type": "Point", "coordinates": [88.27976120511588, 22.465160561116534]}, "properties": {"lst": 26.82, "ndvi": 0.694, "ndbi": -0.296, "risk": "Moderate", "heat_zone": 1, "color": "#f1c40f", "city": "Kolkata"}}, {"type": "Feature", "geometry": {"type": "Point", "coordinates": [88.39419551758739, 22.558173726527134]}, "properties": {"lst": 30.11, "ndvi": 0.127, "ndbi": 0.009, "risk": "Critical", "heat_zone": 3, "color": "#e74c3c", "city": "Kolkata"}}, {"type": "Feature", "geometry": {"type": "Point", "coordinates": [88.40801857691422, 22.459057336600075]}, "properties": {"lst": 27.54, "ndvi": 0.309, "ndbi": -0.005, "risk": "High", "heat_zone": 2, "color": "#e67e22", "city": "Kolkata"}}, {"type": "Feature", "geometry": {"type": "Point", "coordinates": [88.43547944136905, 22.550426592592142]}, "properties": {"lst": 23.94, "ndvi": 0.112, "ndbi": -0.452, "risk": "Low", "heat_zone": 0, "color": "#2ecc71", "city": "Kolkata"}}, {"type": "Feature", "geometry": {"type": "Point", "coordinates": [88.34697369375829, 22.64525993160524]}, "properties": {"lst": 30.21, "ndvi": 0.235, "ndbi": 0.037, "risk": "Critical", "heat_zone": 3, "color": "#e74c3c", "city": "Kolkata"}}, {"type": "Feature", "geometry": {"type": "Point", "coordinates": [88.3379958815462, 22.52821882822471]}, "properties": {"lst": 30.79, "ndvi": 0.406, "ndbi": -0.083, "risk": "High", "heat_zone": 2, "color": "#e67e22", "city": "Kolkata"}}, {"type": "Feature", "geometry": {"type": "Point", "coordinates": [88.26254538596477, 22.545713757727118]}, "properties": {"lst": 28.77, "ndvi": 0.377, "ndbi": -0.074, "risk": "High", "heat_zone": 2, "color": "#e67e22", "city": "Kolkata"}}, {"type": "Feature", "geometry": {"type": "Point", "coordinates": [88.3335886864648, 22.594488059244025]}, "properties": {"lst": 30.86, "ndvi": 0.134, "ndbi": -0.043, "risk": "Critical", "heat_zone": 3, "color": "#e74c3c", "city": "Kolkata"}}, {"type": "Feature", "geometry": {"type": "Point", "coordinates": [88.446603272812, 22.56467296506499]}, "properties": {"lst": 30.18, "ndvi": 0.437, "ndbi": -0.232, "risk": "High", "heat_zone": 2, "color": "#e67e22", "city": "Kolkata"}}, {"type": "Feature", "geometry": {"type": "Point", "coordinates": [88.41796045421655, 22.637484093099555]}, "properties": {"lst": 31.27, "ndvi": 0.213, "ndbi": -0.065, "risk": "Critical", "heat_zone": 3, "color": "#e74c3c", "city": "Kolkata"}}, {"type": "Feature", "geometry": {"type": "Point", "coordinates": [88.3676544857789, 22.56435855816435]}, "properties": {"lst": 31.71, "ndvi": 0.207, "ndbi": 0.082, "risk": "Critical", "heat_zone": 3, "color": "#e74c3c", "city": "Kolkata"}}, {"type": "Feature", "geometry": {"type": "Point", "coordinates": [88.3699858633082, 22.4623333565298]}, "properties": {"lst": 29.32, "ndvi": 0.369, "ndbi": -0.058, "risk": "High", "heat_zone": 2, "color": "#e67e22", "city": "Kolkata"}}, {"type": "Feature", "geometry": {"type": "Point", "coordinates": [88.25695567978946, 22.486350920999136]}, "properties": {"lst": 30.35, "ndvi": 0.352, "ndbi": 0.036, "risk": "Critical", "heat_zone": 3, "color": "#e74c3c", "city": "Kolkata"}}, {"type": "Feature", "geometry": {"type": "Point", "coordinates": [88.42805348292471, 22.49014814688849]}, "properties": {"lst": 28.37, "ndvi": 0.425, "ndbi": -0.137, "risk": "High", "heat_zone": 2, "color": "#e67e22", "city": "Kolkata"}}, {"type": "Feature", "geometry": {"type": "Point", "coordinates": [88.2991528059456, 22.50412378653952]}, "properties": {"lst": 28.71, "ndvi": 0.442, "ndbi": -0.072, "risk": "High", "heat_zone": 2, "color": "#e67e22", "city": "Kolkata"}}, {"type": "Feature", "geometry": {"type": "Point", "coordinates": [88.26649685924512, 22.49291838169768]}, "properties": {"lst": 27.28, "ndvi": 0.669, "ndbi": -0.248, "risk": "Moderate", "heat_zone": 1, "color": "#f1c40f", "city": "Kolkata"}}, {"type": "Feature", "geometry": {"type": "Point", "coordinates": [88.36700935220503, 22.582917226568448]}, "properties": {"lst": 32.11, "ndvi": 0.173, "ndbi": 0.068, "risk": "Critical", "heat_zone": 3, "color": "#e74c3c", "city": "Kolkata"}}, {"type": "Feature", "geometry": {"type": "Point", "coordinates": [88.25907068360164, 22.576519626180136]}, "properties": {"lst": 28.94, "ndvi": 0.574, "ndbi": -0.243, "risk": "Moderate", "heat_zone": 1, "color": "#f1c40f", "city": "Kolkata"}}, {"type": "Feature", "geometry": {"type": "Point", "coordinates": [88.41096927783093, 22.5977494019256]}, "properties": {"lst": 29.6, "ndvi": 0.321, "ndbi": -0.044, "risk": "Critical", "heat_zone": 3, "color": "#e74c3c", "city": "Kolkata"}}, {"type": "Feature", "geometry": {"type": "Point", "coordinates": [88.37561674884961, 22.50445437186773]}, "properties": {"lst": 30.43, "ndvi": 0.364, "ndbi": -0.059, "risk": "High", "heat_zone": 2, "color": "#e67e22", "city": "Kolkata"}}, {"type": "Feature", "geometry": {"type": "Point", "coordinates": [88.42130650028422, 22.56726482233985]}, "properties": {"lst": 26.36, "ndvi": 0.58, "ndbi": -0.367, "risk": "Moderate", "heat_zone": 1, "color": "#f1c40f", "city": "Kolkata"}}, {"type": "Feature", "geometry": {"type": "Point", "coordinates": [88.38222697897376, 22.643050475986094]}, "properties": {"lst": 29.59, "ndvi": 0.279, "ndbi": -0.03, "risk": "Critical", "heat_zone": 3, "color": "#e74c3c", "city": "Kolkata"}}, {"type": "Feature", "geometry": {"type": "Point", "coordinates": [88.30101303157433, 22.51379336631049]}, "properties": {"lst": 29.5, "ndvi": 0.435, "ndbi": -0.099, "risk": "High", "heat_zone": 2, "color": "#e67e22", "city": "Kolkata"}}, {"type": "Feature", "geometry": {"type": "Point", "coordinates": [88.3209036407937, 22.5553169121514]}, "properties": {"lst": 27.41, "ndvi": 0.225, "ndbi": -0.172, "risk": "High", "heat_zone": 2, "color": "#e67e22", "city": "Kolkata"}}, {"type": "Feature", "geometry": {"type": "Point", "coordinates": [88.40109919221524, 22.55173317101885]}, "properties": {"lst": 27.66, "ndvi": 0.612, "ndbi": -0.288, "risk": "Moderate", "heat_zone": 1, "color": "#f1c40f", "city": "Kolkata"}}, {"type": "Feature", "geometry": {"type": "Point", "coordinates": [88.30426471385948, 22.559092234214734]}, "properties": {"lst": 30.06, "ndvi": 0.321, "ndbi": -0.002, "risk": "Critical", "heat_zone": 3, "color": "#e74c3c", "city": "Kolkata"}}, {"type": "Feature", "geometry": {"type": "Point", "coordinates": [88.3124751461374, 22.464476923425703]}, "properties": {"lst": 29.12, "ndvi": 0.457, "ndbi": -0.074, "risk": "High", "heat_zone": 2, "color": "#e67e22", "city": "Kolkata"}}, {"type": "Feature", "geometry": {"type": "Point", "coordinates": [88.39000630123185, 22.613046669463294]}, "properties": {"lst": 29.54, "ndvi": 0.259, "ndbi": -0.077, "risk": "Critical", "heat_zone": 3, "color": "#e74c3c", "city": "Kolkata"}}, {"type": "Feature", "geometry": {"type": "Point", "coordinates": [88.25004892980914, 22.454838967767937]}, "properties": {"lst": 26.98, "ndvi": 0.559, "ndbi": -0.113, "risk": "Moderate", "heat_zone": 1, "color": "#f1c40f", "city": "Kolkata"}}, {"type": "Feature", "geometry": {"type": "Point", "coordinates": [88.26187595596714, 22.59029391915029]}, "properties": {"lst": 28.37, "ndvi": 0.368, "ndbi": -0.027, "risk": "High", "heat_zone": 2, "color": "#e67e22", "city": "Kolkata"}}, {"type": "Feature", "geometry": {"type": "Point", "coordinates": [88.28004227511646, 22.618120682723752]}, "properties": {"lst": 30.48, "ndvi": 0.378, "ndbi": -0.116, "risk": "High", "heat_zone": 2, "color": "#e67e22", "city": "Kolkata"}}, {"type": "Feature", "geometry": {"type": "Point", "coordinates": [88.40130507322414, 22.523972798151657]}, "properties": {"lst": 29.5, "ndvi": 0.299, "ndbi": 0.051, "risk": "Critical", "heat_zone": 3, "color": "#e74c3c", "city": "Kolkata"}}, {"type": "Feature", "geometry": {"type": "Point", "coordinates": [88.43198720857076, 22.600205550453587]}, "properties": {"lst": 30.11, "ndvi": 0.178, "ndbi": 0.087, "risk": "Critical", "heat_zone": 3, "color": "#e74c3c", "city": "Kolkata"}}, {"type": "Feature", "geometry": {"type": "Point", "coordinates": [88.43451469498972, 22.536469061390417]}, "properties": {"lst": 27.75, "ndvi": 0.461, "ndbi": -0.144, "risk": "High", "heat_zone": 2, "color": "#e67e22", "city": "Kolkata"}}, {"type": "Feature", "geometry": {"type": "Point", "coordinates": [88.34940587360862, 22.542165832448525]}, "properties": {"lst": 29.76, "ndvi": 0.262, "ndbi": -0.019, "risk": "Critical", "heat_zone": 3, "color": "#e74c3c", "city": "Kolkata"}}, {"type": "Feature", "geometry": {"type": "Point", "coordinates": [88.36370359648332, 22.4723847572462]}, "properties": {"lst": 29.17, "ndvi": 0.214, "ndbi": 0.017, "risk": "Critical", "heat_zone": 3, "color": "#e74c3c", "city": "Kolkata"}}, {"type": "Feature", "geometry": {"type": "Point", "coordinates": [88.31078936555818, 22.482659379109265]}, "properties": {"lst": 30.56, "ndvi": 0.351, "ndbi": -0.043, "risk": "Critical", "heat_zone": 3, "color": "#e74c3c", "city": "Kolkata"}}, {"type": "Feature", "geometry": {"type": "Point", "coordinates": [88.33735007207508, 22.543952868185997]}, "properties": {"lst": 31.8, "ndvi": 0.417, "ndbi": -0.014, "risk": "Critical", "heat_zone": 3, "color": "#e74c3c", "city": "Kolkata"}}, {"type": "Feature", "geometry": {"type": "Point", "coordinates": [88.35297309499012, 22.59556245446422]}, "properties": {"lst": 28.75, "ndvi": 0.136, "ndbi": -0.2, "risk": "Critical", "heat_zone": 3, "color": "#e74c3c", "city": "Kolkata"}}, {"type": "Feature", "geometry": {"type": "Point", "coordinates": [88.37736714561572, 22.599383146968187]}, "properties": {"lst": 29.32, "ndvi": 0.334, "ndbi": -0.086, "risk": "High", "heat_zone": 2, "color": "#e67e22", "city": "Kolkata"}}, {"type": "Feature", "geometry": {"type": "Point", "coordinates": [88.2863135278171, 22.5658491952918]}, "properties": {"lst": 29.28, "ndvi": 0.369, "ndbi": -0.06, "risk": "High", "heat_zone": 2, "color": "#e67e22", "city": "Kolkata"}}, {"type": "Feature", "geometry": {"type": "Point", "coordinates": [88.31460723589869, 22.59553002333585]}, "properties": {"lst": 31.76, "ndvi": 0.335, "ndbi": -0.055, "risk": "Critical", "heat_zone": 3, "color": "#e74c3c", "city": "Kolkata"}}, {"type": "Feature", "geometry": {"type": "Point", "coordinates": [88.27549209523224, 22.52606828403891]}, "properties": {"lst": 29.11, "ndvi": 0.346, "ndbi": -0.007, "risk": "High", "heat_zone": 2, "color": "#e67e22", "city": "Kolkata"}}, {"type": "Feature", "geometry": {"type": "Point", "coordinates": [88.31614427157874, 22.64294320847491]}, "properties": {"lst": 27.89, "ndvi": 0.603, "ndbi": -0.204, "risk": "Moderate", "heat_zone": 1, "color": "#f1c40f", "city": "Kolkata"}}, {"type": "Feature", "geometry": {"type": "Point", "coordinates": [88.26036602078297, 22.620118170425787]}, "properties": {"lst": 30.2, "ndvi": 0.353, "ndbi": 0.088, "risk": "Critical", "heat_zone": 3, "color": "#e74c3c", "city": "Kolkata"}}, {"type": "Feature", "geometry": {"type": "Point", "coordinates": [88.33461961203908, 22.497715562837342]}, "properties": {"lst": 31.86, "ndvi": 0.49, "ndbi": -0.138, "risk": "High", "heat_zone": 2, "color": "#e67e22", "city": "Kolkata"}}, {"type": "Feature", "geometry": {"type": "Point", "coordinates": [88.38164500646627, 22.62653528180334]}, "properties": {"lst": 30.64, "ndvi": 0.372, "ndbi": -0.031, "risk": "Critical", "heat_zone": 3, "color": "#e74c3c", "city": "Kolkata"}}, {"type": "Feature", "geometry": {"type": "Point", "coordinates": [88.41265684762377, 22.461051731687164]}, "properties": {"lst": 28.1, "ndvi": 0.42, "ndbi": -0.088, "risk": "High", "heat_zone": 2, "color": "#e67e22", "city": "Kolkata"}}, {"type": "Feature", "geometry": {"type": "Point", "coordinates": [88.30838234999949, 22.639026444225014]}, "properties": {"lst": 27.98, "ndvi": 0.551, "ndbi": -0.197, "risk": "Moderate", "heat_zone": 1, "color": "#f1c40f", "city": "Kolkata"}}, {"type": "Feature", "geometry": {"type": "Point", "coordinates": [88.3036408959147, 22.50143683443013]}, "properties": {"lst": 30.19, "ndvi": 0.473, "ndbi": -0.115, "risk": "High", "heat_zone": 2, "color": "#e67e22", "city": "Kolkata"}}, {"type": "Feature", "geometry": {"type": "Point", "coordinates": [88.26075310669759, 22.50571548957237]}, "properties": {"lst": 27.75, "ndvi": 0.593, "ndbi": -0.193, "risk": "Moderate", "heat_zone": 1, "color": "#f1c40f", "city": "Kolkata"}}, {"type": "Feature", "geometry": {"type": "Point", "coordinates": [88.3999978049703, 22.50586724419301]}, "properties": {"lst": 28.92, "ndvi": 0.224, "ndbi": -0.141, "risk": "Critical", "heat_zone": 3, "color": "#e74c3c", "city": "Kolkata"}}, {"type": "Feature", "geometry": {"type": "Point", "coordinates": [88.36446412197091, 22.46867215727218]}, "properties": {"lst": 29.17, "ndvi": 0.492, "ndbi": -0.092, "risk": "High", "heat_zone": 2, "color": "#e67e22", "city": "Kolkata"}}, {"type": "Feature", "geometry": {"type": "Point", "coordinates": [88.31049157440395, 22.58322310374036]}, "properties": {"lst": 29.71, "ndvi": 0.29, "ndbi": 0.018, "risk": "Critical", "heat_zone": 3, "color": "#e74c3c", "city": "Kolkata"}}, {"type": "Feature", "geometry": {"type": "Point", "coordinates": [88.43951902019059, 22.61847552940417]}, "properties": {"lst": 28.67, "ndvi": 0.274, "ndbi": -0.064, "risk": "Critical", "heat_zone": 3, "color": "#e74c3c", "city": "Kolkata"}}, {"type": "Feature", "geometry": {"type": "Point", "coordinates": [88.33811138226804, 22.4642542855285]}, "properties": {"lst": 29.17, "ndvi": 0.408, "ndbi": -0.072, "risk": "High", "heat_zone": 2, "color": "#e67e22", "city": "Kolkata"}}, {"type": "Feature", "geometry": {"type": "Point", "coordinates": [88.44213697920125, 22.56208780679479]}, "properties": {"lst": 26.41, "ndvi": 0.4, "ndbi": -0.238, "risk": "High", "heat_zone": 2, "color": "#e67e22", "city": "Kolkata"}}, {"type": "Feature", "geometry": {"type": "Point", "coordinates": [88.44708406492778, 22.550032397592418]}, "properties": {"lst": 28.1, "ndvi": 0.372, "ndbi": -0.208, "risk": "High", "heat_zone": 2, "color": "#e67e22", "city": "Kolkata"}}, {"type": "Feature", "geometry": {"type": "Point", "coordinates": [88.25008611973128, 22.58031810175718]}, "properties": {"lst": 27.08, "ndvi": 0.355, "ndbi": -0.285, "risk": "High", "heat_zone": 2, "color": "#e67e22", "city": "Kolkata"}}, {"type": "Feature", "geometry": {"type": "Point", "coordinates": [88.3968019859173, 22.542680274429333]}, "properties": {"lst": 30.3, "ndvi": 0.474, "ndbi": -0.148, "risk": "High", "heat_zone": 2, "color": "#e67e22", "city": "Kolkata"}}, {"type": "Feature", "geometry": {"type": "Point", "coordinates": [88.27790033205359, 22.495539137736497]}, "properties": {"lst": 28.14, "ndvi": 0.548, "ndbi": -0.197, "risk": "Moderate", "heat_zone": 1, "color": "#f1c40f", "city": "Kolkata"}}, {"type": "Feature", "geometry": {"type": "Point", "coordinates": [88.36337517885966, 22.46425670986451]}, "properties": {"lst": 29.78, "ndvi": 0.277, "ndbi": 0.017, "risk": "Critical", "heat_zone": 3, "color": "#e74c3c", "city": "Kolkata"}}, {"type": "Feature", "geometry": {"type": "Point", "coordinates": [88.41646577752907, 22.52751683586209]}, "properties": {"lst": 28.44, "ndvi": 0.396, "ndbi": -0.276, "risk": "High", "heat_zone": 2, "color": "#e67e22", "city": "Kolkata"}}, {"type": "Feature", "geometry": {"type": "Point", "coordinates": [88.43077685969921, 22.52523044383639]}, "properties": {"lst": 28.06, "ndvi": 0.603, "ndbi": -0.317, "risk": "Moderate", "heat_zone": 1, "color": "#f1c40f", "city": "Kolkata"}}, {"type": "Feature", "geometry": {"type": "Point", "coordinates": [88.36710443505739, 22.48338568501969]}, "properties": {"lst": 29.52, "ndvi": 0.311, "ndbi": -0.107, "risk": "High", "heat_zone": 2, "color": "#e67e22", "city": "Kolkata"}}, {"type": "Feature", "geometry": {"type": "Point", "coordinates": [88.33163865362516, 22.45903180773081]}, "properties": {"lst": 28.07, "ndvi": 0.501, "ndbi": -0.143, "risk": "High", "heat_zone": 2, "color": "#e67e22", "city": "Kolkata"}}, {"type": "Feature", "geometry": {"type": "Point", "coordinates": [88.29895861090449, 22.62224892558097]}, "properties": {"lst": 29.46, "ndvi": 0.48, "ndbi": -0.177, "risk": "High", "heat_zone": 2, "color": "#e67e22", "city": "Kolkata"}}, {"type": "Feature", "geometry": {"type": "Point", "coordinates": [88.2519069049766, 22.559833310178693]}, "properties": {"lst": 23.32, "ndvi": -0.25, "ndbi": -0.444, "risk": "Low", "heat_zone": 0, "color": "#2ecc71", "city": "Kolkata"}}, {"type": "Feature", "geometry": {"type": "Point", "coordinates": [88.35179068003252, 22.494501658453583]}, "properties": {"lst": 28.59, "ndvi": 0.527, "ndbi": -0.006, "risk": "High", "heat_zone": 2, "color": "#e67e22", "city": "Kolkata"}}, {"type": "Feature", "geometry": {"type": "Point", "coordinates": [88.34302259545233, 22.577453367606537]}, "properties": {"lst": 23.75, "ndvi": -0.235, "ndbi": -0.403, "risk": "Low", "heat_zone": 0, "color": "#2ecc71", "city": "Kolkata"}}, {"type": "Feature", "geometry": {"type": "Point", "coordinates": [88.41813317719414, 22.618112420434063]}, "properties": {"lst": 30.83, "ndvi": 0.202, "ndbi": 0.043, "risk": "Critical", "heat_zone": 3, "color": "#e74c3c", "city": "Kolkata"}}, {"type": "Feature", "geometry": {"type": "Point", "coordinates": [88.38024072691887, 22.582722374591476]}, "properties": {"lst": 33.93, "ndvi": 0.174, "ndbi": 0.145, "risk": "Critical", "heat_zone": 3, "color": "#e74c3c", "city": "Kolkata"}}, {"type": "Feature", "geometry": {"type": "Point", "coordinates": [88.27990068851184, 22.49863398526352]}, "properties": {"lst": 27.75, "ndvi": 0.54, "ndbi": -0.125, "risk": "Moderate", "heat_zone": 1, "color": "#f1c40f", "city": "Kolkata"}}, {"type": "Feature", "geometry": {"type": "Point", "coordinates": [88.26883495091597, 22.56208195252421]}, "properties": {"lst": 28.76, "ndvi": 0.408, "ndbi": -0.085, "risk": "High", "heat_zone": 2, "color": "#e67e22", "city": "Kolkata"}}, {"type": "Feature", "geometry": {"type": "Point", "coordinates": [88.2693927480289, 22.64856188141054]}, "properties": {"lst": 26.93, "ndvi": 0.607, "ndbi": -0.277, "risk": "Moderate", "heat_zone": 1, "color": "#f1c40f", "city": "Kolkata"}}, {"type": "Feature", "geometry": {"type": "Point", "coordinates": [88.4277322559558, 22.47094916474681]}, "properties": {"lst": 27.92, "ndvi": 0.513, "ndbi": -0.149, "risk": "Moderate", "heat_zone": 1, "color": "#f1c40f", "city": "Kolkata"}}, {"type": "Feature", "geometry": {"type": "Point", "coordinates": [88.40581066840704, 22.517519198565097]}, "properties": {"lst": 27.98, "ndvi": 0.651, "ndbi": -0.281, "risk": "Moderate", "heat_zone": 1, "color": "#f1c40f", "city": "Kolkata"}}, {"type": "Feature", "geometry": {"type": "Point", "coordinates": [88.40047163210835, 22.609254067562976]}, "properties": {"lst": 30.06, "ndvi": 0.292, "ndbi": -0.075, "risk": "Critical", "heat_zone": 3, "color": "#e74c3c", "city": "Kolkata"}}, {"type": "Feature", "geometry": {"type": "Point", "coordinates": [88.29873258997151, 22.482632832052413]}, "properties": {"lst": 29.22, "ndvi": 0.551, "ndbi": -0.189, "risk": "Moderate", "heat_zone": 1, "color": "#f1c40f", "city": "Kolkata"}}, {"type": "Feature", "geometry": {"type": "Point", "coordinates": [88.42486588588054, 22.637573320781105]}, "properties": {"lst": 36.01, "ndvi": 0.255, "ndbi": 0.185, "risk": "Critical", "heat_zone": 3, "color": "#e74c3c", "city": "Kolkata"}}, {"type": "Feature", "geometry": {"type": "Point", "coordinates": [88.40797176266845, 22.493991389377392]}, "properties": {"lst": 28.77, "ndvi": 0.364, "ndbi": -0.006, "risk": "High", "heat_zone": 2, "color": "#e67e22", "city": "Kolkata"}}, {"type": "Feature", "geometry": {"type": "Point", "coordinates": [88.28428461286681, 22.634605052006005]}, "properties": {"lst": 28.78, "ndvi": 0.496, "ndbi": -0.188, "risk": "High", "heat_zone": 2, "color": "#e67e22", "city": "Kolkata"}}, {"type": "Feature", "geometry": {"type": "Point", "coordinates": [88.34951272180878, 22.45107551773336]}, "properties": {"lst": 28.92, "ndvi": 0.409, "ndbi": -0.064, "risk": "High", "heat_zone": 2, "color": "#e67e22", "city": "Kolkata"}}, {"type": "Feature", "geometry": {"type": "Point", "coordinates": [88.34067320930187, 22.627707309599096]}, "properties": {"lst": 32.81, "ndvi": 0.409, "ndbi": -0.138, "risk": "High", "heat_zone": 2, "color": "#e67e22", "city": "Kolkata"}}, {"type": "Feature", "geometry": {"type": "Point", "coordinates": [88.33152984759562, 22.5388264329404]}, "properties": {"lst": 28.37, "ndvi": 0.487, "ndbi": -0.136, "risk": "High", "heat_zone": 2, "color": "#e67e22", "city": "Kolkata"}}, {"type": "Feature", "geometry": {"type": "Point", "coordinates": [88.38061321153423, 22.61191328973717]}, "properties": {"lst": 30.35, "ndvi": 0.444, "ndbi": -0.06, "risk": "High", "heat_zone": 2, "color": "#e67e22", "city": "Kolkata"}}, {"type": "Feature", "geometry": {"type": "Point", "coordinates": [88.33298741227095, 22.608061330714584]}, "properties": {"lst": 31.67, "ndvi": 0.302, "ndbi": -0.017, "risk": "Critical", "heat_zone": 3, "color": "#e74c3c", "city": "Kolkata"}}, {"type": "Feature", "geometry": {"type": "Point", "coordinates": [88.25633598870053, 22.551525198620663]}, "properties": {"lst": 28.57, "ndvi": 0.397, "ndbi": -0.042, "risk": "High", "heat_zone": 2, "color": "#e67e22", "city": "Kolkata"}}, {"type": "Feature", "geometry": {"type": "Point", "coordinates": [88.38433892131368, 22.504549510907356]}, "properties": {"lst": 30.36, "ndvi": 0.286, "ndbi": -0.017, "risk": "Critical", "heat_zone": 3, "color": "#e74c3c", "city": "Kolkata"}}, {"type": "Feature", "geometry": {"type": "Point", "coordinates": [88.29968234476983, 22.469424127505867]}, "properties": {"lst": 28.25, "ndvi": 0.512, "ndbi": -0.154, "risk": "High", "heat_zone": 2, "color": "#e67e22", "city": "Kolkata"}}, {"type": "Feature", "geometry": {"type": "Point", "coordinates": [88.27377157496373, 22.58025726404076]}, "properties": {"lst": 29.03, "ndvi": 0.507, "ndbi": -0.118, "risk": "High", "heat_zone": 2, "color": "#e67e22", "city": "Kolkata"}}, {"type": "Feature", "geometry": {"type": "Point", "coordinates": [88.37710494319305, 22.580187233313293]}, "properties": {"lst": 33.03, "ndvi": 0.238, "ndbi": 0.064, "risk": "Critical", "heat_zone": 3, "color": "#e74c3c", "city": "Kolkata"}}, {"type": "Feature", "geometry": {"type": "Point", "coordinates": [88.41700118921221, 22.617096648273968]}, "properties": {"lst": 30.44, "ndvi": 0.222, "ndbi": 0.047, "risk": "Critical", "heat_zone": 3, "color": "#e74c3c", "city": "Kolkata"}}, {"type": "Feature", "geometry": {"type": "Point", "coordinates": [88.37362787328318, 22.647873897979604]}, "properties": {"lst": 29.91, "ndvi": 0.248, "ndbi": 0.067, "risk": "Critical", "heat_zone": 3, "color": "#e74c3c", "city": "Kolkata"}}, {"type": "Feature", "geometry": {"type": "Point", "coordinates": [88.34940517297326, 22.5437673884976]}, "properties": {"lst": 30.06, "ndvi": 0.41, "ndbi": -0.129, "risk": "High", "heat_zone": 2, "color": "#e67e22", "city": "Kolkata"}}, {"type": "Feature", "geometry": {"type": "Point", "coordinates": [88.32130135279598, 22.63048156069013]}, "properties": {"lst": 28.43, "ndvi": 0.622, "ndbi": -0.28, "risk": "Moderate", "heat_zone": 1, "color": "#f1c40f", "city": "Kolkata"}}, {"type": "Feature", "geometry": {"type": "Point", "coordinates": [88.44622297282707, 22.491773874365443]}, "properties": {"lst": 24.92, "ndvi": 0.014, "ndbi": -0.558, "risk": "Low", "heat_zone": 0, "color": "#2ecc71", "city": "Kolkata"}}, {"type": "Feature", "geometry": {"type": "Point", "coordinates": [88.2771429891219, 22.573446749159803]}, "properties": {"lst": 29.3, "ndvi": 0.569, "ndbi": -0.152, "risk": "Moderate", "heat_zone": 1, "color": "#f1c40f", "city": "Kolkata"}}, {"type": "Feature", "geometry": {"type": "Point", "coordinates": [88.38420768535009, 22.629443746598305]}, "properties": {"lst": 30.94, "ndvi": 0.275, "ndbi": -0.028, "risk": "Critical", "heat_zone": 3, "color": "#e74c3c", "city": "Kolkata"}}, {"type": "Feature", "geometry": {"type": "Point", "coordinates": [88.26520199746399, 22.481350921121667]}, "properties": {"lst": 27.38, "ndvi": 0.615, "ndbi": -0.229, "risk": "Moderate", "heat_zone": 1, "color": "#f1c40f", "city": "Kolkata"}}, {"type": "Feature", "geometry": {"type": "Point", "coordinates": [88.32171176460494, 22.617672840565305]}, "properties": {"lst": 29.34, "ndvi": 0.543, "ndbi": -0.2, "risk": "Moderate", "heat_zone": 1, "color": "#f1c40f", "city": "Kolkata"}}, {"type": "Feature", "geometry": {"type": "Point", "coordinates": [88.32880995057938, 22.59572813995749]}, "properties": {"lst": 31.48, "ndvi": 0.265, "ndbi": 0.022, "risk": "Critical", "heat_zone": 3, "color": "#e74c3c", "city": "Kolkata"}}, {"type": "Feature", "geometry": {"type": "Point", "coordinates": [88.2630770122945, 22.5955558828768]}, "properties": {"lst": 30.27, "ndvi": 0.35, "ndbi": -0.103, "risk": "High", "heat_zone": 2, "color": "#e67e22", "city": "Kolkata"}}, {"type": "Feature", "geometry": {"type": "Point", "coordinates": [88.26018846895897, 22.64359988348735]}, "properties": {"lst": 28.09, "ndvi": 0.58, "ndbi": -0.119, "risk": "Moderate", "heat_zone": 1, "color": "#f1c40f", "city": "Kolkata"}}, {"type": "Feature", "geometry": {"type": "Point", "coordinates": [88.44299240067546, 22.45214077435536]}, "properties": {"lst": 28.98, "ndvi": 0.518, "ndbi": -0.104, "risk": "High", "heat_zone": 2, "color": "#e67e22", "city": "Kolkata"}}, {"type": "Feature", "geometry": {"type": "Point", "coordinates": [88.3426114835404, 22.626091853751117]}, "properties": {"lst": 30.82, "ndvi": 0.465, "ndbi": -0.091, "risk": "High", "heat_zone": 2, "color": "#e67e22", "city": "Kolkata"}}, {"type": "Feature", "geometry": {"type": "Point", "coordinates": [88.3295206110301, 22.52142486983793]}, "properties": {"lst": 29.41, "ndvi": 0.437, "ndbi": -0.153, "risk": "High", "heat_zone": 2, "color": "#e67e22", "city": "Kolkata"}}, {"type": "Feature", "geometry": {"type": "Point", "coordinates": [88.28726196195514, 22.51878524135654]}, "properties": {"lst": 30.94, "ndvi": 0.234, "ndbi": -0.077, "risk": "Critical", "heat_zone": 3, "color": "#e74c3c", "city": "Kolkata"}}, {"type": "Feature", "geometry": {"type": "Point", "coordinates": [88.33981215808802, 22.50965485452325]}, "properties": {"lst": 29.61, "ndvi": 0.338, "ndbi": -0.046, "risk": "High", "heat_zone": 2, "color": "#e67e22", "city": "Kolkata"}}, {"type": "Feature", "geometry": {"type": "Point", "coordinates": [88.38602490073463, 22.51463544470249]}, "properties": {"lst": 29.94, "ndvi": 0.215, "ndbi": -0.012, "risk": "Critical", "heat_zone": 3, "color": "#e74c3c", "city": "Kolkata"}}, {"type": "Feature", "geometry": {"type": "Point", "coordinates": [88.41281222290368, 22.516662747905183]}, "properties": {"lst": 27.01, "ndvi": 0.566, "ndbi": -0.301, "risk": "Moderate", "heat_zone": 1, "color": "#f1c40f", "city": "Kolkata"}}, {"type": "Feature", "geometry": {"type": "Point", "coordinates": [88.29336370040798, 22.636072250939147]}, "properties": {"lst": 27.57, "ndvi": 0.592, "ndbi": -0.232, "risk": "Moderate", "heat_zone": 1, "color": "#f1c40f", "city": "Kolkata"}}, {"type": "Feature", "geometry": {"type": "Point", "coordinates": [88.41804149000899, 22.5447786459622]}, "properties": {"lst": 31.55, "ndvi": 0.373, "ndbi": -0.016, "risk": "Critical", "heat_zone": 3, "color": "#e74c3c", "city": "Kolkata"}}, {"type": "Feature", "geometry": {"type": "Point", "coordinates": [88.43351670471937, 22.45472603641681]}, "properties": {"lst": 27.73, "ndvi": 0.527, "ndbi": -0.164, "risk": "Moderate", "heat_zone": 1, "color": "#f1c40f", "city": "Kolkata"}}, {"type": "Feature", "geometry": {"type": "Point", "coordinates": [88.362453302939, 22.58706863994031]}, "properties": {"lst": 31.29, "ndvi": 0.205, "ndbi": 0.035, "risk": "Critical", "heat_zone": 3, "color": "#e74c3c", "city": "Kolkata"}}, {"type": "Feature", "geometry": {"type": "Point", "coordinates": [88.2670465216696, 22.519386515275954]}, "properties": {"lst": 27.6, "ndvi": 0.662, "ndbi": -0.276, "risk": "Moderate", "heat_zone": 1, "color": "#f1c40f", "city": "Kolkata"}}, {"type": "Feature", "geometry": {"type": "Point", "coordinates": [88.39086023101589, 22.594558981804497]}, "properties": {"lst": 31.56, "ndvi": 0.327, "ndbi": -0.014, "risk": "Critical", "heat_zone": 3, "color": "#e74c3c", "city": "Kolkata"}}, {"type": "Feature", "geometry": {"type": "Point", "coordinates": [88.26974664836108, 22.47396821588833]}, "properties": {"lst": 27.44, "ndvi": 0.662, "ndbi": -0.248, "risk": "Moderate", "heat_zone": 1, "color": "#f1c40f", "city": "Kolkata"}}, {"type": "Feature", "geometry": {"type": "Point", "coordinates": [88.37870882021905, 22.465321210203463]}, "properties": {"lst": 30.63, "ndvi": 0.222, "ndbi": 0.011, "risk": "Critical", "heat_zone": 3, "color": "#e74c3c", "city": "Kolkata"}}, {"type": "Feature", "geometry": {"type": "Point", "coordinates": [88.36260888684502, 22.51749001727373]}, "properties": {"lst": 30.13, "ndvi": 0.283, "ndbi": 0.01, "risk": "Critical", "heat_zone": 3, "color": "#e74c3c", "city": "Kolkata"}}, {"type": "Feature", "geometry": {"type": "Point", "coordinates": [88.36307168729654, 22.54915801583137]}, "properties": {"lst": 32.34, "ndvi": 0.301, "ndbi": 0.04, "risk": "Critical", "heat_zone": 3, "color": "#e74c3c", "city": "Kolkata"}}, {"type": "Feature", "geometry": {"type": "Point", "coordinates": [88.38772804616023, 22.463540518869888]}, "properties": {"lst": 28.96, "ndvi": 0.259, "ndbi": 0.033, "risk": "Critical", "heat_zone": 3, "color": "#e74c3c", "city": "Kolkata"}}, {"type": "Feature", "geometry": {"type": "Point", "coordinates": [88.43036583505325, 22.58067318064511]}, "properties": {"lst": 31.61, "ndvi": 0.28, "ndbi": -0.021, "risk": "Critical", "heat_zone": 3, "color": "#e74c3c", "city": "Kolkata"}}, {"type": "Feature", "geometry": {"type": "Point", "coordinates": [88.31948763093915, 22.53816095227532]}, "properties": {"lst": 33.75, "ndvi": 0.165, "ndbi": 0.096, "risk": "Critical", "heat_zone": 3, "color": "#e74c3c", "city": "Kolkata"}}, {"type": "Feature", "geometry": {"type": "Point", "coordinates": [88.44754130437356, 22.60525464474071]}, "properties": {"lst": 28.99, "ndvi": 0.374, "ndbi": -0.055, "risk": "High", "heat_zone": 2, "color": "#e67e22", "city": "Kolkata"}}, {"type": "Feature", "geometry": {"type": "Point", "coordinates": [88.33714904852557, 22.52418985024184]}, "properties": {"lst": 30.55, "ndvi": 0.519, "ndbi": -0.165, "risk": "High", "heat_zone": 2, "color": "#e67e22", "city": "Kolkata"}}, {"type": "Feature", "geometry": {"type": "Point", "coordinates": [88.38930617160577, 22.57716909141813]}, "properties": {"lst": 30.73, "ndvi": 0.272, "ndbi": -0.059, "risk": "Critical", "heat_zone": 3, "color": "#e74c3c", "city": "Kolkata"}}, {"type": "Feature", "geometry": {"type": "Point", "coordinates": [88.3239611090319, 22.48354128969547]}, "properties": {"lst": 29.08, "ndvi": 0.323, "ndbi": -0.009, "risk": "Critical", "heat_zone": 3, "color": "#e74c3c", "city": "Kolkata"}}, {"type": "Feature", "geometry": {"type": "Point", "coordinates": [88.25637621570543, 22.48015081183281]}, "properties": {"lst": 27.12, "ndvi": 0.657, "ndbi": -0.291, "risk": "Moderate", "heat_zone": 1, "color": "#f1c40f", "city": "Kolkata"}}, {"type": "Feature", "geometry": {"type": "Point", "coordinates": [88.2998475383171, 22.597616698608167]}, "properties": {"lst": 29.65, "ndvi": 0.269, "ndbi": 0.004, "risk": "Critical", "heat_zone": 3, "color": "#e74c3c", "city": "Kolkata"}}, {"type": "Feature", "geometry": {"type": "Point", "coordinates": [88.36845469153435, 22.466470030427462]}, "properties": {"lst": 29.52, "ndvi": 0.449, "ndbi": -0.139, "risk": "High", "heat_zone": 2, "color": "#e67e22", "city": "Kolkata"}}, {"type": "Feature", "geometry": {"type": "Point", "coordinates": [88.39384904017832, 22.554372928424296]}, "properties": {"lst": 33.47, "ndvi": 0.234, "ndbi": -0.003, "risk": "Critical", "heat_zone": 3, "color": "#e74c3c", "city": "Kolkata"}}, {"type": "Feature", "geometry": {"type": "Point", "coordinates": [88.26737835796477, 22.6475000339818]}, "properties": {"lst": 27.65, "ndvi": 0.624, "ndbi": -0.21, "risk": "Moderate", "heat_zone": 1, "color": "#f1c40f", "city": "Kolkata"}}, {"type": "Feature", "geometry": {"type": "Point", "coordinates": [88.26579825861783, 22.53834235436532]}, "properties": {"lst": 29.29, "ndvi": 0.273, "ndbi": 0.059, "risk": "Critical", "heat_zone": 3, "color": "#e74c3c", "city": "Kolkata"}}, {"type": "Feature", "geometry": {"type": "Point", "coordinates": [88.42325043060734, 22.59423184661014]}, "properties": {"lst": 28.62, "ndvi": 0.41, "ndbi": -0.143, "risk": "High", "heat_zone": 2, "color": "#e67e22", "city": "Kolkata"}}, {"type": "Feature", "geometry": {"type": "Point", "coordinates": [88.30469268578335, 22.62401740503524]}, "properties": {"lst": 28.19, "ndvi": 0.535, "ndbi": -0.178, "risk": "Moderate", "heat_zone": 1, "color": "#f1c40f", "city": "Kolkata"}}, {"type": "Feature", "geometry": {"type": "Point", "coordinates": [88.37469541000722, 22.551685059285223]}, "properties": {"lst": 31.24, "ndvi": 0.287, "ndbi": -0.073, "risk": "Critical", "heat_zone": 3, "color": "#e74c3c", "city": "Kolkata"}}, {"type": "Feature", "geometry": {"type": "Point", "coordinates": [88.26421715226185, 22.50661576706621]}, "properties": {"lst": 27.3, "ndvi": 0.601, "ndbi": -0.223, "risk": "Moderate", "heat_zone": 1, "color": "#f1c40f", "city": "Kolkata"}}, {"type": "Feature", "geometry": {"type": "Point", "coordinates": [88.3002795644518, 22.58518542859364]}, "properties": {"lst": 29.43, "ndvi": 0.316, "ndbi": -0.157, "risk": "High", "heat_zone": 2, "color": "#e67e22", "city": "Kolkata"}}, {"type": "Feature", "geometry": {"type": "Point", "coordinates": [88.38554221999007, 22.480125177786523]}, "properties": {"lst": 28.85, "ndvi": 0.27, "ndbi": -0.013, "risk": "Critical", "heat_zone": 3, "color": "#e74c3c", "city": "Kolkata"}}, {"type": "Feature", "geometry": {"type": "Point", "coordinates": [88.3728239072882, 22.63116019946288]}, "properties": {"lst": 31.48, "ndvi": 0.344, "ndbi": -0.064, "risk": "Critical", "heat_zone": 3, "color": "#e74c3c", "city": "Kolkata"}}, {"type": "Feature", "geometry": {"type": "Point", "coordinates": [88.3085485110029, 22.614079430374048]}, "properties": {"lst": 30.13, "ndvi": 0.495, "ndbi": -0.137, "risk": "High", "heat_zone": 2, "color": "#e67e22", "city": "Kolkata"}}, {"type": "Feature", "geometry": {"type": "Point", "coordinates": [88.40148271442844, 22.459760096452925]}, "properties": {"lst": 27.51, "ndvi": 0.506, "ndbi": -0.109, "risk": "High", "heat_zone": 2, "color": "#e67e22", "city": "Kolkata"}}, {"type": "Feature", "geometry": {"type": "Point", "coordinates": [88.3133959762543, 22.58305374088883]}, "properties": {"lst": 30.09, "ndvi": 0.272, "ndbi": 0.027, "risk": "Critical", "heat_zone": 3, "color": "#e74c3c", "city": "Kolkata"}}, {"type": "Feature", "geometry": {"type": "Point", "coordinates": [88.44478342511022, 22.55614731591908]}, "properties": {"lst": 24.99, "ndvi": 0.241, "ndbi": -0.461, "risk": "Low", "heat_zone": 0, "color": "#2ecc71", "city": "Kolkata"}}, {"type": "Feature", "geometry": {"type": "Point", "coordinates": [88.26163935743222, 22.51999919082636]}, "properties": {"lst": 29.03, "ndvi": 0.621, "ndbi": -0.264, "risk": "Moderate", "heat_zone": 1, "color": "#f1c40f", "city": "Kolkata"}}, {"type": "Feature", "geometry": {"type": "Point", "coordinates": [88.36187388471971, 22.5319561821696]}, "properties": {"lst": 28.73, "ndvi": 0.476, "ndbi": -0.116, "risk": "High", "heat_zone": 2, "color": "#e67e22", "city": "Kolkata"}}, {"type": "Feature", "geometry": {"type": "Point", "coordinates": [88.39014054736566, 22.490935648686666]}, "properties": {"lst": 29.39, "ndvi": 0.311, "ndbi": -0.043, "risk": "Critical", "heat_zone": 3, "color": "#e74c3c", "city": "Kolkata"}}, {"type": "Feature", "geometry": {"type": "Point", "coordinates": [88.29320493078225, 22.455042426627035]}, "properties": {"lst": 28.5, "ndvi": 0.596, "ndbi": -0.202, "risk": "Moderate", "heat_zone": 1, "color": "#f1c40f", "city": "Kolkata"}}, {"type": "Feature", "geometry": {"type": "Point", "coordinates": [88.36513706321384, 22.5892535774223]}, "properties": {"lst": 32.78, "ndvi": 0.183, "ndbi": 0.066, "risk": "Critical", "heat_zone": 3, "color": "#e74c3c", "city": "Kolkata"}}, {"type": "Feature", "geometry": {"type": "Point", "coordinates": [88.31460392906823, 22.469333859848398]}, "properties": {"lst": 29.48, "ndvi": 0.267, "ndbi": 0.017, "risk": "Critical", "heat_zone": 3, "color": "#e74c3c", "city": "Kolkata"}}, {"type": "Feature", "geometry": {"type": "Point", "coordinates": [88.37572106545358, 22.565604821904333]}, "properties": {"lst": 30.58, "ndvi": 0.257, "ndbi": -0.041, "risk": "Critical", "heat_zone": 3, "color": "#e74c3c", "city": "Kolkata"}}, {"type": "Feature", "geometry": {"type": "Point", "coordinates": [88.33502477899047, 22.614983563567105]}, "properties": {"lst": 33.03, "ndvi": 0.243, "ndbi": -0.011, "risk": "Critical", "heat_zone": 3, "color": "#e74c3c", "city": "Kolkata"}}, {"type": "Feature", "geometry": {"type": "Point", "coordinates": [88.27412556107494, 22.60682786088836]}, "properties": {"lst": 29.24, "ndvi": 0.343, "ndbi": 0.01, "risk": "Critical", "heat_zone": 3, "color": "#e74c3c", "city": "Kolkata"}}, {"type": "Feature", "geometry": {"type": "Point", "coordinates": [88.2665708955207, 22.460181282861125]}, "properties": {"lst": 26.7, "ndvi": 0.649, "ndbi": -0.264, "risk": "Moderate", "heat_zone": 1, "color": "#f1c40f", "city": "Kolkata"}}, {"type": "Feature", "geometry": {"type": "Point", "coordinates": [88.44294791788212, 22.486042631576183]}, "properties": {"lst": 26.48, "ndvi": 0.303, "ndbi": -0.354, "risk": "Low", "heat_zone": 0, "color": "#2ecc71", "city": "Kolkata"}}, {"type": "Feature", "geometry": {"type": "Point", "coordinates": [88.36615195908703, 22.561798978697897]}, "properties": {"lst": 30.92, "ndvi": 0.279, "ndbi": -0.029, "risk": "Critical", "heat_zone": 3, "color": "#e74c3c", "city": "Kolkata"}}, {"type": "Feature", "geometry": {"type": "Point", "coordinates": [88.38264732456939, 22.463703184789768]}, "properties": {"lst": 29.35, "ndvi": 0.323, "ndbi": -0.006, "risk": "Critical", "heat_zone": 3, "color": "#e74c3c", "city": "Kolkata"}}, {"type": "Feature", "geometry": {"type": "Point", "coordinates": [88.41085644135518, 22.56085964388347]}, "properties": {"lst": 30.14, "ndvi": 0.351, "ndbi": -0.039, "risk": "Critical", "heat_zone": 3, "color": "#e74c3c", "city": "Kolkata"}}, {"type": "Feature", "geometry": {"type": "Point", "coordinates": [88.25058388272986, 22.52038802890933]}, "properties": {"lst": 28.1, "ndvi": 0.434, "ndbi": -0.088, "risk": "High", "heat_zone": 2, "color": "#e67e22", "city": "Kolkata"}}, {"type": "Feature", "geometry": {"type": "Point", "coordinates": [88.31674735556157, 22.506379157085043]}, "properties": {"lst": 30.77, "ndvi": 0.373, "ndbi": -0.05, "risk": "High", "heat_zone": 2, "color": "#e67e22", "city": "Kolkata"}}, {"type": "Feature", "geometry": {"type": "Point", "coordinates": [88.41135490516852, 22.52851351630476]}, "properties": {"lst": 29.01, "ndvi": 0.332, "ndbi": -0.084, "risk": "High", "heat_zone": 2, "color": "#e67e22", "city": "Kolkata"}}, {"type": "Feature", "geometry": {"type": "Point", "coordinates": [88.38358988860826, 22.577435270063315]}, "properties": {"lst": 31.94, "ndvi": 0.215, "ndbi": 0.076, "risk": "Critical", "heat_zone": 3, "color": "#e74c3c", "city": "Kolkata"}}, {"type": "Feature", "geometry": {"type": "Point", "coordinates": [88.41590544267376, 22.50073446166755]}, "properties": {"lst": 28.0, "ndvi": 0.541, "ndbi": -0.214, "risk": "Moderate", "heat_zone": 1, "color": "#f1c40f", "city": "Kolkata"}}, {"type": "Feature", "geometry": {"type": "Point", "coordinates": [88.32797736254993, 22.506071432178416]}, "properties": {"lst": 30.34, "ndvi": 0.368, "ndbi": -0.035, "risk": "High", "heat_zone": 2, "color": "#e67e22", "city": "Kolkata"}}, {"type": "Feature", "geometry": {"type": "Point", "coordinates": [88.44330961249531, 22.598513499790982]}, "properties": {"lst": 29.76, "ndvi": 0.259, "ndbi": 0.076, "risk": "Critical", "heat_zone": 3, "color": "#e74c3c", "city": "Kolkata"}}, {"type": "Feature", "geometry": {"type": "Point", "coordinates": [88.32548122503248, 22.506647536946403]}, "properties": {"lst": 29.95, "ndvi": 0.242, "ndbi": -0.003, "risk": "Critical", "heat_zone": 3, "color": "#e74c3c", "city": "Kolkata"}}, {"type": "Feature", "geometry": {"type": "Point", "coordinates": [88.33463013808623, 22.53119601624531]}, "properties": {"lst": 28.32, "ndvi": 0.635, "ndbi": -0.221, "risk": "Moderate", "heat_zone": 1, "color": "#f1c40f", "city": "Kolkata"}}, {"type": "Feature", "geometry": {"type": "Point", "coordinates": [88.43607117051492, 22.599396069447625]}, "properties": {"lst": 29.52, "ndvi": 0.298, "ndbi": -0.018, "risk": "Critical", "heat_zone": 3, "color": "#e74c3c", "city": "Kolkata"}}, {"type": "Feature", "geometry": {"type": "Point", "coordinates": [88.27384094862747, 22.58649009066399]}, "properties": {"lst": 30.33, "ndvi": 0.175, "ndbi": 0.034, "risk": "Critical", "heat_zone": 3, "color": "#e74c3c", "city": "Kolkata"}}, {"type": "Feature", "geometry": {"type": "Point", "coordinates": [88.4058024602423, 22.602413045705596]}, "properties": {"lst": 29.14, "ndvi": 0.24, "ndbi": 0.019, "risk": "Critical", "heat_zone": 3, "color": "#e74c3c", "city": "Kolkata"}}, {"type": "Feature", "geometry": {"type": "Point", "coordinates": [88.39078506850416, 22.623779680258057]}, "properties": {"lst": 28.76, "ndvi": 0.147, "ndbi": -0.023, "risk": "Critical", "heat_zone": 3, "color": "#e74c3c", "city": "Kolkata"}}, {"type": "Feature", "geometry": {"type": "Point", "coordinates": [88.40341557798594, 22.64402998247233]}, "properties": {"lst": 29.9, "ndvi": 0.263, "ndbi": 0.027, "risk": "Critical", "heat_zone": 3, "color": "#e74c3c", "city": "Kolkata"}}, {"type": "Feature", "geometry": {"type": "Point", "coordinates": [88.42025655419208, 22.515391096187425]}, "properties": {"lst": 25.44, "ndvi": 0.121, "ndbi": -0.453, "risk": "Low", "heat_zone": 0, "color": "#2ecc71", "city": "Kolkata"}}, {"type": "Feature", "geometry": {"type": "Point", "coordinates": [88.40315599390917, 22.56057220367783]}, "properties": {"lst": 32.01, "ndvi": 0.184, "ndbi": 0.011, "risk": "Critical", "heat_zone": 3, "color": "#e74c3c", "city": "Kolkata"}}, {"type": "Feature", "geometry": {"type": "Point", "coordinates": [88.40668518634568, 22.472684232764763]}, "properties": {"lst": 28.74, "ndvi": 0.354, "ndbi": -0.0, "risk": "High", "heat_zone": 2, "color": "#e67e22", "city": "Kolkata"}}, {"type": "Feature", "geometry": {"type": "Point", "coordinates": [88.43052832248574, 22.59799178343041]}, "properties": {"lst": 29.38, "ndvi": 0.201, "ndbi": 0.068, "risk": "Critical", "heat_zone": 3, "color": "#e74c3c", "city": "Kolkata"}}, {"type": "Feature", "geometry": {"type": "Point", "coordinates": [88.27498219380156, 22.497273443349]}, "properties": {"lst": 28.34, "ndvi": 0.446, "ndbi": -0.17, "risk": "High", "heat_zone": 2, "color": "#e67e22", "city": "Kolkata"}}, {"type": "Feature", "geometry": {"type": "Point", "coordinates": [88.2942397167388, 22.60738781013724]}, "properties": {"lst": 30.5, "ndvi": 0.386, "ndbi": -0.041, "risk": "High", "heat_zone": 2, "color": "#e67e22", "city": "Kolkata"}}, {"type": "Feature", "geometry": {"type": "Point", "coordinates": [88.41840764081265, 22.505517960972977]}, "properties": {"lst": 27.24, "ndvi": 0.509, "ndbi": -0.16, "risk": "Moderate", "heat_zone": 1, "color": "#f1c40f", "city": "Kolkata"}}, {"type": "Feature", "geometry": {"type": "Point", "coordinates": [88.2965133825641, 22.450051705021053]}, "properties": {"lst": 27.6, "ndvi": 0.57, "ndbi": -0.15, "risk": "Moderate", "heat_zone": 1, "color": "#f1c40f", "city": "Kolkata"}}, {"type": "Feature", "geometry": {"type": "Point", "coordinates": [88.4326390703068, 22.536208503293896]}, "properties": {"lst": 27.43, "ndvi": 0.562, "ndbi": -0.286, "risk": "Moderate", "heat_zone": 1, "color": "#f1c40f", "city": "Kolkata"}}, {"type": "Feature", "geometry": {"type": "Point", "coordinates": [88.35014612886012, 22.49496736259693]}, "properties": {"lst": 28.64, "ndvi": 0.479, "ndbi": -0.087, "risk": "High", "heat_zone": 2, "color": "#e67e22", "city": "Kolkata"}}, {"type": "Feature", "geometry": {"type": "Point", "coordinates": [88.32712526347441, 22.453641629707864]}, "properties": {"lst": 27.5, "ndvi": 0.58, "ndbi": -0.236, "risk": "Moderate", "heat_zone": 1, "color": "#f1c40f", "city": "Kolkata"}}, {"type": "Feature", "geometry": {"type": "Point", "coordinates": [88.36556461347266, 22.534298860010136]}, "properties": {"lst": 29.37, "ndvi": 0.311, "ndbi": -0.075, "risk": "Critical", "heat_zone": 3, "color": "#e74c3c", "city": "Kolkata"}}, {"type": "Feature", "geometry": {"type": "Point", "coordinates": [88.43581881816115, 22.57275744224604]}, "properties": {"lst": 29.44, "ndvi": 0.199, "ndbi": -0.083, "risk": "Critical", "heat_zone": 3, "color": "#e74c3c", "city": "Kolkata"}}, {"type": "Feature", "geometry": {"type": "Point", "coordinates": [88.31643507775622, 22.57662566296936]}, "properties": {"lst": 30.25, "ndvi": 0.336, "ndbi": -0.07, "risk": "Critical", "heat_zone": 3, "color": "#e74c3c", "city": "Kolkata"}}, {"type": "Feature", "geometry": {"type": "Point", "coordinates": [88.3486009110429, 22.58772745465297]}, "properties": {"lst": 23.94, "ndvi": -0.281, "ndbi": -0.366, "risk": "Low", "heat_zone": 0, "color": "#2ecc71", "city": "Kolkata"}}, {"type": "Feature", "geometry": {"type": "Point", "coordinates": [88.41742391890317, 22.63437835317225]}, "properties": {"lst": 30.25, "ndvi": 0.235, "ndbi": 0.045, "risk": "Critical", "heat_zone": 3, "color": "#e74c3c", "city": "Kolkata"}}, {"type": "Feature", "geometry": {"type": "Point", "coordinates": [88.2915460944691, 22.504704456621027]}, "properties": {"lst": 27.56, "ndvi": 0.637, "ndbi": -0.226, "risk": "Moderate", "heat_zone": 1, "color": "#f1c40f", "city": "Kolkata"}}, {"type": "Feature", "geometry": {"type": "Point", "coordinates": [88.43119118687599, 22.548049556217236]}, "properties": {"lst": 23.88, "ndvi": 0.085, "ndbi": -0.447, "risk": "Low", "heat_zone": 0, "color": "#2ecc71", "city": "Kolkata"}}, {"type": "Feature", "geometry": {"type": "Point", "coordinates": [88.34973782033897, 22.49222045189217]}, "properties": {"lst": 27.25, "ndvi": 0.151, "ndbi": -0.38, "risk": "Low", "heat_zone": 0, "color": "#2ecc71", "city": "Kolkata"}}]}