{"type": "FeatureCollection", "features": [{"type": "Feature", "geometry": {"type": "Point", "coordinates": [74.89114668359218, 12.891990818695756]}, "properties": {"lst": 38.46, "ndvi": 0.364, "ndbi": 0.052, "risk": "Critical", "heat_zone": 3, "color": "#e74c3c", "city": "Mangaluru"}}, {"type": "Feature", "geometry": {"type": "Point", "coordinates": [74.84857069658389, 12.844100405034968]}, "properties": {"lst": 37.5, "ndvi": 0.464, "ndbi": -0.097, "risk": "High", "heat_zone": 2, "color": "#e67e22", "city": "Mangaluru"}}, {"type": "Feature", "geometry": {"type": "Point", "coordinates": [74.81356756283375, 12.863995035023324]}, "properties": {"lst": 29.64, "ndvi": -0.238, "ndbi": -0.052, "risk": "Low", "heat_zone": 0, "color": "#2ecc71", "city": "Mangaluru"}}, {"type": "Feature", "geometry": {"type": "Point", "coordinates": [74.84824752451033, 12.884870881032612]}, "properties": {"lst": 39.14, "ndvi": 0.247, "ndbi": 0.103, "risk": "Critical", "heat_zone": 3, "color": "#e74c3c", "city": "Mangaluru"}}, {"type": "Feature", "geometry": {"type": "Point", "coordinates": [74.88649324647892, 12.812456261416118]}, "properties": {"lst": 34.51, "ndvi": 0.808, "ndbi": -0.419, "risk": "Moderate", "heat_zone": 1, "color": "#f1c40f", "city": "Mangaluru"}}, {"type": "Feature", "geometry": {"type": "Point", "coordinates": [74.89733345950816, 12.902653025197536]}, "properties": {"lst": 36.46, "ndvi": 0.503, "ndbi": 0.001, "risk": "High", "heat_zone": 2, "color": "#e67e22", "city": "Mangaluru"}}, {"type": "Feature", "geometry": {"type": "Point", "coordinates": [74.88424663922135, 12.891060602842396]}, "properties": {"lst": 35.67, "ndvi": 0.744, "ndbi": -0.282, "risk": "Moderate", "heat_zone": 1, "color": "#f1c40f", "city": "Mangaluru"}}, {"type": "Feature", "geometry": {"type": "Point", "coordinates": [74.94005858109838, 12.89803993387849]}, "properties": {"lst": 33.1, "ndvi": 0.797, "ndbi": -0.337, "risk": "Moderate", "heat_zone": 1, "color": "#f1c40f", "city": "Mangaluru"}}, {"type": "Feature", "geometry": {"type": "Point", "coordinates": [74.89179051016902, 12.893455669791496]}, "properties": {"lst": 38.58, "ndvi": 0.257, "ndbi": 0.103, "risk": "Critical", "heat_zone": 3, "color": "#e74c3c", "city": "Mangaluru"}}, {"type": "Feature", "geometry": {"type": "Point", "coordinates": [74.86645285290946, 12.88964879263367]}, "properties": {"lst": 35.01, "ndvi": 0.494, "ndbi": -0.06, "risk": "High", "heat_zone": 2, "color": "#e67e22", "city": "Mangaluru"}}, {"type": "Feature", "geometry": {"type": "Point", "coordinates": [74.90212240490087, 12.885890911172808]}, "properties": {"lst": 34.5, "ndvi": 0.521, "ndbi": -0.066, "risk": "High", "heat_zone": 2, "color": "#e67e22", "city": "Mangaluru"}}, {"type": "Feature", "geometry": {"type": "Point", "coordinates": [74.83046706206662, 12.86454810190883]}, "properties": {"lst": 33.54, "ndvi": -0.101, "ndbi": -0.269, "risk": "Low", "heat_zone": 0, "color": "#2ecc71", "city": "Mangaluru"}}, {"type": "Feature", "geometry": {"type": "Point", "coordinates": [74.92521564720097, 12.812334845680052]}, "properties": {"lst": 35.32, "ndvi": 0.525, "ndbi": -0.02, "risk": "High", "heat_zone": 2, "color": "#e67e22", "city": "Mangaluru"}}, {"type": "Feature", "geometry": {"type": "Point", "coordinates": [74.82860364601221, 12.858746706645618]}, "properties": {"lst": 31.28, "ndvi": -0.16, "ndbi": -0.282, "risk": "Low", "heat_zone": 0, "color": "#2ecc71", "city": "Mangaluru"}}, {"type": "Feature", "geometry": {"type": "Point", "coordinates": [74.856994409232, 12.887470041737544]}, "properties": {"lst": 37.88, "ndvi": 0.257, "ndbi": 0.077, "risk": "Critical", "heat_zone": 3, "color": "#e74c3c", "city": "Mangaluru"}}, {"type": "Feature", "geometry": {"type": "Point", "coordinates": [74.9418343090084, 12.840726452827903]}, "properties": {"lst": 35.46, "ndvi": 0.681, "ndbi": -0.147, "risk": "High", "heat_zone": 2, "color": "#e67e22", "city": "Mangaluru"}}, {"type": "Feature", "geometry": {"type": "Point", "coordinates": [74.841663877124, 12.90936034961298]}, "properties": {"lst": 37.56, "ndvi": 0.576, "ndbi": -0.145, "risk": "High", "heat_zone": 2, "color": "#e67e22", "city": "Mangaluru"}}, {"type": "Feature", "geometry": {"type": "Point", "coordinates": [74.94224088526511, 12.910342491182536]}, "properties": {"lst": 36.27, "ndvi": 0.666, "ndbi": -0.144, "risk": "High", "heat_zone": 2, "color": "#e67e22", "city": "Mangaluru"}}, {"type": "Feature", "geometry": {"type": "Point", "coordinates": [74.86353807862264, 12.83730631627656]}, "properties": {"lst": 30.82, "ndvi": 0.046, "ndbi": -0.293, "risk": "Low", "heat_zone": 0, "color": "#2ecc71", "city": "Mangaluru"}}, {"type": "Feature", "geometry": {"type": "Point", "coordinates": [74.90342367000473, 12.820633879571329]}, "properties": {"lst": 34.86, "ndvi": 0.586, "ndbi": -0.037, "risk": "High", "heat_zone": 2, "color": "#e67e22", "city": "Mangaluru"}}, {"type": "Feature", "geometry": {"type": "Point", "coordinates": [74.93461675689429, 12.927003588228152]}, "properties": {"lst": 32.13, "ndvi": 0.302, "ndbi": -0.354, "risk": "Low", "heat_zone": 0, "color": "#2ecc71", "city": "Mangaluru"}}, {"type": "Feature", "geometry": {"type": "Point", "coordinates": [74.92534000343908, 12.802298005187575]}, "properties": {"lst": 33.57, "ndvi": 0.78, "ndbi": -0.26, "risk": "Moderate", "heat_zone": 1, "color": "#f1c40f", "city": "Mangaluru"}}, {"type": "Feature", "geometry": {"type": "Point", "coordinates": [74.94754241861733, 12.908364565848336]}, "properties": {"lst": 40.7, "ndvi": 0.361, "ndbi": 0.174, "risk": "Critical", "heat_zone": 3, "color": "#e74c3c", "city": "Mangaluru"}}, {"type": "Feature", "geometry": {"type": "Point", "coordinates": [74.81778682034586, 12.943887949767651]}, "properties": {"lst": 34.39, "ndvi": 0.656, "ndbi": -0.218, "risk": "Moderate", "heat_zone": 1, "color": "#f1c40f", "city": "Mangaluru"}}, {"type": "Feature", "geometry": {"type": "Point", "coordinates": [74.93708395268601, 12.878516757997588]}, "properties": {"lst": 38.35, "ndvi": 0.545, "ndbi": -0.062, "risk": "High", "heat_zone": 2, "color": "#e67e22", "city": "Mangaluru"}}, {"type": "Feature", "geometry": {"type": "Point", "coordinates": [74.91189824989573, 12.873002605460403]}, "properties": {"lst": 35.76, "ndvi": 0.724, "ndbi": -0.255, "risk": "Moderate", "heat_zone": 1, "color": "#f1c40f", "city": "Mangaluru"}}, {"type": "Feature", "geometry": {"type": "Point", "coordinates": [74.80808475538586, 12.883522132700088]}, "properties": {"lst": 29.44, "ndvi": -0.206, "ndbi": -0.005, "risk": "Low", "heat_zone": 0, "color": "#2ecc71", "city": "Mangaluru"}}, {"type": "Feature", "geometry": {"type": "Point", "coordinates": [74.9425904092974, 12.895450220677551]}, "properties": {"lst": 33.58, "ndvi": 0.778, "ndbi": -0.272, "risk": "Moderate", "heat_zone": 1, "color": "#f1c40f", "city": "Mangaluru"}}, {"type": "Feature", "geometry": {"type": "Point", "coordinates": [74.94714089693743, 12.911715769810137]}, "properties": {"lst": 40.84, "ndvi": 0.263, "ndbi": 0.225, "risk": "Critical", "heat_zone": 3, "color": "#e74c3c", "city": "Mangaluru"}}, {"type": "Feature", "geometry": {"type": "Point", "coordinates": [74.87379794444263, 12.843722537557634]}, "properties": {"lst": 31.05, "ndvi": 0.078, "ndbi": -0.288, "risk": "Low", "heat_zone": 0, "color": "#2ecc71", "city": "Mangaluru"}}, {"type": "Feature", "geometry": {"type": "Point", "coordinates": [74.91755747242371, 12.872521891829246]}, "properties": {"lst": 36.03, "ndvi": 0.596, "ndbi": -0.059, "risk": "High", "heat_zone": 2, "color": "#e67e22", "city": "Mangaluru"}}, {"type": "Feature", "geometry": {"type": "Point", "coordinates": [74.82114513925126, 12.846583832857176]}, "properties": {"lst": 30.11, "ndvi": -0.277, "ndbi": -0.104, "risk": "Low", "heat_zone": 0, "color": "#2ecc71", "city": "Mangaluru"}}, {"type": "Feature", "geometry": {"type": "Point", "coordinates": [74.93060080305342, 12.90563472135038]}, "properties": {"lst": 37.37, "ndvi": 0.548, "ndbi": -0.022, "risk": "High", "heat_zone": 2, "color": "#e67e22", "city": "Mangaluru"}}, {"type": "Feature", "geometry": {"type": "Point", "coordinates": [74.93209084568196, 12.882830496260594]}, "properties": {"lst": 35.91, "ndvi": 0.721, "ndbi": -0.208, "risk": "Moderate", "heat_zone": 1, "color": "#f1c40f", "city": "Mangaluru"}}, {"type": "Feature", "geometry": {"type": "Point", "coordinates": [74.82477252537802, 12.908064401472556]}, "properties": {"lst": 33.43, "ndvi": 0.209, "ndbi": -0.184, "risk": "Low", "heat_zone": 0, "color": "#2ecc71", "city": "Mangaluru"}}, {"type": "Feature", "geometry": {"type": "Point", "coordinates": [74.82224909472859, 12.90222116454356]}, "properties": {"lst": 33.73, "ndvi": 0.467, "ndbi": -0.247, "risk": "High", "heat_zone": 2, "color": "#e67e22", "city": "Mangaluru"}}, {"type": "Feature", "geometry": {"type": "Point", "coordinates": [74.9383215191204, 12.83613547431657]}, "properties": {"lst": 35.01, "ndvi": 0.646, "ndbi": -0.147, "risk": "High", "heat_zone": 2, "color": "#e67e22", "city": "Mangaluru"}}, {"type": "Feature", "geometry": {"type": "Point", "coordinates": [74.91754826724974, 12.934828892821232]}, "properties": {"lst": 41.23, "ndvi": 0.444, "ndbi": 0.135, "risk": "Critical", "heat_zone": 3, "color": "#e74c3c", "city": "Mangaluru"}}, {"type": "Feature", "geometry": {"type": "Point", "coordinates": [74.9096747520245, 12.933260203037522]}, "properties": {"lst": 33.64, "ndvi": 0.738, "ndbi": -0.344, "risk": "Moderate", "heat_zone": 1, "color": "#f1c40f", "city": "Mangaluru"}}, {"type": "Feature", "geometry": {"type": "Point", "coordinates": [74.92729403238552, 12.908183002430931]}, "properties": {"lst": 35.59, "ndvi": 0.759, "ndbi": -0.268, "risk": "Moderate", "heat_zone": 1, "color": "#f1c40f", "city": "Mangaluru"}}, {"type": "Feature", "geometry": {"type": "Point", "coordinates": [74.90188364578684, 12.800742859845894]}, "properties": {"lst": 40.33, "ndvi": 0.333, "ndbi": 0.072, "risk": "Critical", "heat_zone": 3, "color": "#e74c3c", "city": "Mangaluru"}}, {"type": "Feature", "geometry": {"type": "Point", "coordinates": [74.80788546553934, 12.82462014472867]}, "properties": {"lst": 29.44, "ndvi": -0.198, "ndbi": 0.116, "risk": "Low", "heat_zone": 0, "color": "#2ecc71", "city": "Mangaluru"}}, {"type": "Feature", "geometry": {"type": "Point", "coordinates": [74.86300427617053, 12.873751439663764]}, "properties": {"lst": 38.4, "ndvi": 0.457, "ndbi": -0.043, "risk": "High", "heat_zone": 2, "color": "#e67e22", "city": "Mangaluru"}}, {"type": "Feature", "geometry": {"type": "Point", "coordinates": [74.83353140463277, 12.806111151349029]}, "properties": {"lst": 29.9, "ndvi": -0.288, "ndbi": -0.172, "risk": "Low", "heat_zone": 0, "color": "#2ecc71", "city": "Mangaluru"}}, {"type": "Feature", "geometry": {"type": "Point", "coordinates": [74.8364874157656, 12.854751056725664]}, "properties": {"lst": 39.42, "ndvi": 0.41, "ndbi": -0.092, "risk": "Critical", "heat_zone": 3, "color": "#e74c3c", "city": "Mangaluru"}}, {"type": "Feature", "geometry": {"type": "Point", "coordinates": [74.92337382467622, 12.86227337538154]}, "properties": {"lst": 30.19, "ndvi": 0.096, "ndbi": -0.315, "risk": "Low", "heat_zone": 0, "color": "#2ecc71", "city": "Mangaluru"}}, {"type": "Feature", "geometry": {"type": "Point", "coordinates": [74.88077995360602, 12.88666603866831]}, "properties": {"lst": 36.94, "ndvi": 0.386, "ndbi": 0.006, "risk": "Critical", "heat_zone": 3, "color": "#e74c3c", "city": "Mangaluru"}}, {"type": "Feature", "geometry": {"type": "Point", "coordinates": [74.87001432582463, 12.840436582657455]}, "properties": {"lst": 31.16, "ndvi": 0.031, "ndbi": -0.332, "risk": "Low", "heat_zone": 0, "color": "#2ecc71", "city": "Mangaluru"}}, {"type": "Feature", "geometry": {"type": "Point", "coordinates": [74.85251860831869, 12.919980858242544]}, "properties": {"lst": 36.36, "ndvi": 0.725, "ndbi": -0.28, "risk": "Moderate", "heat_zone": 1, "color": "#f1c40f", "city": "Mangaluru"}}, {"type": "Feature", "geometry": {"type": "Point", "coordinates": [74.83609435572737, 12.862566199360264]}, "properties": {"lst": 40.73, "ndvi": 0.202, "ndbi": 0.091, "risk": "Critical", "heat_zone": 3, "color": "#e74c3c", "city": "Mangaluru"}}, {"type": "Feature", "geometry": {"type": "Point", "coordinates": [74.93567425388817, 12.869137214281784]}, "properties": {"lst": 38.75, "ndvi": 0.447, "ndbi": -0.068, "risk": "High", "heat_zone": 2, "color": "#e67e22", "city": "Mangaluru"}}, {"type": "Feature", "geometry": {"type": "Point", "coordinates": [74.92059936041348, 12.905046165087851]}, "properties": {"lst": 37.01, "ndvi": 0.564, "ndbi": -0.039, "risk": "High", "heat_zone": 2, "color": "#e67e22", "city": "Mangaluru"}}, {"type": "Feature", "geometry": {"type": "Point", "coordinates": [74.94335160057221, 12.936117038560042]}, "properties": {"lst": 38.25, "ndvi": 0.549, "ndbi": 0.003, "risk": "High", "heat_zone": 2, "color": "#e67e22", "city": "Mangaluru"}}, {"type": "Feature", "geometry": {"type": "Point", "coordinates": [74.86021132811443, 12.91471491310397]}, "properties": {"lst": 38.07, "ndvi": 0.339, "ndbi": 0.036, "risk": "Critical", "heat_zone": 3, "color": "#e74c3c", "city": "Mangaluru"}}, {"type": "Feature", "geometry": {"type": "Point", "coordinates": [74.93241416299895, 12.871952852032845]}, "properties": {"lst": 35.52, "ndvi": 0.809, "ndbi": -0.357, "risk": "Moderate", "heat_zone": 1, "color": "#f1c40f", "city": "Mangaluru"}}, {"type": "Feature", "geometry": {"type": "Point", "coordinates": [74.90561773212305, 12.942117907371234]}, "properties": {"lst": 36.18, "ndvi": 0.482, "ndbi": -0.185, "risk": "High", "heat_zone": 2, "color": "#e67e22", "city": "Mangaluru"}}, {"type": "Feature", "geometry": {"type": "Point", "coordinates": [74.82549062141683, 12.861931746254005]}, "properties": {"lst": 35.98, "ndvi": 0.124, "ndbi": 0.119, "risk": "Critical", "heat_zone": 3, "color": "#e74c3c", "city": "Mangaluru"}}, {"type": "Feature", "geometry": {"type": "Point", "coordinates": [74.91133766177093, 12.910056128129115]}, "properties": {"lst": 36.43, "ndvi": 0.756, "ndbi": -0.299, "risk": "Moderate", "heat_zone": 1, "color": "#f1c40f", "city": "Mangaluru"}}, {"type": "Feature", "geometry": {"type": "Point", "coordinates": [74.86312097616661, 12.916831721714304]}, "properties": {"lst": 35.14, "ndvi": 0.58, "ndbi": -0.129, "risk": "High", "heat_zone": 2, "color": "#e67e22", "city": "Mangaluru"}}, {"type": "Feature", "geometry": {"type": "Point", "coordinates": [74.90180180618633, 12.894308461034177]}, "properties": {"lst": 39.03, "ndvi": 0.476, "ndbi": 0.01, "risk": "Critical", "heat_zone": 3, "color": "#e74c3c", "city": "Mangaluru"}}, {"type": "Feature", "geometry": {"type": "Point", "coordinates": [74.81604054134648, 12.80549592612834]}, "properties": {"lst": 29.61, "ndvi": -0.268, "ndbi": 0.064, "risk": "Low", "heat_zone": 0, "color": "#2ecc71", "city": "Mangaluru"}}, {"type": "Feature", "geometry": {"type": "Point", "coordinates": [74.9199529703939, 12.913580014795665]}, "properties": {"lst": 36.1, "ndvi": 0.654, "ndbi": -0.145, "risk": "High", "heat_zone": 2, "color": "#e67e22", "city": "Mangaluru"}}, {"type": "Feature", "geometry": {"type": "Point", "coordinates": [74.909753278433, 12.893311882795237]}, "properties": {"lst": 40.1, "ndvi": 0.288, "ndbi": 0.084, "risk": "Critical", "heat_zone": 3, "color": "#e74c3c", "city": "Mangaluru"}}, {"type": "Feature", "geometry": {"type": "Point", "coordinates": [74.82457730629702, 12.819905052631158]}, "properties": {"lst": 29.96, "ndvi": -0.242, "ndbi": -0.042, "risk": "Low", "heat_zone": 0, "color": "#2ecc71", "city": "Mangaluru"}}, {"type": "Feature", "geometry": {"type": "Point", "coordinates": [74.87235955077054, 12.835315816677966]}, "properties": {"lst": 30.94, "ndvi": 0.097, "ndbi": -0.323, "risk": "Low", "heat_zone": 0, "color": "#2ecc71", "city": "Mangaluru"}}, {"type": "Feature", "geometry": {"type": "Point", "coordinates": [74.83491378326927, 12.847703184290063]}, "properties": {"lst": 31.14, "ndvi": -0.172, "ndbi": -0.313, "risk": "Low", "heat_zone": 0, "color": "#2ecc71", "city": "Mangaluru"}}, {"type": "Feature", "geometry": {"type": "Point", "coordinates": [74.84274053726351, 12.82796633770721]}, "properties": {"lst": 33.76, "ndvi": 0.58, "ndbi": -0.185, "risk": "High", "heat_zone": 2, "color": "#e67e22", "city": "Mangaluru"}}, {"type": "Feature", "geometry": {"type": "Point", "coordinates": [74.86257874302842, 12.855304106926631]}, "properties": {"lst": 36.34, "ndvi": 0.559, "ndbi": -0.068, "risk": "High", "heat_zone": 2, "color": "#e67e22", "city": "Mangaluru"}}, {"type": "Feature", "geometry": {"type": "Point", "coordinates": [74.94890948751278, 12.828867177063504]}, "properties": {"lst": 35.31, "ndvi": 0.56, "ndbi": -0.08, "risk": "High", "heat_zone": 2, "color": "#e67e22", "city": "Mangaluru"}}, {"type": "Feature", "geometry": {"type": "Point", "coordinates": [74.87753325353695, 12.876467426725204]}, "properties": {"lst": 34.65, "ndvi": 0.573, "ndbi": -0.139, "risk": "High", "heat_zone": 2, "color": "#e67e22", "city": "Mangaluru"}}, {"type": "Feature", "geometry": {"type": "Point", "coordinates": [74.91521955460068, 12.841171847418384]}, "properties": {"lst": 34.23, "ndvi": 0.748, "ndbi": -0.21, "risk": "Moderate", "heat_zone": 1, "color": "#f1c40f", "city": "Mangaluru"}}, {"type": "Feature", "geometry": {"type": "Point", "coordinates": [74.92502515099619, 12.933501852101196]}, "properties": {"lst": 34.87, "ndvi": 0.729, "ndbi": -0.234, "risk": "Moderate", "heat_zone": 1, "color": "#f1c40f", "city": "Mangaluru"}}, {"type": "Feature", "geometry": {"type": "Point", "coordinates": [74.9113664011522, 12.820774543211696]}, "properties": {"lst": 33.68, "ndvi": 0.812, "ndbi": -0.373, "risk": "Moderate", "heat_zone": 1, "color": "#f1c40f", "city": "Mangaluru"}}, {"type": "Feature", "geometry": {"type": "Point", "coordinates": [74.93747093573093, 12.857141460159882]}, "properties": {"lst": 32.84, "ndvi": 0.829, "ndbi": -0.407, "risk": "Moderate", "heat_zone": 1, "color": "#f1c40f", "city": "Mangaluru"}}, {"type": "Feature", "geometry": {"type": "Point", "coordinates": [74.8151420625075, 12.84504147407728]}, "properties": {"lst": 29.42, "ndvi": -0.27, "ndbi": -0.012, "risk": "Low", "heat_zone": 0, "color": "#2ecc71", "city": "Mangaluru"}}, {"type": "Feature", "geometry": {"type": "Point", "coordinates": [74.90892459072482, 12.918394238802252]}, "properties": {"lst": 36.06, "ndvi": 0.668, "ndbi": -0.176, "risk": "High", "heat_zone": 2, "color": "#e67e22", "city": "Mangaluru"}}, {"type": "Feature", "geometry": {"type": "Point", "coordinates": [74.80424272173777, 12.940416869417229]}, "properties": {"lst": 36.98, "ndvi": 0.508, "ndbi": -0.166, "risk": "High", "heat_zone": 2, "color": "#e67e22", "city": "Mangaluru"}}, {"type": "Feature", "geometry": {"type": "Point", "coordinates": [74.94035581076841, 12.83478971051616]}, "properties": {"lst": 35.94, "ndvi": 0.537, "ndbi": -0.041, "risk": "High", "heat_zone": 2, "color": "#e67e22", "city": "Mangaluru"}}, {"type": "Feature", "geometry": {"type": "Point", "coordinates": [74.85273079801428, 12.883845410623556]}, "properties": {"lst": 38.04, "ndvi": 0.422, "ndbi": -0.055, "risk": "High", "heat_zone": 2, "color": "#e67e22", "city": "Mangaluru"}}, {"type": "Feature", "geometry": {"type": "Point", "coordinates": [74.94744903296197, 12.812450471112646]}, "properties": {"lst": 33.36, "ndvi": 0.797, "ndbi": -0.307, "risk": "Moderate", "heat_zone": 1, "color": "#f1c40f", "city": "Mangaluru"}}, {"type": "Feature", "geometry": {"type": "Point", "coordinates": [74.89835362307267, 12.933025133829435]}, "properties": {"lst": 35.6, "ndvi": 0.473, "ndbi": -0.023, "risk": "High", "heat_zone": 2, "color": "#e67e22", "city": "Mangaluru"}}, {"type": "Feature", "geometry": {"type": "Point", "coordinates": [74.9103244769926, 12.81559944031763]}, "properties": {"lst": 33.16, "ndvi": 0.703, "ndbi": -0.162, "risk": "Moderate", "heat_zone": 1, "color": "#f1c40f", "city": "Mangaluru"}}, {"type": "Feature", "geometry": {"type": "Point", "coordinates": [74.882573304981, 12.86181185078057]}, "properties": {"lst": 35.69, "ndvi": 0.367, "ndbi": 0.059, "risk": "Critical", "heat_zone": 3, "color": "#e74c3c", "city": "Mangaluru"}}, {"type": "Feature", "geometry": {"type": "Point", "coordinates": [74.84251141825843, 12.926135741427032]}, "properties": {"lst": 37.45, "ndvi": 0.266, "ndbi": -0.035, "risk": "Critical", "heat_zone": 3, "color": "#e74c3c", "city": "Mangaluru"}}, {"type": "Feature", "geometry": {"type": "Point", "coordinates": [74.90251404403566, 12.826614260835555]}, "properties": {"lst": 33.95, "ndvi": 0.634, "ndbi": -0.151, "risk": "High", "heat_zone": 2, "color": "#e67e22", "city": "Mangaluru"}}, {"type": "Feature", "geometry": {"type": "Point", "coordinates": [74.8275525952268, 12.924659013905494]}, "properties": {"lst": 35.15, "ndvi": 0.285, "ndbi": 0.093, "risk": "Critical", "heat_zone": 3, "color": "#e74c3c", "city": "Mangaluru"}}, {"type": "Feature", "geometry": {"type": "Point", "coordinates": [74.82084304879885, 12.928844803420576]}, "properties": {"lst": 34.15, "ndvi": 0.139, "ndbi": 0.035, "risk": "Critical", "heat_zone": 3, "color": "#e74c3c", "city": "Mangaluru"}}, {"type": "Feature", "geometry": {"type": "Point", "coordinates": [74.83075802830884, 12.838033042585003]}, "properties": {"lst": 31.27, "ndvi": -0.264, "ndbi": -0.234, "risk": "Low", "heat_zone": 0, "color": "#2ecc71", "city": "Mangaluru"}}, {"type": "Feature", "geometry": {"type": "Point", "coordinates": [74.93521323255953, 12.946116364383938]}, "properties": {"lst": 32.92, "ndvi": 0.821, "ndbi": -0.428, "risk": "Moderate", "heat_zone": 1, "color": "#f1c40f", "city": "Mangaluru"}}, {"type": "Feature", "geometry": {"type": "Point", "coordinates": [74.84274559563079, 12.891069451099922]}, "properties": {"lst": 38.1, "ndvi": 0.306, "ndbi": 0.027, "risk": "Critical", "heat_zone": 3, "color": "#e74c3c", "city": "Mangaluru"}}, {"type": "Feature", "geometry": {"type": "Point", "coordinates": [74.91125272312524, 12.840046191374038]}, "properties": {"lst": 35.78, "ndvi": 0.706, "ndbi": -0.157, "risk": "Moderate", "heat_zone": 1, "color": "#f1c40f", "city": "Mangaluru"}}, {"type": "Feature", "geometry": {"type": "Point", "coordinates": [74.89483449778434, 12.808561859676976]}, "properties": {"lst": 39.0, "ndvi": 0.236, "ndbi": 0.112, "risk": "Critical", "heat_zone": 3, "color": "#e74c3c", "city": "Mangaluru"}}, {"type": "Feature", "geometry": {"type": "Point", "coordinates": [74.94388540537444, 12.850772868423064]}, "properties": {"lst": 36.49, "ndvi": 0.652, "ndbi": -0.168, "risk": "High", "heat_zone": 2, "color": "#e67e22", "city": "Mangaluru"}}, {"type": "Feature", "geometry": {"type": "Point", "coordinates": [74.80511952590146, 12.927955959270015]}, "properties": {"lst": 29.91, "ndvi": -0.166, "ndbi": -0.211, "risk": "Low", "heat_zone": 0, "color": "#2ecc71", "city": "Mangaluru"}}, {"type": "Feature", "geometry": {"type": "Point", "coordinates": [74.89232321192763, 12.82616232246701]}, "properties": {"lst": 33.98, "ndvi": 0.683, "ndbi": -0.171, "risk": "Moderate", "heat_zone": 1, "color": "#f1c40f", "city": "Mangaluru"}}, {"type": "Feature", "geometry": {"type": "Point", "coordinates": [74.82787342765954, 12.942522193232003]}, "properties": {"lst": 34.71, "ndvi": 0.782, "ndbi": -0.309, "risk": "Moderate", "heat_zone": 1, "color": "#f1c40f", "city": "Mangaluru"}}, {"type": "Feature", "geometry": {"type": "Point", "coordinates": [74.94178183641226, 12.874648608570554]}, "properties": {"lst": 35.48, "ndvi": 0.676, "ndbi": -0.139, "risk": "High", "heat_zone": 2, "color": "#e67e22", "city": "Mangaluru"}}, {"type": "Feature", "geometry": {"type": "Point", "coordinates": [74.86657607549868, 12.838150716553772]}, "properties": {"lst": 30.93, "ndvi": -0.038, "ndbi": -0.311, "risk": "Low", "heat_zone": 0, "color": "#2ecc71", "city": "Mangaluru"}}, {"type": "Feature", "geometry": {"type": "Point", "coordinates": [74.84809211224062, 12.863921323566109]}, "properties": {"lst": 39.54, "ndvi": 0.115, "ndbi": 0.137, "risk": "Critical", "heat_zone": 3, "color": "#e74c3c", "city": "Mangaluru"}}, {"type": "Feature", "geometry": {"type": "Point", "coordinates": [74.91766204839915, 12.882645940921025]}, "properties": {"lst": 33.59, "ndvi": 0.669, "ndbi": -0.199, "risk": "Moderate", "heat_zone": 1, "color": "#f1c40f", "city": "Mangaluru"}}, {"type": "Feature", "geometry": {"type": "Point", "coordinates": [74.90810285973106, 12.873755918939509]}, "properties": {"lst": 39.47, "ndvi": 0.617, "ndbi": -0.098, "risk": "High", "heat_zone": 2, "color": "#e67e22", "city": "Mangaluru"}}, {"type": "Feature", "geometry": {"type": "Point", "coordinates": [74.86738310175637, 12.933271674951952]}, "properties": {"lst": 35.02, "ndvi": 0.424, "ndbi": -0.014, "risk": "High", "heat_zone": 2, "color": "#e67e22", "city": "Mangaluru"}}, {"type": "Feature", "geometry": {"type": "Point", "coordinates": [74.94062054725438, 12.862461991780537]}, "properties": {"lst": 35.96, "ndvi": 0.594, "ndbi": -0.394, "risk": "Moderate", "heat_zone": 1, "color": "#f1c40f", "city": "Mangaluru"}}, {"type": "Feature", "geometry": {"type": "Point", "coordinates": [74.85590336465103, 12.895419331216605]}, "properties": {"lst": 36.65, "ndvi": 0.513, "ndbi": -0.099, "risk": "High", "heat_zone": 2, "color": "#e67e22", "city": "Mangaluru"}}, {"type": "Feature", "geometry": {"type": "Point", "coordinates": [74.8277304987192, 12.90348162424926]}, "properties": {"lst": 34.07, "ndvi": 0.671, "ndbi": -0.277, "risk": "Moderate", "heat_zone": 1, "color": "#f1c40f", "city": "Mangaluru"}}, {"type": "Feature", "geometry": {"type": "Point", "coordinates": [74.8162949103582, 12.83112671836586]}, "properties": {"lst": 29.97, "ndvi": -0.161, "ndbi": -0.039, "risk": "Low", "heat_zone": 0, "color": "#2ecc71", "city": "Mangaluru"}}, {"type": "Feature", "geometry": {"type": "Point", "coordinates": [74.8622825418373, 12.930130152423382]}, "properties": {"lst": 35.09, "ndvi": 0.415, "ndbi": 0.079, "risk": "Critical", "heat_zone": 3, "color": "#e74c3c", "city": "Mangaluru"}}, {"type": "Feature", "geometry": {"type": "Point", "coordinates": [74.82700392800831, 12.879967569608358]}, "properties": {"lst": 38.02, "ndvi": 0.385, "ndbi": 0.003, "risk": "Critical", "heat_zone": 3, "color": "#e74c3c", "city": "Mangaluru"}}, {"type": "Feature", "geometry": {"type": "Point", "coordinates": [74.9297326102005, 12.921849430602231]}, "properties": {"lst": 35.79, "ndvi": 0.493, "ndbi": -0.007, "risk": "High", "heat_zone": 2, "color": "#e67e22", "city": "Mangaluru"}}, {"type": "Feature", "geometry": {"type": "Point", "coordinates": [74.81190681310686, 12.947659394688024]}, "properties": {"lst": 38.91, "ndvi": 0.219, "ndbi": 0.038, "risk": "Critical", "heat_zone": 3, "color": "#e74c3c", "city": "Mangaluru"}}, {"type": "Feature", "geometry": {"type": "Point", "coordinates": [74.88168853551956, 12.830269692074529]}, "properties": {"lst": 33.93, "ndvi": 0.736, "ndbi": -0.298, "risk": "Moderate", "heat_zone": 1, "color": "#f1c40f", "city": "Mangaluru"}}, {"type": "Feature", "geometry": {"type": "Point", "coordinates": [74.85916901147569, 12.941455347342933]}, "properties": {"lst": 35.12, "ndvi": 0.572, "ndbi": -0.065, "risk": "High", "heat_zone": 2, "color": "#e67e22", "city": "Mangaluru"}}, {"type": "Feature", "geometry": {"type": "Point", "coordinates": [74.9127370891765, 12.901574584054629]}, "properties": {"lst": 34.46, "ndvi": 0.696, "ndbi": -0.206, "risk": "Moderate", "heat_zone": 1, "color": "#f1c40f", "city": "Mangaluru"}}, {"type": "Feature", "geometry": {"type": "Point", "coordinates": [74.9126014600805, 12.833498869625108]}, "properties": {"lst": 34.09, "ndvi": 0.714, "ndbi": -0.233, "risk": "Moderate", "heat_zone": 1, "color": "#f1c40f", "city": "Mangaluru"}}, {"type": "Feature", "geometry": {"type": "Point", "coordinates": [74.80836610630232, 12.867585364409443]}, "properties": {"lst": 29.28, "ndvi": -0.287, "ndbi": -0.016, "risk": "Low", "heat_zone": 0, "color": "#2ecc71", "city": "Mangaluru"}}, {"type": "Feature", "geometry": {"type": "Point", "coordinates": [74.85397509979865, 12.831996857203844]}, "properties": {"lst": 33.89, "ndvi": 0.738, "ndbi": -0.348, "risk": "Moderate", "heat_zone": 1, "color": "#f1c40f", "city": "Mangaluru"}}, {"type": "Feature", "geometry": {"type": "Point", "coordinates": [74.80352979719584, 12.806533907106626]}, "properties": {"lst": 29.81, "ndvi": -0.219, "ndbi": 0.26, "risk": "Low", "heat_zone": 0, "color": "#2ecc71", "city": "Mangaluru"}}, {"type": "Feature", "geometry": {"type": "Point", "coordinates": [74.91962036144918, 12.804431940277311]}, "properties": {"lst": 35.52, "ndvi": 0.65, "ndbi": -0.114, "risk": "High", "heat_zone": 2, "color": "#e67e22", "city": "Mangaluru"}}, {"type": "Feature", "geometry": {"type": "Point", "coordinates": [74.87067683798871, 12.930500118858822]}, "properties": {"lst": 33.31, "ndvi": 0.657, "ndbi": -0.192, "risk": "Moderate", "heat_zone": 1, "color": "#f1c40f", "city": "Mangaluru"}}, {"type": "Feature", "geometry": {"type": "Point", "coordinates": [74.83632068180265, 12.931489047086965]}, "properties": {"lst": 35.73, "ndvi": 0.421, "ndbi": 0.0, "risk": "High", "heat_zone": 2, "color": "#e67e22", "city": "Mangaluru"}}, {"type": "Feature", "geometry": {"type": "Point", "coordinates": [74.9486922667049, 12.87449873225142]}, "properties": {"lst": 36.71, "ndvi": 0.593, "ndbi": -0.096, "risk": "High", "heat_zone": 2, "color": "#e67e22", "city": "Mangaluru"}}, {"type": "Feature", "geometry": {"type": "Point", "coordinates": [74.91508622386789, 12.93681977283515]}, "properties": {"lst": 37.74, "ndvi": 0.57, "ndbi": -0.014, "risk": "High", "heat_zone": 2, "color": "#e67e22", "city": "Mangaluru"}}, {"type": "Feature", "geometry": {"type": "Point", "coordinates": [74.90799124312963, 12.888681662368723]}, "properties": {"lst": 36.98, "ndvi": 0.559, "ndbi": -0.043, "risk": "High", "heat_zone": 2, "color": "#e67e22", "city": "Mangaluru"}}, {"type": "Feature", "geometry": {"type": "Point", "coordinates": [74.8269136001937, 12.89407068703953]}, "properties": {"lst": 36.35, "ndvi": 0.464, "ndbi": -0.057, "risk": "High", "heat_zone": 2, "color": "#e67e22", "city": "Mangaluru"}}, {"type": "Feature", "geometry": {"type": "Point", "coordinates": [74.81028481233285, 12.886817156290236]}, "properties": {"lst": 29.64, "ndvi": -0.237, "ndbi": -0.126, "risk": "Low", "heat_zone": 0, "color": "#2ecc71", "city": "Mangaluru"}}, {"type": "Feature", "geometry": {"type": "Point", "coordinates": [74.87735581348429, 12.885248361708667]}, "properties": {"lst": 37.72, "ndvi": 0.569, "ndbi": -0.097, "risk": "High", "heat_zone": 2, "color": "#e67e22", "city": "Mangaluru"}}, {"type": "Feature", "geometry": {"type": "Point", "coordinates": [74.81348689618198, 12.937121047026574]}, "properties": {"lst": 42.12, "ndvi": 0.293, "ndbi": 0.044, "risk": "Critical", "heat_zone": 3, "color": "#e74c3c", "city": "Mangaluru"}}, {"type": "Feature", "geometry": {"type": "Point", "coordinates": [74.94334844711635, 12.83205638570568]}, "properties": {"lst": 36.37, "ndvi": 0.633, "ndbi": -0.08, "risk": "High", "heat_zone": 2, "color": "#e67e22", "city": "Mangaluru"}}, {"type": "Feature", "geometry": {"type": "Point", "coordinates": [74.92580905214245, 12.939307592680697]}, "properties": {"lst": 36.52, "ndvi": 0.628, "ndbi": -0.068, "risk": "High", "heat_zone": 2, "color": "#e67e22", "city": "Mangaluru"}}, {"type": "Feature", "geometry": {"type": "Point", "coordinates": [74.81048198510112, 12.892773905561254]}, "properties": {"lst": 29.67, "ndvi": -0.169, "ndbi": -0.248, "risk": "Low", "heat_zone": 0, "color": "#2ecc71", "city": "Mangaluru"}}, {"type": "Feature", "geometry": {"type": "Point", "coordinates": [74.93882738891014, 12.87671712798035]}, "properties": {"lst": 40.44, "ndvi": 0.458, "ndbi": 0.101, "risk": "Critical", "heat_zone": 3, "color": "#e74c3c", "city": "Mangaluru"}}, {"type": "Feature", "geometry": {"type": "Point", "coordinates": [74.80309626437003, 12.80081253776215]}, "properties": {"lst": 29.62, "ndvi": -0.163, "ndbi": 0.088, "risk": "Low", "heat_zone": 0, "color": "#2ecc71", "city": "Mangaluru"}}, {"type": "Feature", "geometry": {"type": "Point", "coordinates": [74.86523615268398, 12.848623598958232]}, "properties": {"lst": 35.77, "ndvi": 0.574, "ndbi": -0.144, "risk": "High", "heat_zone": 2, "color": "#e67e22", "city": "Mangaluru"}}, {"type": "Feature", "geometry": {"type": "Point", "coordinates": [74.90550852386575, 12.864624156394358]}, "properties": {"lst": 36.09, "ndvi": 0.572, "ndbi": -0.104, "risk": "High", "heat_zone": 2, "color": "#e67e22", "city": "Mangaluru"}}, {"type": "Feature", "geometry": {"type": "Point", "coordinates": [74.90559292290921, 12.865833296925912]}, "properties": {"lst": 41.88, "ndvi": 0.37, "ndbi": 0.156, "risk": "Critical", "heat_zone": 3, "color": "#e74c3c", "city": "Mangaluru"}}, {"type": "Feature", "geometry": {"type": "Point", "coordinates": [74.88553486394002, 12.845744274232004]}, "properties": {"lst": 30.64, "ndvi": 0.107, "ndbi": -0.312, "risk": "Low", "heat_zone": 0, "color": "#2ecc71", "city": "Mangaluru"}}, {"type": "Feature", "geometry": {"type": "Point", "coordinates": [74.89703055539643, 12.818035624475634]}, "properties": {"lst": 40.31, "ndvi": 0.312, "ndbi": 0.103, "risk": "Critical", "heat_zone": 3, "color": "#e74c3c", "city": "Mangaluru"}}, {"type": "Feature", "geometry": {"type": "Point", "coordinates": [74.87942493136413, 12.910809079529544]}, "properties": {"lst": 34.94, "ndvi": 0.748, "ndbi": -0.24, "risk": "Moderate", "heat_zone": 1, "color": "#f1c40f", "city": "Mangaluru"}}, {"type": "Feature", "geometry": {"type": "Point", "coordinates": [74.92734322522429, 12.90172169324032]}, "properties": {"lst": 34.48, "ndvi": 0.699, "ndbi": -0.237, "risk": "Moderate", "heat_zone": 1, "color": "#f1c40f", "city": "Mangaluru"}}, {"type": "Feature", "geometry": {"type": "Point", "coordinates": [74.82211644100889, 12.924241926803]}, "properties": {"lst": 39.46, "ndvi": 0.152, "ndbi": 0.22, "risk": "Critical", "heat_zone": 3, "color": "#e74c3c", "city": "Mangaluru"}}, {"type": "Feature", "geometry": {"type": "Point", "coordinates": [74.82258005922417, 12.858393456764992]}, "properties": {"lst": 42.72, "ndvi": 0.234, "ndbi": 0.146, "risk": "Critical", "heat_zone": 3, "color": "#e74c3c", "city": "Mangaluru"}}, {"type": "Feature", "geometry": {"type": "Point", "coordinates": [74.88443691285785, 12.824922825110797]}, "properties": {"lst": 35.05, "ndvi": 0.575, "ndbi": -0.08, "risk": "High", "heat_zone": 2, "color": "#e67e22", "city": "Mangaluru"}}, {"type": "Feature", "geometry": {"type": "Point", "coordinates": [74.8461774704316, 12.863708215478592]}, "properties": {"lst": 39.72, "ndvi": 0.275, "ndbi": 0.041, "risk": "Critical", "heat_zone": 3, "color": "#e74c3c", "city": "Mangaluru"}}, {"type": "Feature", "geometry": {"type": "Point", "coordinates": [74.89998152440701, 12.937264555873105]}, "properties": {"lst": 34.11, "ndvi": 0.725, "ndbi": -0.194, "risk": "Moderate", "heat_zone": 1, "color": "#f1c40f", "city": "Mangaluru"}}, {"type": "Feature", "geometry": {"type": "Point", "coordinates": [74.8660090274857, 12.843261905957824]}, "properties": {"lst": 33.74, "ndvi": 0.326, "ndbi": 0.013, "risk": "High", "heat_zone": 2, "color": "#e67e22", "city": "Mangaluru"}}, {"type": "Feature", "geometry": {"type": "Point", "coordinates": [74.82181969444332, 12.924514663570529]}, "properties": {"lst": 37.5, "ndvi": 0.101, "ndbi": 0.221, "risk": "Critical", "heat_zone": 3, "color": "#e74c3c", "city": "Mangaluru"}}, {"type": "Feature", "geometry": {"type": "Point", "coordinates": [74.83736143184832, 12.824385827955956]}, "properties": {"lst": 40.67, "ndvi": 0.302, "ndbi": 0.072, "risk": "Critical", "heat_zone": 3, "color": "#e74c3c", "city": "Mangaluru"}}, {"type": "Feature", "geometry": {"type": "Point", "coordinates": [74.82763590105517, 12.848199787604123]}, "properties": {"lst": 36.45, "ndvi": 0.464, "ndbi": -0.135, "risk": "High", "heat_zone": 2, "color": "#e67e22", "city": "Mangaluru"}}, {"type": "Feature", "geometry": {"type": "Point", "coordinates": [74.8407727151519, 12.897380310681092]}, "properties": {"lst": 37.3, "ndvi": 0.374, "ndbi": 0.012, "risk": "Critical", "heat_zone": 3, "color": "#e74c3c", "city": "Mangaluru"}}, {"type": "Feature", "geometry": {"type": "Point", "coordinates": [74.90838214389179, 12.82243405787604]}, "properties": {"lst": 34.6, "ndvi": 0.635, "ndbi": -0.062, "risk": "High", "heat_zone": 2, "color": "#e67e22", "city": "Mangaluru"}}, {"type": "Feature", "geometry": {"type": "Point", "coordinates": [74.91412884553016, 12.946953811475309]}, "properties": {"lst": 38.03, "ndvi": 0.362, "ndbi": 0.158, "risk": "Critical", "heat_zone": 3, "color": "#e74c3c", "city": "Mangaluru"}}, {"type": "Feature", "geometry": {"type": "Point", "coordinates": [74.89395837345977, 12.820327553928903]}, "properties": {"lst": 34.09, "ndvi": 0.74, "ndbi": -0.24, "risk": "Moderate", "heat_zone": 1, "color": "#f1c40f", "city": "Mangaluru"}}, {"type": "Feature", "geometry": {"type": "Point", "coordinates": [74.87211299226422, 12.90322997754284]}, "properties": {"lst": 36.61, "ndvi": 0.62, "ndbi": -0.195, "risk": "High", "heat_zone": 2, "color": "#e67e22", "city": "Mangaluru"}}, {"type": "Feature", "geometry": {"type": "Point", "coordinates": [74.92454932783363, 12.846414658751]}, "properties": {"lst": 33.7, "ndvi": 0.743, "ndbi": -0.245, "risk": "Moderate", "heat_zone": 1, "color": "#f1c40f", "city": "Mangaluru"}}, {"type": "Feature", "geometry": {"type": "Point", "coordinates": [74.84187138200129, 12.906175945431167]}, "properties": {"lst": 37.07, "ndvi": 0.654, "ndbi": -0.244, "risk": "Moderate", "heat_zone": 1, "color": "#f1c40f", "city": "Mangaluru"}}, {"type": "Feature", "geometry": {"type": "Point", "coordinates": [74.9254637408408, 12.837512705328264]}, "properties": {"lst": 43.07, "ndvi": 0.38, "ndbi": 0.147, "risk": "Critical", "heat_zone": 3, "color": "#e74c3c", "city": "Mangaluru"}}, {"type": "Feature", "geometry": {"type": "Point", "coordinates": [74.85352449052024, 12.920960641429971]}, "properties": {"lst": 36.26, "ndvi": 0.652, "ndbi": -0.185, "risk": "High", "heat_zone": 2, "color": "#e67e22", "city": "Mangaluru"}}, {"type": "Feature", "geometry": {"type": "Point", "coordinates": [74.89588211777937, 12.913800170617408]}, "properties": {"lst": 38.38, "ndvi": 0.41, "ndbi": 0.038, "risk": "Critical", "heat_zone": 3, "color": "#e74c3c", "city": "Mangaluru"}}, {"type": "Feature", "geometry": {"type": "Point", "coordinates": [74.89271315275897, 12.835732127405455]}, "properties": {"lst": 35.0, "ndvi": 0.506, "ndbi": -0.077, "risk": "High", "heat_zone": 2, "color": "#e67e22", "city": "Mangaluru"}}, {"type": "Feature", "geometry": {"type": "Point", "coordinates": [74.8612025193868, 12.867524476792394]}, "properties": {"lst": 40.1, "ndvi": 0.28, "ndbi": 0.169, "risk": "Critical", "heat_zone": 3, "color": "#e74c3c", "city": "Mangaluru"}}, {"type": "Feature", "geometry": {"type": "Point", "coordinates": [74.82481548966376, 12.896369923399048]}, "properties": {"lst": 37.87, "ndvi": 0.292, "ndbi": 0.029, "risk": "Critical", "heat_zone": 3, "color": "#e74c3c", "city": "Mangaluru"}}, {"type": "Feature", "geometry": {"type": "Point", "coordinates": [74.92711501039258, 12.878110551913297]}, "properties": {"lst": 37.03, "ndvi": 0.593, "ndbi": -0.029, "risk": "High", "heat_zone": 2, "color": "#e67e22", "city": "Mangaluru"}}, {"type": "Feature", "geometry": {"type": "Point", "coordinates": [74.94936242771374, 12.846120962418418]}, "properties": {"lst": 34.56, "ndvi": 0.794, "ndbi": -0.362, "risk": "Moderate", "heat_zone": 1, "color": "#f1c40f", "city": "Mangaluru"}}, {"type": "Feature", "geometry": {"type": "Point", "coordinates": [74.93278138615443, 12.883382379511918]}, "properties": {"lst": 38.53, "ndvi": 0.49, "ndbi": 0.083, "risk": "Critical", "heat_zone": 3, "color": "#e74c3c", "city": "Mangaluru"}}, {"type": "Feature", "geometry": {"type": "Point", "coordinates": [74.81391631882828, 12.899772373038669]}, "properties": {"lst": 37.3, "ndvi": 0.342, "ndbi": 0.024, "risk": "Critical", "heat_zone": 3, "color": "#e74c3c", "city": "Mangaluru"}}, {"type": "Feature", "geometry": {"type": "Point", "coordinates": [74.8241944010794, 12.92705297969066]}, "properties": {"lst": 39.22, "ndvi": 0.355, "ndbi": 0.082, "risk": "Critical", "heat_zone": 3, "color": "#e74c3c", "city": "Mangaluru"}}, {"type": "Feature", "geometry": {"type": "Point", "coordinates": [74.85737123250736, 12.868672059100428]}, "properties": {"lst": 39.02, "ndvi": 0.503, "ndbi": -0.089, "risk": "High", "heat_zone": 2, "color": "#e67e22", "city": "Mangaluru"}}, {"type": "Feature", "geometry": {"type": "Point", "coordinates": [74.92502849705669, 12.868856734664783]}, "properties": {"lst": 38.42, "ndvi": 0.516, "ndbi": -0.096, "risk": "High", "heat_zone": 2, "color": "#e67e22", "city": "Mangaluru"}}, {"type": "Feature", "geometry": {"type": "Point", "coordinates": [74.94376564922469, 12.893868288654105]}, "properties": {"lst": 35.78, "ndvi": 0.574, "ndbi": -0.084, "risk": "High", "heat_zone": 2, "color": "#e67e22", "city": "Mangaluru"}}, {"type": "Feature", "geometry": {"type": "Point", "coordinates": [74.82967119136049, 12.833351662781611]}, "properties": {"lst": 30.17, "ndvi": -0.253, "ndbi": -0.221, "risk": "Low", "heat_zone": 0, "color": "#2ecc71", "city": "Mangaluru"}}, {"type": "Feature", "geometry": {"type": "Point", "coordinates": [74.86301223917081, 12.946122223682526]}, "properties": {"lst": 37.52, "ndvi": 0.378, "ndbi": -0.147, "risk": "High", "heat_zone": 2, "color": "#e67e22", "city": "Mangaluru"}}, {"type": "Feature", "geometry": {"type": "Point", "coordinates": [74.93208113861937, 12.931350945709896]}, "properties": {"lst": 35.27, "ndvi": 0.583, "ndbi": -0.093, "risk": "High", "heat_zone": 2, "color": "#e67e22", "city": "Mangaluru"}}, {"type": "Feature", "geometry": {"type": "Point", "coordinates": [74.94486569231182, 12.861801109863167]}, "properties": {"lst": 33.34, "ndvi": 0.751, "ndbi": -0.283, "risk": "Moderate", "heat_zone": 1, "color": "#f1c40f", "city": "Mangaluru"}}, {"type": "Feature", "geometry": {"type": "Point", "coordinates": [74.90949881958348, 12.8746783561893]}, "properties": {"lst": 34.89, "ndvi": 0.785, "ndbi": -0.294, "risk": "Moderate", "heat_zone": 1, "color": "#f1c40f", "city": "Mangaluru"}}, {"type": "Feature", "geometry": {"type": "Point", "coordinates": [74.86310727982503, 12.8911210340318]}, "properties": {"lst": 34.97, "ndvi": 0.519, "ndbi": -0.104, "risk": "High", "heat_zone": 2, "color": "#e67e22", "city": "Mangaluru"}}, {"type": "Feature", "geometry": {"type": "Point", "coordinates": [74.93440851330358, 12.929882391449752]}, "properties": {"lst": 39.31, "ndvi": 0.504, "ndbi": 0.081, "risk": "Critical", "heat_zone": 3, "color": "#e74c3c", "city": "Mangaluru"}}, {"type": "Feature", "geometry": {"type": "Point", "coordinates": [74.9221420570703, 12.898553411903112]}, "properties": {"lst": 35.57, "ndvi": 0.66, "ndbi": -0.198, "risk": "Moderate", "heat_zone": 1, "color": "#f1c40f", "city": "Mangaluru"}}, {"type": "Feature", "geometry": {"type": "Point", "coordinates": [74.80860329083227, 12.837923938445982]}, "properties": {"lst": 29.55, "ndvi": -0.179, "ndbi": -0.009, "risk": "Low", "heat_zone": 0, "color": "#2ecc71", "city": "Mangaluru"}}, {"type": "Feature", "geometry": {"type": "Point", "coordinates": [74.88951051372044, 12.83721338630421]}, "properties": {"lst": 35.31, "ndvi": 0.684, "ndbi": -0.241, "risk": "Moderate", "heat_zone": 1, "color": "#f1c40f", "city": "Mangaluru"}}, {"type": "Feature", "geometry": {"type": "Point", "coordinates": [74.85181414650762, 12.9432899089027]}, "properties": {"lst": 33.95, "ndvi": 0.741, "ndbi": -0.289, "risk": "Moderate", "heat_zone": 1, "color": "#f1c40f", "city": "Mangaluru"}}, {"type": "Feature", "geometry": {"type": "Point", "coordinates": [74.88153200351779, 12.853762848548984]}, "properties": {"lst": 35.16, "ndvi": 0.671, "ndbi": -0.223, "risk": "Moderate", "heat_zone": 1, "color": "#f1c40f", "city": "Mangaluru"}}, {"type": "Feature", "geometry": {"type": "Point", "coordinates": [74.89926840974249, 12.909894572067742]}, "properties": {"lst": 38.04, "ndvi": 0.648, "ndbi": -0.202, "risk": "High", "heat_zone": 2, "color": "#e67e22", "city": "Mangaluru"}}, {"type": "Feature", "geometry": {"type": "Point", "coordinates": [74.82709846578221, 12.927792386717602]}, "properties": {"lst": 34.68, "ndvi": 0.443, "ndbi": 0.008, "risk": "High", "heat_zone": 2, "color": "#e67e22", "city": "Mangaluru"}}, {"type": "Feature", "geometry": {"type": "Point", "coordinates": [74.89323188031194, 12.87067184017376]}, "properties": {"lst": 37.61, "ndvi": 0.382, "ndbi": 0.011, "risk": "Critical", "heat_zone": 3, "color": "#e74c3c", "city": "Mangaluru"}}, {"type": "Feature", "geometry": {"type": "Point", "coordinates": [74.82609510504346, 12.906553220763968]}, "properties": {"lst": 36.05, "ndvi": 0.252, "ndbi": 0.068, "risk": "Critical", "heat_zone": 3, "color": "#e74c3c", "city": "Mangaluru"}}, {"type": "Feature", "geometry": {"type": "Point", "coordinates": [74.90435335688416, 12.86368556676054]}, "properties": {"lst": 36.18, "ndvi": 0.466, "ndbi": -0.011, "risk": "High", "heat_zone": 2, "color": "#e67e22", "city": "Mangaluru"}}, {"type": "Feature", "geometry": {"type": "Point", "coordinates": [74.93528389590671, 12.846089308202286]}, "properties": {"lst": 34.85, "ndvi": 0.567, "ndbi": -0.117, "risk": "High", "heat_zone": 2, "color": "#e67e22", "city": "Mangaluru"}}, {"type": "Feature", "geometry": {"type": "Point", "coordinates": [74.84839321500777, 12.8351622149695]}, "properties": {"lst": 30.24, "ndvi": -0.063, "ndbi": -0.297, "risk": "Low", "heat_zone": 0, "color": "#2ecc71", "city": "Mangaluru"}}, {"type": "Feature", "geometry": {"type": "Point", "coordinates": [74.84267118657651, 12.8156949538506]}, "properties": {"lst": 37.35, "ndvi": 0.507, "ndbi": -0.069, "risk": "High", "heat_zone": 2, "color": "#e67e22", "city": "Mangaluru"}}, {"type": "Feature", "geometry": {"type": "Point", "coordinates": [74.94265604607051, 12.813902599022342]}, "properties": {"lst": 34.34, "ndvi": 0.808, "ndbi": -0.343, "risk": "Moderate", "heat_zone": 1, "color": "#f1c40f", "city": "Mangaluru"}}, {"type": "Feature", "geometry": {"type": "Point", "coordinates": [74.86309175006578, 12.829318621002416]}, "properties": {"lst": 34.24, "ndvi": 0.376, "ndbi": -0.314, "risk": "High", "heat_zone": 2, "color": "#e67e22", "city": "Mangaluru"}}, {"type": "Feature", "geometry": {"type": "Point", "coordinates": [74.80730188980019, 12.914775478463032]}, "properties": {"lst": 30.06, "ndvi": -0.189, "ndbi": -0.225, "risk": "Low", "heat_zone": 0, "color": "#2ecc71", "city": "Mangaluru"}}, {"type": "Feature", "geometry": {"type": "Point", "coordinates": [74.85467578607641, 12.938361506320057]}, "properties": {"lst": 37.56, "ndvi": 0.599, "ndbi": -0.13, "risk": "High", "heat_zone": 2, "color": "#e67e22", "city": "Mangaluru"}}, {"type": "Feature", "geometry": {"type": "Point", "coordinates": [74.8721714072876, 12.865731227529546]}, "properties": {"lst": 35.88, "ndvi": 0.491, "ndbi": -0.094, "risk": "High", "heat_zone": 2, "color": "#e67e22", "city": "Mangaluru"}}, {"type": "Feature", "geometry": {"type": "Point", "coordinates": [74.80593024895961, 12.900532398480545]}, "properties": {"lst": 29.52, "ndvi": -0.183, "ndbi": -0.112, "risk": "Low", "heat_zone": 0, "color": "#2ecc71", "city": "Mangaluru"}}, {"type": "Feature", "geometry": {"type": "Point", "coordinates": [74.87942303212556, 12.884190363131374]}, "properties": {"lst": 37.82, "ndvi": 0.325, "ndbi": 0.086, "risk": "Critical", "heat_zone": 3, "color": "#e74c3c", "city": "Mangaluru"}}, {"type": "Feature", "geometry": {"type": "Point", "coordinates": [74.9279805404565, 12.920048042680392]}, "properties": {"lst": 35.4, "ndvi": 0.76, "ndbi": -0.305, "risk": "Moderate", "heat_zone": 1, "color": "#f1c40f", "city": "Mangaluru"}}, {"type": "Feature", "geometry": {"type": "Point", "coordinates": [74.84934077535891, 12.866788118097467]}, "properties": {"lst": 38.28, "ndvi": 0.374, "ndbi": -0.053, "risk": "Critical", "heat_zone": 3, "color": "#e74c3c", "city": "Mangaluru"}}, {"type": "Feature", "geometry": {"type": "Point", "coordinates": [74.8517398687259, 12.881314985858562]}, "properties": {"lst": 38.82, "ndvi": 0.323, "ndbi": 0.06, "risk": "Critical", "heat_zone": 3, "color": "#e74c3c", "city": "Mangaluru"}}, {"type": "Feature", "geometry": {"type": "Point", "coordinates": [74.8936554297936, 12.934903166600732]}, "properties": {"lst": 34.09, "ndvi": 0.514, "ndbi": 0.052, "risk": "High", "heat_zone": 2, "color": "#e67e22", "city": "Mangaluru"}}, {"type": "Feature", "geometry": {"type": "Point", "coordinates": [74.85795175115153, 12.87041075715466]}, "properties": {"lst": 39.18, "ndvi": 0.375, "ndbi": 0.001, "risk": "Critical", "heat_zone": 3, "color": "#e74c3c", "city": "Mangaluru"}}, {"type": "Feature", "geometry": {"type": "Point", "coordinates": [74.90814890288146, 12.847449861078609]}, "properties": {"lst": 34.3, "ndvi": 0.727, "ndbi": -0.296, "risk": "Moderate", "heat_zone": 1, "color": "#f1c40f", "city": "Mangaluru"}}, {"type": "Feature", "geometry": {"type": "Point", "coordinates": [74.87860340757393, 12.822611485988874]}, "properties": {"lst": 35.77, "ndvi": 0.728, "ndbi": -0.241, "risk": "Moderate", "heat_zone": 1, "color": "#f1c40f", "city": "Mangaluru"}}, {"type": "Feature", "geometry": {"type": "Point", "coordinates": [74.80172337599919, 12.812801854737572]}, "properties": {"lst": 29.56, "ndvi": -0.134, "ndbi": 0.201, "risk": "Low", "heat_zone": 0, "color": "#2ecc71", "city": "Mangaluru"}}, {"type": "Feature", "geometry": {"type": "Point", "coordinates": [74.88455453202558, 12.920723184490784]}, "properties": {"lst": 34.94, "ndvi": 0.545, "ndbi": -0.107, "risk": "High", "heat_zone": 2, "color": "#e67e22", "city": "Mangaluru"}}, {"type": "Feature", "geometry": {"type": "Point", "coordinates": [74.9369737799262, 12.89570922091094]}, "properties": {"lst": 36.3, "ndvi": 0.793, "ndbi": -0.339, "risk": "Moderate", "heat_zone": 1, "color": "#f1c40f", "city": "Mangaluru"}}, {"type": "Feature", "geometry": {"type": "Point", "coordinates": [74.82568834724756, 12.936852140558806]}, "properties": {"lst": 36.14, "ndvi": 0.644, "ndbi": -0.211, "risk": "High", "heat_zone": 2, "color": "#e67e22", "city": "Mangaluru"}}, {"type": "Feature", "geometry": {"type": "Point", "coordinates": [74.89270543273072, 12.920740997252782]}, "properties": {"lst": 34.76, "ndvi": 0.635, "ndbi": -0.132, "risk": "High", "heat_zone": 2, "color": "#e67e22", "city": "Mangaluru"}}, {"type": "Feature", "geometry": {"type": "Point", "coordinates": [74.85661832571923, 12.91395681302386]}, "properties": {"lst": 36.35, "ndvi": 0.456, "ndbi": 0.046, "risk": "Critical", "heat_zone": 3, "color": "#e74c3c", "city": "Mangaluru"}}, {"type": "Feature", "geometry": {"type": "Point", "coordinates": [74.91864499493832, 12.905118729412049]}, "properties": {"lst": 34.04, "ndvi": 0.713, "ndbi": -0.2, "risk": "Moderate", "heat_zone": 1, "color": "#f1c40f", "city": "Mangaluru"}}, {"type": "Feature", "geometry": {"type": "Point", "coordinates": [74.87498897742928, 12.841902536032904]}, "properties": {"lst": 31.03, "ndvi": 0.007, "ndbi": -0.314, "risk": "Low", "heat_zone": 0, "color": "#2ecc71", "city": "Mangaluru"}}, {"type": "Feature", "geometry": {"type": "Point", "coordinates": [74.9161656591693, 12.902300266508613]}, "properties": {"lst": 36.35, "ndvi": 0.575, "ndbi": -0.048, "risk": "High", "heat_zone": 2, "color": "#e67e22", "city": "Mangaluru"}}, {"type": "Feature", "geometry": {"type": "Point", "coordinates": [74.87005424664989, 12.9438653137692]}, "properties": {"lst": 34.33, "ndvi": 0.684, "ndbi": -0.222, "risk": "Moderate", "heat_zone": 1, "color": "#f1c40f", "city": "Mangaluru"}}, {"type": "Feature", "geometry": {"type": "Point", "coordinates": [74.94038322114794, 12.802444009651197]}, "properties": {"lst": 32.32, "ndvi": 0.799, "ndbi": -0.318, "risk": "Moderate", "heat_zone": 1, "color": "#f1c40f", "city": "Mangaluru"}}, {"type": "Feature", "geometry": {"type": "Point", "coordinates": [74.81048326401135, 12.913136090628408]}, "properties": {"lst": 37.63, "ndvi": 0.223, "ndbi": 0.106, "risk": "Critical", "heat_zone": 3, "color": "#e74c3c", "city": "Mangaluru"}}, {"type": "Feature", "geometry": {"type": "Point", "coordinates": [74.8112883675097, 12.932527729168612]}, "properties": {"lst": 34.29, "ndvi": -0.074, "ndbi": -0.153, "risk": "Low", "heat_zone": 0, "color": "#2ecc71", "city": "Mangaluru"}}, {"type": "Feature", "geometry": {"type": "Point", "coordinates": [74.83016933332766, 12.870120914707869]}, "properties": {"lst": 35.6, "ndvi": 0.454, "ndbi": -0.112, "risk": "High", "heat_zone": 2, "color": "#e67e22", "city": "Mangaluru"}}, {"type": "Feature", "geometry": {"type": "Point", "coordinates": [74.94521701393177, 12.911236030083591]}, "properties": {"lst": 36.56, "ndvi": 0.605, "ndbi": -0.059, "risk": "High", "heat_zone": 2, "color": "#e67e22", "city": "Mangaluru"}}, {"type": "Feature", "geometry": {"type": "Point", "coordinates": [74.90264384501904, 12.924231491474655]}, "properties": {"lst": 38.5, "ndvi": 0.683, "ndbi": -0.189, "risk": "High", "heat_zone": 2, "color": "#e67e22", "city": "Mangaluru"}}, {"type": "Feature", "geometry": {"type": "Point", "coordinates": [74.90376439410448, 12.80976589224509]}, "properties": {"lst": 33.85, "ndvi": 0.849, "ndbi": -0.431, "risk": "Moderate", "heat_zone": 1, "color": "#f1c40f", "city": "Mangaluru"}}, {"type": "Feature", "geometry": {"type": "Point", "coordinates": [74.82524120753617, 12.940492850869768]}, "properties": {"lst": 32.82, "ndvi": 0.742, "ndbi": -0.261, "risk": "Moderate", "heat_zone": 1, "color": "#f1c40f", "city": "Mangaluru"}}, {"type": "Feature", "geometry": {"type": "Point", "coordinates": [74.86873931521572, 12.88891913033568]}, "properties": {"lst": 37.38, "ndvi": 0.397, "ndbi": 0.004, "risk": "Critical", "heat_zone": 3, "color": "#e74c3c", "city": "Mangaluru"}}, {"type": "Feature", "geometry": {"type": "Point", "coordinates": [74.8201670542841, 12.883970883965445]}, "properties": {"lst": 30.06, "ndvi": -0.142, "ndbi": -0.222, "risk": "Low", "heat_zone": 0, "color": "#2ecc71", "city": "Mangaluru"}}, {"type": "Feature", "geometry": {"type": "Point", "coordinates": [74.92510755747413, 12.892025725557502]}, "properties": {"lst": 37.23, "ndvi": 0.288, "ndbi": 0.062, "risk": "Critical", "heat_zone": 3, "color": "#e74c3c", "city": "Mangaluru"}}, {"type": "Feature", "geometry": {"type": "Point", "coordinates": [74.83675736550519, 12.883360226052227]}, "properties": {"lst": 37.28, "ndvi": 0.285, "ndbi": 0.006, "risk": "Critical", "heat_zone": 3, "color": "#e74c3c", "city": "Mangaluru"}}, {"type": "Feature", "geometry": {"type": "Point", "coordinates": [74.8201216457177, 12.91617453420079]}, "properties": {"lst": 30.56, "ndvi": -0.013, "ndbi": -0.277, "risk": "Low", "heat_zone": 0, "color": "#2ecc71", "city": "Mangaluru"}}, {"type": "Feature", "geometry": {"type": "Point", "coordinates": [74.90244318233192, 12.818288056563857]}, "properties": {"lst": 38.68, "ndvi": 0.388, "ndbi": -0.001, "risk": "Critical", "heat_zone": 3, "color": "#e74c3c", "city": "Mangaluru"}}, {"type": "Feature", "geometry": {"type": "Point", "coordinates": [74.89431793057084, 12.948938355845446]}, "properties": {"lst": 34.72, "ndvi": 0.689, "ndbi": -0.205, "risk": "Moderate", "heat_zone": 1, "color": "#f1c40f", "city": "Mangaluru"}}, {"type": "Feature", "geometry": {"type": "Point", "coordinates": [74.91871385568427, 12.87159390145348]}, "properties": {"lst": 34.49, "ndvi": 0.608, "ndbi": -0.155, "risk": "High", "heat_zone": 2, "color": "#e67e22", "city": "Mangaluru"}}, {"type": "Feature", "geometry": {"type": "Point", "coordinates": [74.91566801554181, 12.893418826250205]}, "properties": {"lst": 33.66, "ndvi": 0.795, "ndbi": -0.311, "risk": "Moderate", "heat_zone": 1, "color": "#f1c40f", "city": "Mangaluru"}}, {"type": "Feature", "geometry": {"type": "Point", "coordinates": [74.81022695543592, 12.894811426467776]}, "properties": {"lst": 29.74, "ndvi": -0.154, "ndbi": -0.221, "risk": "Low", "heat_zone": 0, "color": "#2ecc71", "city": "Mangaluru"}}, {"type": "Feature", "geometry": {"type": "Point", "coordinates": [74.93116036064629, 12.907719119526249]}, "properties": {"lst": 34.79, "ndvi": 0.779, "ndbi": -0.286, "risk": "Moderate", "heat_zone": 1, "color": "#f1c40f", "city": "Mangaluru"}}, {"type": "Feature", "geometry": {"type": "Point", "coordinates": [74.86789812164177, 12.891372657036742]}, "properties": {"lst": 37.95, "ndvi": 0.29, "ndbi": 0.083, "risk": "Critical", "heat_zone": 3, "color": "#e74c3c", "city": "Mangaluru"}}, {"type": "Feature", "geometry": {"type": "Point", "coordinates": [74.93003005292373, 12.925507013949607]}, "properties": {"lst": 34.1, "ndvi": 0.817, "ndbi": -0.384, "risk": "Moderate", "heat_zone": 1, "color": "#f1c40f", "city": "Mangaluru"}}, {"type": "Feature", "geometry": {"type": "Point", "coordinates": [74.80572565470901, 12.832174078533193]}, "properties": {"lst": 29.62, "ndvi": -0.165, "ndbi": 0.131, "risk": "Low", "heat_zone": 0, "color": "#2ecc71", "city": "Mangaluru"}}, {"type": "Feature", "geometry": {"type": "Point", "coordinates": [74.85218255994823, 12.83007515932022]}, "properties": {"lst": 33.92, "ndvi": 0.715, "ndbi": -0.302, "risk": "Moderate", "heat_zone": 1, "color": "#f1c40f", "city": "Mangaluru"}}, {"type": "Feature", "geometry": {"type": "Point", "coordinates": [74.8685247266292, 12.926817231229515]}, "properties": {"lst": 38.89, "ndvi": 0.37, "ndbi": 0.075, "risk": "Critical", "heat_zone": 3, "color": "#e74c3c", "city": "Mangaluru"}}, {"type": "Feature", "geometry": {"type": "Point", "coordinates": [74.87852874827172, 12.882859715666916]}, "properties": {"lst": 39.69, "ndvi": 0.595, "ndbi": -0.164, "risk": "High", "heat_zone": 2, "color": "#e67e22", "city": "Mangaluru"}}, {"type": "Feature", "geometry": {"type": "Point", "coordinates": [74.8211234215154, 12.841416520553398]}, "properties": {"lst": 29.98, "ndvi": -0.25, "ndbi": -0.052, "risk": "Low", "heat_zone": 0, "color": "#2ecc71", "city": "Mangaluru"}}, {"type": "Feature", "geometry": {"type": "Point", "coordinates": [74.82188211851226, 12.918921241967771]}, "properties": {"lst": 31.25, "ndvi": -0.007, "ndbi": -0.27, "risk": "Low", "heat_zone": 0, "color": "#2ecc71", "city": "Mangaluru"}}, {"type": "Feature", "geometry": {"type": "Point", "coordinates": [74.80275128592054, 12.93558140121598]}, "properties": {"lst": 30.13, "ndvi": -0.152, "ndbi": -0.225, "risk": "Low", "heat_zone": 0, "color": "#2ecc71", "city": "Mangaluru"}}, {"type": "Feature", "geometry": {"type": "Point", "coordinates": [74.91917429318717, 12.81185755669021]}, "properties": {"lst": 37.73, "ndvi": 0.576, "ndbi": -0.046, "risk": "High", "heat_zone": 2, "color": "#e67e22", "city": "Mangaluru"}}, {"type": "Feature", "geometry": {"type": "Point", "coordinates": [74.94660807704487, 12.938792154967254]}, "properties": {"lst": 37.69, "ndvi": 0.601, "ndbi": -0.034, "risk": "High", "heat_zone": 2, "color": "#e67e22", "city": "Mangaluru"}}, {"type": "Feature", "geometry": {"type": "Point", "coordinates": [74.92437250769, 12.891958252523713]}, "properties": {"lst": 37.75, "ndvi": 0.203, "ndbi": 0.063, "risk": "Critical", "heat_zone": 3, "color": "#e74c3c", "city": "Mangaluru"}}, {"type": "Feature", "geometry": {"type": "Point", "coordinates": [74.80701811490083, 12.872005713536764]}, "properties": {"lst": 29.88, "ndvi": -0.28, "ndbi": -0.003, "risk": "Low", "heat_zone": 0, "color": "#2ecc71", "city": "Mangaluru"}}, {"type": "Feature", "geometry": {"type": "Point", "coordinates": [74.94963096616397, 12.813753423497896]}, "properties": {"lst": 34.95, "ndvi": 0.611, "ndbi": -0.106, "risk": "High", "heat_zone": 2, "color": "#e67e22", "city": "Mangaluru"}}, {"type": "Feature", "geometry": {"type": "Point", "coordinates": [74.82309615018956, 12.848682756466234]}, "properties": {"lst": 33.58, "ndvi": -0.178, "ndbi": -0.264, "risk": "Low", "heat_zone": 0, "color": "#2ecc71", "city": "Mangaluru"}}, {"type": "Feature", "geometry": {"type": "Point", "coordinates": [74.91804201749174, 12.86310783241693]}, "properties": {"lst": 32.6, "ndvi": 0.077, "ndbi": -0.251, "risk": "Low", "heat_zone": 0, "color": "#2ecc71", "city": "Mangaluru"}}, {"type": "Feature", "geometry": {"type": "Point", "coordinates": [74.83700856942825, 12.89839583803161]}, "properties": {"lst": 37.76, "ndvi": 0.483, "ndbi": -0.096, "risk": "High", "heat_zone": 2, "color": "#e67e22", "city": "Mangaluru"}}, {"type": "Feature", "geometry": {"type": "Point", "coordinates": [74.80672806037101, 12.826350266754556]}, "properties": {"lst": 29.4, "ndvi": -0.094, "ndbi": 0.078, "risk": "Low", "heat_zone": 0, "color": "#2ecc71", "city": "Mangaluru"}}, {"type": "Feature", "geometry": {"type": "Point", "coordinates": [74.89837059650478, 12.930225323002244]}, "properties": {"lst": 37.98, "ndvi": 0.435, "ndbi": 0.067, "risk": "Critical", "heat_zone": 3, "color": "#e74c3c", "city": "Mangaluru"}}, {"type": "Feature", "geometry": {"type": "Point", "coordinates": [74.87959471963804, 12.925211721321876]}, "properties": {"lst": 32.54, "ndvi": 0.811, "ndbi": -0.337, "risk": "Moderate", "heat_zone": 1, "color": "#f1c40f", "city": "Mangaluru"}}, {"type": "Feature", "geometry": {"type": "Point", "coordinates": [74.80805899956528, 12.94567184625138]}, "properties": {"lst": 38.32, "ndvi": 0.658, "ndbi": -0.187, "risk": "High", "heat_zone": 2, "color": "#e67e22", "city": "Mangaluru"}}, {"type": "Feature", "geometry": {"type": "Point", "coordinates": [74.88134247375866, 12.881701685340662]}, "properties": {"lst": 39.95, "ndvi": 0.359, "ndbi": 0.215, "risk": "Critical", "heat_zone": 3, "color": "#e74c3c", "city": "Mangaluru"}}, {"type": "Feature", "geometry": {"type": "Point", "coordinates": [74.92023941772251, 12.839540621411142]}, "properties": {"lst": 36.67, "ndvi": 0.381, "ndbi": 0.005, "risk": "Critical", "heat_zone": 3, "color": "#e74c3c", "city": "Mangaluru"}}, {"type": "Feature", "geometry": {"type": "Point", "coordinates": [74.9069949513534, 12.821592145594268]}, "properties": {"lst": 33.86, "ndvi": 0.673, "ndbi": -0.228, "risk": "Moderate", "heat_zone": 1, "color": "#f1c40f", "city": "Mangaluru"}}, {"type": "Feature", "geometry": {"type": "Point", "coordinates": [74.80999854624773, 12.869371723053163]}, "properties": {"lst": 29.87, "ndvi": -0.226, "ndbi": -0.119, "risk": "Low", "heat_zone": 0, "color": "#2ecc71", "city": "Mangaluru"}}, {"type": "Feature", "geometry": {"type": "Point", "coordinates": [74.85265028126517, 12.871704816789377]}, "properties": {"lst": 39.87, "ndvi": 0.352, "ndbi": 0.128, "risk": "Critical", "heat_zone": 3, "color": "#e74c3c", "city": "Mangaluru"}}, {"type": "Feature", "geometry": {"type": "Point", "coordinates": [74.81445302002422, 12.877157628497772]}, "properties": {"lst": 30.15, "ndvi": -0.214, "ndbi": -0.222, "risk": "Low", "heat_zone": 0, "color": "#2ecc71", "city": "Mangaluru"}}, {"type": "Feature", "geometry": {"type": "Point", "coordinates": [74.90207180220301, 12.922650501376644]}, "properties": {"lst": 40.52, "ndvi": 0.407, "ndbi": 0.073, "risk": "Critical", "heat_zone": 3, "color": "#e74c3c", "city": "Mangaluru"}}, {"type": "Feature", "geometry": {"type": "Point", "coordinates": [74.94771717769059, 12.897381857889696]}, "properties": {"lst": 36.38, "ndvi": 0.507, "ndbi": 0.059, "risk": "High", "heat_zone": 2, "color": "#e67e22", "city": "Mangaluru"}}, {"type": "Feature", "geometry": {"type": "Point", "coordinates": [74.86511269568615, 12.826135408422884]}, "properties": {"lst": 35.52, "ndvi": 0.387, "ndbi": -0.03, "risk": "High", "heat_zone": 2, "color": "#e67e22", "city": "Mangaluru"}}, {"type": "Feature", "geometry": {"type": "Point", "coordinates": [74.89982017508775, 12.934529525849737]}, "properties": {"lst": 32.91, "ndvi": 0.74, "ndbi": -0.27, "risk": "Moderate", "heat_zone": 1, "color": "#f1c40f", "city": "Mangaluru"}}, {"type": "Feature", "geometry": {"type": "Point", "coordinates": [74.83534881413595, 12.871492545310431]}, "properties": {"lst": 40.42, "ndvi": 0.21, "ndbi": 0.185, "risk": "Critical", "heat_zone": 3, "color": "#e74c3c", "city": "Mangaluru"}}, {"type": "Feature", "geometry": {"type": "Point", "coordinates": [74.81811489807023, 12.811976441839327]}, "properties": {"lst": 29.84, "ndvi": -0.241, "ndbi": 0.036, "risk": "Low", "heat_zone": 0, "color": "#2ecc71", "city": "Mangaluru"}}, {"type": "Feature", "geometry": {"type": "Point", "coordinates": [74.8405622891475, 12.94930751667003]}, "properties": {"lst": 34.62, "ndvi": 0.687, "ndbi": -0.255, "risk": "Moderate", "heat_zone": 1, "color": "#f1c40f", "city": "Mangaluru"}}, {"type": "Feature", "geometry": {"type": "Point", "coordinates": [74.93201450236583, 12.88627624813875]}, "properties": {"lst": 33.68, "ndvi": 0.777, "ndbi": -0.319, "risk": "Moderate", "heat_zone": 1, "color": "#f1c40f", "city": "Mangaluru"}}, {"type": "Feature", "geometry": {"type": "Point", "coordinates": [74.84644044596132, 12.939746015532558]}, "properties": {"lst": 34.56, "ndvi": 0.523, "ndbi": -0.065, "risk": "High", "heat_zone": 2, "color": "#e67e22", "city": "Mangaluru"}}, {"type": "Feature", "geometry": {"type": "Point", "coordinates": [74.82029728043113, 12.858723920225096]}, "properties": {"lst": 33.84, "ndvi": -0.124, "ndbi": -0.33, "risk": "Low", "heat_zone": 0, "color": "#2ecc71", "city": "Mangaluru"}}, {"type": "Feature", "geometry": {"type": "Point", "coordinates": [74.93026465083672, 12.871526523311235]}, "properties": {"lst": 34.15, "ndvi": 0.746, "ndbi": -0.256, "risk": "Moderate", "heat_zone": 1, "color": "#f1c40f", "city": "Mangaluru"}}, {"type": "Feature", "geometry": {"type": "Point", "coordinates": [74.82068723831433, 12.932323387653277]}, "properties": {"lst": 42.37, "ndvi": 0.184, "ndbi": 0.052, "risk": "Critical", "heat_zone": 3, "color": "#e74c3c", "city": "Mangaluru"}}, {"type": "Feature", "geometry": {"type": "Point", "coordinates": [74.93734212108794, 12.919930296159905]}, "properties": {"lst": 35.24, "ndvi": 0.684, "ndbi": -0.201, "risk": "Moderate", "heat_zone": 1, "color": "#f1c40f", "city": "Mangaluru"}}, {"type": "Feature", "geometry": {"type": "Point", "coordinates": [74.89636030125675, 12.822981439511455]}, "properties": {"lst": 34.02, "ndvi": 0.636, "ndbi": -0.16, "risk": "High", "heat_zone": 2, "color": "#e67e22", "city": "Mangaluru"}}, {"type": "Feature", "geometry": {"type": "Point", "coordinates": [74.87939960883878, 12.929018793420225]}, "properties": {"lst": 34.28, "ndvi": 0.657, "ndbi": -0.13, "risk": "High", "heat_zone": 2, "color": "#e67e22", "city": "Mangaluru"}}, {"type": "Feature", "geometry": {"type": "Point", "coordinates": [74.91673367961337, 12.896304689439928]}, "properties": {"lst": 36.04, "ndvi": 0.548, "ndbi": -0.012, "risk": "High", "heat_zone": 2, "color": "#e67e22", "city": "Mangaluru"}}, {"type": "Feature", "geometry": {"type": "Point", "coordinates": [74.84622144080649, 12.93632922459317]}, "properties": {"lst": 33.14, "ndvi": 0.254, "ndbi": -0.297, "risk": "Low", "heat_zone": 0, "color": "#2ecc71", "city": "Mangaluru"}}, {"type": "Feature", "geometry": {"type": "Point", "coordinates": [74.89909445601671, 12.889478982260156]}, "properties": {"lst": 34.17, "ndvi": 0.675, "ndbi": -0.136, "risk": "High", "heat_zone": 2, "color": "#e67e22", "city": "Mangaluru"}}, {"type": "Feature", "geometry": {"type": "Point", "coordinates": [74.94298085505167, 12.850430706108249]}, "properties": {"lst": 36.13, "ndvi": 0.733, "ndbi": -0.248, "risk": "Moderate", "heat_zone": 1, "color": "#f1c40f", "city": "Mangaluru"}}, {"type": "Feature", "geometry": {"type": "Point", "coordinates": [74.84760374661782, 12.891714434363344]}, "properties": {"lst": 37.21, "ndvi": 0.443, "ndbi": -0.013, "risk": "High", "heat_zone": 2, "color": "#e67e22", "city": "Mangaluru"}}, {"type": "Feature", "geometry": {"type": "Point", "coordinates": [74.90820272102077, 12.848489629453084]}, "properties": {"lst": 33.33, "ndvi": 0.824, "ndbi": -0.389, "risk": "Moderate", "heat_zone": 1, "color": "#f1c40f", "city": "Mangaluru"}}, {"type": "Feature", "geometry": {"type": "Point", "coordinates": [74.88815988650646, 12.88903590610818]}, "properties": {"lst": 36.19, "ndvi": 0.679, "ndbi": -0.2, "risk": "Moderate", "heat_zone": 1, "color": "#f1c40f", "city": "Mangaluru"}}, {"type": "Feature", "geometry": {"type": "Point", "coordinates": [74.85980909476291, 12.845500910728283]}, "properties": {"lst": 36.57, "ndvi": 0.478, "ndbi": -0.117, "risk": "High", "heat_zone": 2, "color": "#e67e22", "city": "Mangaluru"}}, {"type": "Feature", "geometry": {"type": "Point", "coordinates": [74.86953143985647, 12.82845995478126]}, "properties": {"lst": 35.53, "ndvi": 0.468, "ndbi": -0.048, "risk": "High", "heat_zone": 2, "color": "#e67e22", "city": "Mangaluru"}}, {"type": "Feature", "geometry": {"type": "Point", "coordinates": [74.92028912506092, 12.85002442566134]}, "properties": {"lst": 34.51, "ndvi": 0.692, "ndbi": -0.23, "risk": "Moderate", "heat_zone": 1, "color": "#f1c40f", "city": "Mangaluru"}}, {"type": "Feature", "geometry": {"type": "Point", "coordinates": [74.93134484731497, 12.82332582937808]}, "properties": {"lst": 34.05, "ndvi": 0.831, "ndbi": -0.35, "risk": "Moderate", "heat_zone": 1, "color": "#f1c40f", "city": "Mangaluru"}}, {"type": "Feature", "geometry": {"type": "Point", "coordinates": [74.8121220419738, 12.880162958660344]}, "properties": {"lst": 30.01, "ndvi": -0.219, "ndbi": -0.132, "risk": "Low", "heat_zone": 0, "color": "#2ecc71", "city": "Mangaluru"}}, {"type": "Feature", "geometry": {"type": "Point", "coordinates": [74.9083319878308, 12.825768381168874]}, "properties": {"lst": 39.2, "ndvi": 0.6, "ndbi": -0.03, "risk": "High", "heat_zone": 2, "color": "#e67e22", "city": "Mangaluru"}}, {"type": "Feature", "geometry": {"type": "Point", "coordinates": [74.85144409064138, 12.940966089711178]}, "properties": {"lst": 36.47, "ndvi": 0.411, "ndbi": 0.033, "risk": "Critical", "heat_zone": 3, "color": "#e74c3c", "city": "Mangaluru"}}, {"type": "Feature", "geometry": {"type": "Point", "coordinates": [74.86725016650966, 12.925351801883766]}, "properties": {"lst": 38.2, "ndvi": 0.419, "ndbi": 0.094, "risk": "Critical", "heat_zone": 3, "color": "#e74c3c", "city": "Mangaluru"}}, {"type": "Feature", "geometry": {"type": "Point", "coordinates": [74.89339974666353, 12.833676047568549]}, "properties": {"lst": 34.05, "ndvi": 0.708, "ndbi": -0.211, "risk": "Moderate", "heat_zone": 1, "color": "#f1c40f", "city": "Mangaluru"}}, {"type": "Feature", "geometry": {"type": "Point", "coordinates": [74.90810951880617, 12.82670796208862]}, "properties": {"lst": 36.12, "ndvi": 0.59, "ndbi": -0.1, "risk": "High", "heat_zone": 2, "color": "#e67e22", "city": "Mangaluru"}}, {"type": "Feature", "geometry": {"type": "Point", "coordinates": [74.83331779156231, 12.823859527165306]}, "properties": {"lst": 30.42, "ndvi": -0.229, "ndbi": -0.215, "risk": "Low", "heat_zone": 0, "color": "#2ecc71", "city": "Mangaluru"}}, {"type": "Feature", "geometry": {"type": "Point", "coordinates": [74.8148075030388, 12.876573146829845]}, "properties": {"lst": 30.03, "ndvi": -0.207, "ndbi": -0.25, "risk": "Low", "heat_zone": 0, "color": "#2ecc71", "city": "Mangaluru"}}, {"type": "Feature", "geometry": {"type": "Point", "coordinates": [74.81820207119058, 12.917436730442036]}, "properties": {"lst": 35.32, "ndvi": 0.488, "ndbi": -0.095, "risk": "High", "heat_zone": 2, "color": "#e67e22", "city": "Mangaluru"}}, {"type": "Feature", "geometry": {"type": "Point", "coordinates": [74.88458723200515, 12.869398416301696]}, "properties": {"lst": 34.41, "ndvi": 0.665, "ndbi": -0.202, "risk": "Moderate", "heat_zone": 1, "color": "#f1c40f", "city": "Mangaluru"}}, {"type": "Feature", "geometry": {"type": "Point", "coordinates": [74.81010096022547, 12.877886711741832]}, "properties": {"lst": 29.71, "ndvi": -0.218, "ndbi": -0.123, "risk": "Low", "heat_zone": 0, "color": "#2ecc71", "city": "Mangaluru"}}, {"type": "Feature", "geometry": {"type": "Point", "coordinates": [74.89313544390936, 12.830243716726548]}, "properties": {"lst": 33.9, "ndvi": 0.653, "ndbi": -0.145, "risk": "High", "heat_zone": 2, "color": "#e67e22", "city": "Mangaluru"}}, {"type": "Feature", "geometry": {"type": "Point", "coordinates": [74.85556608885533, 12.924738389806402]}, "properties": {"lst": 36.25, "ndvi": 0.473, "ndbi": -0.009, "risk": "High", "heat_zone": 2, "color": "#e67e22", "city": "Mangaluru"}}, {"type": "Feature", "geometry": {"type": "Point", "coordinates": [74.81836785952896, 12.857780430233731]}, "properties": {"lst": 30.22, "ndvi": -0.23, "ndbi": -0.202, "risk": "Low", "heat_zone": 0, "color": "#2ecc71", "city": "Mangaluru"}}, {"type": "Feature", "geometry": {"type": "Point", "coordinates": [74.92182709333431, 12.873329649807475]}, "properties": {"lst": 37.32, "ndvi": 0.377, "ndbi": 0.001, "risk": "Critical", "heat_zone": 3, "color": "#e74c3c", "city": "Mangaluru"}}, {"type": "Feature", "geometry": {"type": "Point", "coordinates": [74.83311446145241, 12.927377728573454]}, "properties": {"lst": 36.16, "ndvi": 0.403, "ndbi": -0.041, "risk": "High", "heat_zone": 2, "color": "#e67e22", "city": "Mangaluru"}}, {"type": "Feature", "geometry": {"type": "Point", "coordinates": [74.90813026355822, 12.881120227337115]}, "properties": {"lst": 34.63, "ndvi": 0.766, "ndbi": -0.258, "risk": "Moderate", "heat_zone": 1, "color": "#f1c40f", "city": "Mangaluru"}}, {"type": "Feature", "geometry": {"type": "Point", "coordinates": [74.91850938299036, 12.806784709316638]}, "properties": {"lst": 34.97, "ndvi": 0.759, "ndbi": -0.255, "risk": "Moderate", "heat_zone": 1, "color": "#f1c40f", "city": "Mangaluru"}}, {"type": "Feature", "geometry": {"type": "Point", "coordinates": [74.93910496071388, 12.875316592555436]}, "properties": {"lst": 41.36, "ndvi": 0.469, "ndbi": 0.065, "risk": "Critical", "heat_zone": 3, "color": "#e74c3c", "city": "Mangaluru"}}, {"type": "Feature", "geometry": {"type": "Point", "coordinates": [74.87272870459044, 12.94643242224488]}, "properties": {"lst": 33.55, "ndvi": 0.798, "ndbi": -0.313, "risk": "Moderate", "heat_zone": 1, "color": "#f1c40f", "city": "Mangaluru"}}, {"type": "Feature", "geometry": {"type": "Point", "coordinates": [74.8659749748794, 12.858651787730958]}, "properties": {"lst": 36.9, "ndvi": 0.401, "ndbi": 0.032, "risk": "Critical", "heat_zone": 3, "color": "#e74c3c", "city": "Mangaluru"}}, {"type": "Feature", "geometry": {"type": "Point", "coordinates": [74.80940521260636, 12.87178235478776]}, "properties": {"lst": 29.87, "ndvi": -0.226, "ndbi": -0.136, "risk": "Low", "heat_zone": 0, "color": "#2ecc71", "city": "Mangaluru"}}, {"type": "Feature", "geometry": {"type": "Point", "coordinates": [74.86267085298411, 12.908353857278186]}, "properties": {"lst": 39.86, "ndvi": 0.299, "ndbi": 0.051, "risk": "Critical", "heat_zone": 3, "color": "#e74c3c", "city": "Mangaluru"}}, {"type": "Feature", "geometry": {"type": "Point", "coordinates": [74.947451528069, 12.886003909921111]}, "properties": {"lst": 34.59, "ndvi": 0.731, "ndbi": -0.243, "risk": "Moderate", "heat_zone": 1, "color": "#f1c40f", "city": "Mangaluru"}}, {"type": "Feature", "geometry": {"type": "Point", "coordinates": [74.92596905694947, 12.94060632631379]}, "properties": {"lst": 36.14, "ndvi": 0.715, "ndbi": -0.254, "risk": "Moderate", "heat_zone": 1, "color": "#f1c40f", "city": "Mangaluru"}}, {"type": "Feature", "geometry": {"type": "Point", "coordinates": [74.88821833091617, 12.885756787911417]}, "properties": {"lst": 35.05, "ndvi": 0.609, "ndbi": -0.113, "risk": "High", "heat_zone": 2, "color": "#e67e22", "city": "Mangaluru"}}, {"type": "Feature", "geometry": {"type": "Point", "coordinates": [74.88998469313036, 12.809238015981816]}, "properties": {"lst": 40.81, "ndvi": 0.546, "ndbi": -0.147, "risk": "High", "heat_zone": 2, "color": "#e67e22", "city": "Mangaluru"}}, {"type": "Feature", "geometry": {"type": "Point", "coordinates": [74.80521595507629, 12.827261500939276]}, "properties": {"lst": 29.36, "ndvi": -0.179, "ndbi": 0.12, "risk": "Low", "heat_zone": 0, "color": "#2ecc71", "city": "Mangaluru"}}, {"type": "Feature", "geometry": {"type": "Point", "coordinates": [74.93352892033171, 12.830106221784034]}, "properties": {"lst": 38.01, "ndvi": 0.5, "ndbi": 0.064, "risk": "Critical", "heat_zone": 3, "color": "#e74c3c", "city": "Mangaluru"}}, {"type": "Feature", "geometry": {"type": "Point", "coordinates": [74.83685613457448, 12.840583556214446]}, "properties": {"lst": 30.56, "ndvi": -0.233, "ndbi": -0.288, "risk": "Low", "heat_zone": 0, "color": "#2ecc71", "city": "Mangaluru"}}, {"type": "Feature", "geometry": {"type": "Point", "coordinates": [74.81237039079696, 12.83218498920233]}, "properties": {"lst": 29.57, "ndvi": -0.23, "ndbi": -0.06, "risk": "Low", "heat_zone": 0, "color": "#2ecc71", "city": "Mangaluru"}}, {"type": "Feature", "geometry": {"type": "Point", "coordinates": [74.88773921409988, 12.899675763163964]}, "properties": {"lst": 35.46, "ndvi": 0.64, "ndbi": -0.138, "risk": "High", "heat_zone": 2, "color": "#e67e22", "city": "Mangaluru"}}, {"type": "Feature", "geometry": {"type": "Point", "coordinates": [74.80679935235837, 12.894887530890207]}, "properties": {"lst": 29.56, "ndvi": -0.234, "ndbi": -0.033, "risk": "Low", "heat_zone": 0, "color": "#2ecc71", "city": "Mangaluru"}}, {"type": "Feature", "geometry": {"type": "Point", "coordinates": [74.92072043366215, 12.910804191405427]}, "properties": {"lst": 33.6, "ndvi": 0.79, "ndbi": -0.316, "risk": "Moderate", "heat_zone": 1, "color": "#f1c40f", "city": "Mangaluru"}}, {"type": "Feature", "geometry": {"type": "Point", "coordinates": [74.89419076822799, 12.840829091320767]}, "properties": {"lst": 34.01, "ndvi": 0.664, "ndbi": -0.121, "risk": "High", "heat_zone": 2, "color": "#e67e22", "city": "Mangaluru"}}, {"type": "Feature", "geometry": {"type": "Point", "coordinates": [74.92847228612433, 12.887942477088348]}, "properties": {"lst": 32.99, "ndvi": 0.807, "ndbi": -0.347, "risk": "Moderate", "heat_zone": 1, "color": "#f1c40f", "city": "Mangaluru"}}, {"type": "Feature", "geometry": {"type": "Point", "coordinates": [74.89916872550374, 12.944776622253524]}, "properties": {"lst": 34.59, "ndvi": 0.69, "ndbi": -0.151, "risk": "Moderate", "heat_zone": 1, "color": "#f1c40f", "city": "Mangaluru"}}, {"type": "Feature", "geometry": {"type": "Point", "coordinates": [74.83824940985106, 12.8478355067895]}, "properties": {"lst": 38.37, "ndvi": 0.156, "ndbi": 0.2, "risk": "Critical", "heat_zone": 3, "color": "#e74c3c", "city": "Mangaluru"}}, {"type": "Feature", "geometry": {"type": "Point", "coordinates": [74.85315391504858, 12.878976231047943]}, "properties": {"lst": 39.67, "ndvi": 0.292, "ndbi": 0.011, "risk": "Critical", "heat_zone": 3, "color": "#e74c3c", "city": "Mangaluru"}}, {"type": "Feature", "geometry": {"type": "Point", "coordinates": [74.9133090409863, 12.876290636066042]}, "properties": {"lst": 35.06, "ndvi": 0.618, "ndbi": -0.072, "risk": "High", "heat_zone": 2, "color": "#e67e22", "city": "Mangaluru"}}, {"type": "Feature", "geometry": {"type": "Point", "coordinates": [74.84067965664936, 12.88180927394994]}, "properties": {"lst": 39.76, "ndvi": 0.234, "ndbi": 0.052, "risk": "Critical", "heat_zone": 3, "color": "#e74c3c", "city": "Mangaluru"}}, {"type": "Feature", "geometry": {"type": "Point", "coordinates": [74.8468534831204, 12.810846951169992]}, "properties": {"lst": 36.62, "ndvi": 0.55, "ndbi": -0.214, "risk": "High", "heat_zone": 2, "color": "#e67e22", "city": "Mangaluru"}}, {"type": "Feature", "geometry": {"type": "Point", "coordinates": [74.90499762999254, 12.922274483671073]}, "properties": {"lst": 38.56, "ndvi": 0.458, "ndbi": 0.0, "risk": "Critical", "heat_zone": 3, "color": "#e74c3c", "city": "Mangaluru"}}, {"type": "Feature", "geometry": {"type": "Point", "coordinates": [74.88116682353703, 12.93903530455994]}, "properties": {"lst": 32.2, "ndvi": 0.784, "ndbi": -0.308, "risk": "Moderate", "heat_zone": 1, "color": "#f1c40f", "city": "Mangaluru"}}, {"type": "Feature", "geometry": {"type": "Point", "coordinates": [74.8000366966088, 12.803629211936746]}, "properties": {"lst": 29.71, "ndvi": -0.254, "ndbi": 0.247, "risk": "Low", "heat_zone": 0, "color": "#2ecc71", "city": "Mangaluru"}}, {"type": "Feature", "geometry": {"type": "Point", "coordinates": [74.8089016508449, 12.90521762567955]}, "properties": {"lst": 30.21, "ndvi": -0.16, "ndbi": -0.263, "risk": "Low", "heat_zone": 0, "color": "#2ecc71", "city": "Mangaluru"}}, {"type": "Feature", "geometry": {"type": "Point", "coordinates": [74.82251557588914, 12.926084130184767]}, "properties": {"lst": 39.05, "ndvi": 0.141, "ndbi": 0.195, "risk": "Critical", "heat_zone": 3, "color": "#e74c3c", "city": "Mangaluru"}}, {"type": "Feature", "geometry": {"type": "Point", "coordinates": [74.91345921358571, 12.855470375656193]}, "properties": {"lst": 34.91, "ndvi": 0.707, "ndbi": -0.174, "risk": "Moderate", "heat_zone": 1, "color": "#f1c40f", "city": "Mangaluru"}}, {"type": "Feature", "geometry": {"type": "Point", "coordinates": [74.93648753669176, 12.91265006890051]}, "properties": {"lst": 37.9, "ndvi": 0.754, "ndbi": -0.273, "risk": "Moderate", "heat_zone": 1, "color": "#f1c40f", "city": "Mangaluru"}}, {"type": "Feature", "geometry": {"type": "Point", "coordinates": [74.93838040535938, 12.864848238520633]}, "properties": {"lst": 31.01, "ndvi": 0.075, "ndbi": -0.3, "risk": "Low", "heat_zone": 0, "color": "#2ecc71", "city": "Mangaluru"}}, {"type": "Feature", "geometry": {"type": "Point", "coordinates": [74.87452518542354, 12.869111872138786]}, "properties": {"lst": 36.12, "ndvi": 0.557, "ndbi": -0.094, "risk": "High", "heat_zone": 2, "color": "#e67e22", "city": "Mangaluru"}}, {"type": "Feature", "geometry": {"type": "Point", "coordinates": [74.88526960172607, 12.816776297851687]}, "properties": {"lst": 35.35, "ndvi": 0.593, "ndbi": -0.069, "risk": "High", "heat_zone": 2, "color": "#e67e22", "city": "Mangaluru"}}, {"type": "Feature", "geometry": {"type": "Point", "coordinates": [74.84558570715447, 12.824483947530895]}, "properties": {"lst": 34.53, "ndvi": 0.642, "ndbi": -0.322, "risk": "Moderate", "heat_zone": 1, "color": "#f1c40f", "city": "Mangaluru"}}, {"type": "Feature", "geometry": {"type": "Point", "coordinates": [74.86548638412322, 12.870452342540998]}, "properties": {"lst": 37.66, "ndvi": 0.478, "ndbi": -0.052, "risk": "High", "heat_zone": 2, "color": "#e67e22", "city": "Mangaluru"}}, {"type": "Feature", "geometry": {"type": "Point", "coordinates": [74.87721292802118, 12.90915933023008]}, "properties": {"lst": 34.74, "ndvi": 0.7, "ndbi": -0.217, "risk": "Moderate", "heat_zone": 1, "color": "#f1c40f", "city": "Mangaluru"}}, {"type": "Feature", "geometry": {"type": "Point", "coordinates": [74.89551359716546, 12.912025778160364]}, "properties": {"lst": 40.17, "ndvi": 0.53, "ndbi": -0.063, "risk": "High", "heat_zone": 2, "color": "#e67e22", "city": "Mangaluru"}}, {"type": "Feature", "geometry": {"type": "Point", "coordinates": [74.82722172936123, 12.88687944653558]}, "properties": {"lst": 35.56, "ndvi": 0.384, "ndbi": -0.05, "risk": "High", "heat_zone": 2, "color": "#e67e22", "city": "Mangaluru"}}, {"type": "Feature", "geometry": {"type": "Point", "coordinates": [74.84843185637496, 12.909136556443157]}, "properties": {"lst": 36.86, "ndvi": 0.344, "ndbi": 0.028, "risk": "Critical", "heat_zone": 3, "color": "#e74c3c", "city": "Mangaluru"}}, {"type": "Feature", "geometry": {"type": "Point", "coordinates": [74.81911289426124, 12.857045631447116]}, "properties": {"lst": 30.32, "ndvi": -0.232, "ndbi": -0.219, "risk": "Low", "heat_zone": 0, "color": "#2ecc71", "city": "Mangaluru"}}, {"type": "Feature", "geometry": {"type": "Point", "coordinates": [74.84960517569712, 12.944696307054386]}, "properties": {"lst": 34.52, "ndvi": 0.714, "ndbi": -0.221, "risk": "Moderate", "heat_zone": 1, "color": "#f1c40f", "city": "Mangaluru"}}, {"type": "Feature", "geometry": {"type": "Point", "coordinates": [74.80776888454406, 12.9275861597772]}, "properties": {"lst": 30.01, "ndvi": -0.193, "ndbi": -0.212, "risk": "Low", "heat_zone": 0, "color": "#2ecc71", "city": "Mangaluru"}}, {"type": "Feature", "geometry": {"type": "Point", "coordinates": [74.86345185510517, 12.835774454969606]}, "properties": {"lst": 31.38, "ndvi": 0.006, "ndbi": -0.254, "risk": "Low", "heat_zone": 0, "color": "#2ecc71", "city": "Mangaluru"}}, {"type": "Feature", "geometry": {"type": "Point", "coordinates": [74.89872861894244, 12.932390186914818]}, "properties": {"lst": 35.89, "ndvi": 0.532, "ndbi": -0.079, "risk": "High", "heat_zone": 2, "color": "#e67e22", "city": "Mangaluru"}}, {"type": "Feature", "geometry": {"type": "Point", "coordinates": [74.9219869194382, 12.808281204220858]}, "properties": {"lst": 34.21, "ndvi": 0.759, "ndbi": -0.267, "risk": "Moderate", "heat_zone": 1, "color": "#f1c40f", "city": "Mangaluru"}}, {"type": "Feature", "geometry": {"type": "Point", "coordinates": [74.843781783188, 12.941759470296262]}, "properties": {"lst": 36.41, "ndvi": 0.304, "ndbi": -0.156, "risk": "High", "heat_zone": 2, "color": "#e67e22", "city": "Mangaluru"}}, {"type": "Feature", "geometry": {"type": "Point", "coordinates": [74.84022188816824, 12.838567797611818]}, "properties": {"lst": 30.49, "ndvi": -0.244, "ndbi": -0.274, "risk": "Low", "heat_zone": 0, "color": "#2ecc71", "city": "Mangaluru"}}, {"type": "Feature", "geometry": {"type": "Point", "coordinates": [74.91247535922099, 12.841891033100213]}, "properties": {"lst": 35.53, "ndvi": 0.513, "ndbi": -0.007, "risk": "High", "heat_zone": 2, "color": "#e67e22", "city": "Mangaluru"}}, {"type": "Feature", "geometry": {"type": "Point", "coordinates": [74.88584129460183, 12.813991876132835]}, "properties": {"lst": 34.07, "ndvi": 0.678, "ndbi": -0.163, "risk": "Moderate", "heat_zone": 1, "color": "#f1c40f", "city": "Mangaluru"}}, {"type": "Feature", "geometry": {"type": "Point", "coordinates": [74.84534295948575, 12.899906777349706]}, "properties": {"lst": 37.87, "ndvi": 0.477, "ndbi": -0.033, "risk": "High", "heat_zone": 2, "color": "#e67e22", "city": "Mangaluru"}}, {"type": "Feature", "geometry": {"type": "Point", "coordinates": [74.94213820769487, 12.926354166935395]}, "properties": {"lst": 33.61, "ndvi": 0.844, "ndbi": -0.422, "risk": "Moderate", "heat_zone": 1, "color": "#f1c40f", "city": "Mangaluru"}}, {"type": "Feature", "geometry": {"type": "Point", "coordinates": [74.86607954319275, 12.810678389679442]}, "properties": {"lst": 33.96, "ndvi": 0.641, "ndbi": -0.195, "risk": "Moderate", "heat_zone": 1, "color": "#f1c40f", "city": "Mangaluru"}}, {"type": "Feature", "geometry": {"type": "Point", "coordinates": [74.94410052476186, 12.88406398476103]}, "properties": {"lst": 33.42, "ndvi": 0.824, "ndbi": -0.351, "risk": "Moderate", "heat_zone": 1, "color": "#f1c40f", "city": "Mangaluru"}}, {"type": "Feature", "geometry": {"type": "Point", "coordinates": [74.94781211717054, 12.875023602725118]}, "properties": {"lst": 36.42, "ndvi": 0.625, "ndbi": -0.065, "risk": "High", "heat_zone": 2, "color": "#e67e22", "city": "Mangaluru"}}, {"type": "Feature", "geometry": {"type": "Point", "coordinates": [74.91008325402838, 12.869500433695883]}, "properties": {"lst": 40.27, "ndvi": 0.337, "ndbi": 0.185, "risk": "Critical", "heat_zone": 3, "color": "#e74c3c", "city": "Mangaluru"}}, {"type": "Feature", "geometry": {"type": "Point", "coordinates": [74.82092120474388, 12.834148337723194]}, "properties": {"lst": 29.72, "ndvi": -0.249, "ndbi": -0.049, "risk": "Low", "heat_zone": 0, "color": "#2ecc71", "city": "Mangaluru"}}, {"type": "Feature", "geometry": {"type": "Point", "coordinates": [74.88502624515912, 12.81068025461168]}, "properties": {"lst": 38.3, "ndvi": 0.666, "ndbi": -0.217, "risk": "High", "heat_zone": 2, "color": "#e67e22", "city": "Mangaluru"}}, {"type": "Feature", "geometry": {"type": "Point", "coordinates": [74.924836217505, 12.85813064874741]}, "properties": {"lst": 32.61, "ndvi": 0.767, "ndbi": -0.258, "risk": "Moderate", "heat_zone": 1, "color": "#f1c40f", "city": "Mangaluru"}}, {"type": "Feature", "geometry": {"type": "Point", "coordinates": [74.93557498568683, 12.856418499167216]}, "properties": {"lst": 32.4, "ndvi": 0.791, "ndbi": -0.275, "risk": "Moderate", "heat_zone": 1, "color": "#f1c40f", "city": "Mangaluru"}}, {"type": "Feature", "geometry": {"type": "Point", "coordinates": [74.88781588420656, 12.82502712104098]}, "properties": {"lst": 35.86, "ndvi": 0.468, "ndbi": -0.004, "risk": "High", "heat_zone": 2, "color": "#e67e22", "city": "Mangaluru"}}, {"type": "Feature", "geometry": {"type": "Point", "coordinates": [74.86122664604119, 12.806761778363096]}, "properties": {"lst": 35.58, "ndvi": 0.462, "ndbi": -0.059, "risk": "High", "heat_zone": 2, "color": "#e67e22", "city": "Mangaluru"}}, {"type": "Feature", "geometry": {"type": "Point", "coordinates": [74.83670554667822, 12.929177430621234]}, "properties": {"lst": 34.51, "ndvi": 0.658, "ndbi": -0.172, "risk": "Moderate", "heat_zone": 1, "color": "#f1c40f", "city": "Mangaluru"}}, {"type": "Feature", "geometry": {"type": "Point", "coordinates": [74.87632858923389, 12.83336373639947]}, "properties": {"lst": 31.21, "ndvi": 0.116, "ndbi": -0.364, "risk": "Low", "heat_zone": 0, "color": "#2ecc71", "city": "Mangaluru"}}, {"type": "Feature", "geometry": {"type": "Point", "coordinates": [74.86974214615387, 12.89557756056852]}, "properties": {"lst": 36.88, "ndvi": 0.569, "ndbi": -0.125, "risk": "High", "heat_zone": 2, "color": "#e67e22", "city": "Mangaluru"}}, {"type": "Feature", "geometry": {"type": "Point", "coordinates": [74.92609663031155, 12.92607760839612]}, "properties": {"lst": 36.86, "ndvi": 0.573, "ndbi": -0.085, "risk": "High", "heat_zone": 2, "color": "#e67e22", "city": "Mangaluru"}}, {"type": "Feature", "geometry": {"type": "Point", "coordinates": [74.89766553805806, 12.89953040933022]}, "properties": {"lst": 35.76, "ndvi": 0.717, "ndbi": -0.291, "risk": "Moderate", "heat_zone": 1, "color": "#f1c40f", "city": "Mangaluru"}}, {"type": "Feature", "geometry": {"type": "Point", "coordinates": [74.82242088725212, 12.836469116927972]}, "properties": {"lst": 29.94, "ndvi": -0.247, "ndbi": -0.055, "risk": "Low", "heat_zone": 0, "color": "#2ecc71", "city": "Mangaluru"}}, {"type": "Feature", "geometry": {"type": "Point", "coordinates": [74.8141194821385, 12.88405717550977]}, "properties": {"lst": 30.27, "ndvi": -0.173, "ndbi": -0.229, "risk": "Low", "heat_zone": 0, "color": "#2ecc71", "city": "Mangaluru"}}, {"type": "Feature", "geometry": {"type": "Point", "coordinates": [74.81454372740464, 12.9489170196503]}, "properties": {"lst": 38.83, "ndvi": 0.495, "ndbi": -0.045, "risk": "High", "heat_zone": 2, "color": "#e67e22", "city": "Mangaluru"}}, {"type": "Feature", "geometry": {"type": "Point", "coordinates": [74.9332873300749, 12.815706926985204]}, "properties": {"lst": 41.97, "ndvi": 0.193, "ndbi": 0.114, "risk": "Critical", "heat_zone": 3, "color": "#e74c3c", "city": "Mangaluru"}}, {"type": "Feature", "geometry": {"type": "Point", "coordinates": [74.91683931493287, 12.850630780179946]}, "properties": {"lst": 35.27, "ndvi": 0.591, "ndbi": -0.108, "risk": "High", "heat_zone": 2, "color": "#e67e22", "city": "Mangaluru"}}, {"type": "Feature", "geometry": {"type": "Point", "coordinates": [74.91284726548612, 12.919431220582744]}, "properties": {"lst": 35.1, "ndvi": 0.796, "ndbi": -0.347, "risk": "Moderate", "heat_zone": 1, "color": "#f1c40f", "city": "Mangaluru"}}, {"type": "Feature", "geometry": {"type": "Point", "coordinates": [74.8365443823153, 12.82446540063069]}, "properties": {"lst": 39.46, "ndvi": 0.297, "ndbi": 0.082, "risk": "Critical", "heat_zone": 3, "color": "#e74c3c", "city": "Mangaluru"}}, {"type": "Feature", "geometry": {"type": "Point", "coordinates": [74.93114841469276, 12.940674483671415]}, "properties": {"lst": 36.45, "ndvi": 0.694, "ndbi": -0.204, "risk": "Moderate", "heat_zone": 1, "color": "#f1c40f", "city": "Mangaluru"}}, {"type": "Feature", "geometry": {"type": "Point", "coordinates": [74.91845790713873, 12.832985218594562]}, "properties": {"lst": 35.69, "ndvi": 0.571, "ndbi": -0.099, "risk": "High", "heat_zone": 2, "color": "#e67e22", "city": "Mangaluru"}}, {"type": "Feature", "geometry": {"type": "Point", "coordinates": [74.82570529239301, 12.938446670632333]}, "properties": {"lst": 33.9, "ndvi": 0.612, "ndbi": -0.11, "risk": "High", "heat_zone": 2, "color": "#e67e22", "city": "Mangaluru"}}, {"type": "Feature", "geometry": {"type": "Point", "coordinates": [74.87463420184316, 12.80079414345504]}, "properties": {"lst": 34.65, "ndvi": 0.812, "ndbi": -0.417, "risk": "Moderate", "heat_zone": 1, "color": "#f1c40f", "city": "Mangaluru"}}, {"type": "Feature", "geometry": {"type": "Point", "coordinates": [74.8679971023398, 12.933268061162536]}, "properties": {"lst": 33.73, "ndvi": 0.59, "ndbi": -0.102, "risk": "High", "heat_zone": 2, "color": "#e67e22", "city": "Mangaluru"}}, {"type": "Feature", "geometry": {"type": "Point", "coordinates": [74.86112429839082, 12.866607738161411]}, "properties": {"lst": 40.75, "ndvi": 0.318, "ndbi": 0.0, "risk": "Critical", "heat_zone": 3, "color": "#e74c3c", "city": "Mangaluru"}}, {"type": "Feature", "geometry": {"type": "Point", "coordinates": [74.89795145031694, 12.921423617654575]}, "properties": {"lst": 39.92, "ndvi": 0.275, "ndbi": 0.078, "risk": "Critical", "heat_zone": 3, "color": "#e74c3c", "city": "Mangaluru"}}, {"type": "Feature", "geometry": {"type": "Point", "coordinates": [74.86222485940027, 12.918533836046445]}, "properties": {"lst": 35.32, "ndvi": 0.418, "ndbi": -0.023, "risk": "High", "heat_zone": 2, "color": "#e67e22", "city": "Mangaluru"}}, {"type": "Feature", "geometry": {"type": "Point", "coordinates": [74.90073083828878, 12.840901102863263]}, "properties": {"lst": 33.52, "ndvi": 0.766, "ndbi": -0.258, "risk": "Moderate", "heat_zone": 1, "color": "#f1c40f", "city": "Mangaluru"}}, {"type": "Feature", "geometry": {"type": "Point", "coordinates": [74.83725868876834, 12.814558756601668]}, "properties": {"lst": 30.52, "ndvi": -0.19, "ndbi": -0.275, "risk": "Low", "heat_zone": 0, "color": "#2ecc71", "city": "Mangaluru"}}, {"type": "Feature", "geometry": {"type": "Point", "coordinates": [74.81781880321412, 12.897687691383338]}, "properties": {"lst": 32.38, "ndvi": 0.664, "ndbi": -0.209, "risk": "Moderate", "heat_zone": 1, "color": "#f1c40f", "city": "Mangaluru"}}, {"type": "Feature", "geometry": {"type": "Point", "coordinates": [74.8953124364858, 12.897628827820366]}, "properties": {"lst": 35.19, "ndvi": 0.635, "ndbi": -0.155, "risk": "High", "heat_zone": 2, "color": "#e67e22", "city": "Mangaluru"}}, {"type": "Feature", "geometry": {"type": "Point", "coordinates": [74.92524741654887, 12.925315587829546]}, "properties": {"lst": 37.78, "ndvi": 0.472, "ndbi": 0.013, "risk": "Critical", "heat_zone": 3, "color": "#e74c3c", "city": "Mangaluru"}}, {"type": "Feature", "geometry": {"type": "Point", "coordinates": [74.89272038466511, 12.948393584347976]}, "properties": {"lst": 35.01, "ndvi": 0.759, "ndbi": -0.395, "risk": "Moderate", "heat_zone": 1, "color": "#f1c40f", "city": "Mangaluru"}}, {"type": "Feature", "geometry": {"type": "Point", "coordinates": [74.87452415058517, 12.87031304030102]}, "properties": {"lst": 37.65, "ndvi": 0.263, "ndbi": 0.052, "risk": "Critical", "heat_zone": 3, "color": "#e74c3c", "city": "Mangaluru"}}, {"type": "Feature", "geometry": {"type": "Point", "coordinates": [74.8534679700445, 12.9353496720946]}, "properties": {"lst": 39.07, "ndvi": 0.374, "ndbi": 0.003, "risk": "Critical", "heat_zone": 3, "color": "#e74c3c", "city": "Mangaluru"}}, {"type": "Feature", "geometry": {"type": "Point", "coordinates": [74.94716532268414, 12.831329495278831]}, "properties": {"lst": 35.37, "ndvi": 0.674, "ndbi": -0.147, "risk": "High", "heat_zone": 2, "color": "#e67e22", "city": "Mangaluru"}}, {"type": "Feature", "geometry": {"type": "Point", "coordinates": [74.82034655432827, 12.892579176356897]}, "properties": {"lst": 32.41, "ndvi": 0.177, "ndbi": -0.153, "risk": "Low", "heat_zone": 0, "color": "#2ecc71", "city": "Mangaluru"}}, {"type": "Feature", "geometry": {"type": "Point", "coordinates": [74.90065143307048, 12.934571745910947]}, "properties": {"lst": 32.9, "ndvi": 0.786, "ndbi": -0.292, "risk": "Moderate", "heat_zone": 1, "color": "#f1c40f", "city": "Mangaluru"}}, {"type": "Feature", "geometry": {"type": "Point", "coordinates": [74.81139998135689, 12.823509669783324]}, "properties": {"lst": 29.38, "ndvi": -0.174, "ndbi": 0.028, "risk": "Low", "heat_zone": 0, "color": "#2ecc71", "city": "Mangaluru"}}, {"type": "Feature", "geometry": {"type": "Point", "coordinates": [74.85377055145815, 12.925743106502388]}, "properties": {"lst": 38.26, "ndvi": 0.324, "ndbi": 0.065, "risk": "Critical", "heat_zone": 3, "color": "#e74c3c", "city": "Mangaluru"}}, {"type": "Feature", "geometry": {"type": "Point", "coordinates": [74.85908643410926, 12.909284142054744]}, "properties": {"lst": 35.42, "ndvi": 0.605, "ndbi": -0.125, "risk": "High", "heat_zone": 2, "color": "#e67e22", "city": "Mangaluru"}}, {"type": "Feature", "geometry": {"type": "Point", "coordinates": [74.8098016849976, 12.909163837387464]}, "properties": {"lst": 31.44, "ndvi": -0.202, "ndbi": -0.298, "risk": "Low", "heat_zone": 0, "color": "#2ecc71", "city": "Mangaluru"}}, {"type": "Feature", "geometry": {"type": "Point", "coordinates": [74.80763746382601, 12.945197489529596]}, "properties": {"lst": 39.05, "ndvi": 0.219, "ndbi": 0.11, "risk": "Critical", "heat_zone": 3, "color": "#e74c3c", "city": "Mangaluru"}}, {"type": "Feature", "geometry": {"type": "Point", "coordinates": [74.94474298704434, 12.8016038899622]}, "properties": {"lst": 37.79, "ndvi": 0.495, "ndbi": 0.079, "risk": "Critical", "heat_zone": 3, "color": "#e74c3c", "city": "Mangaluru"}}, {"type": "Feature", "geometry": {"type": "Point", "coordinates": [74.86945039141263, 12.932056429264302]}, "properties": {"lst": 34.08, "ndvi": 0.636, "ndbi": -0.086, "risk": "High", "heat_zone": 2, "color": "#e67e22", "city": "Mangaluru"}}, {"type": "Feature", "geometry": {"type": "Point", "coordinates": [74.8596223626291, 12.853556660659128]}, "properties": {"lst": 38.18, "ndvi": 0.615, "ndbi": -0.153, "risk": "High", "heat_zone": 2, "color": "#e67e22", "city": "Mangaluru"}}, {"type": "Feature", "geometry": {"type": "Point", "coordinates": [74.82793830811296, 12.851581331979844]}, "properties": {"lst": 37.49, "ndvi": 0.41, "ndbi": -0.057, "risk": "High", "heat_zone": 2, "color": "#e67e22", "city": "Mangaluru"}}, {"type": "Feature", "geometry": {"type": "Point", "coordinates": [74.8673420542767, 12.844728756308648]}, "properties": {"lst": 38.81, "ndvi": 0.415, "ndbi": 0.003, "risk": "Critical", "heat_zone": 3, "color": "#e74c3c", "city": "Mangaluru"}}, {"type": "Feature", "geometry": {"type": "Point", "coordinates": [74.90199104324589, 12.8484656723464]}, "properties": {"lst": 33.96, "ndvi": 0.688, "ndbi": -0.178, "risk": "Moderate", "heat_zone": 1, "color": "#f1c40f", "city": "Mangaluru"}}, {"type": "Feature", "geometry": {"type": "Point", "coordinates": [74.92209333912083, 12.849989486075826]}, "properties": {"lst": 34.88, "ndvi": 0.589, "ndbi": -0.12, "risk": "High", "heat_zone": 2, "color": "#e67e22", "city": "Mangaluru"}}, {"type": "Feature", "geometry": {"type": "Point", "coordinates": [74.83251578857566, 12.939545676865324]}, "properties": {"lst": 34.08, "ndvi": 0.481, "ndbi": -0.124, "risk": "High", "heat_zone": 2, "color": "#e67e22", "city": "Mangaluru"}}, {"type": "Feature", "geometry": {"type": "Point", "coordinates": [74.92602037437283, 12.871077274878044]}, "properties": {"lst": 34.75, "ndvi": 0.716, "ndbi": -0.231, "risk": "Moderate", "heat_zone": 1, "color": "#f1c40f", "city": "Mangaluru"}}, {"type": "Feature", "geometry": {"type": "Point", "coordinates": [74.93763477120059, 12.803540745496443]}, "properties": {"lst": 34.54, "ndvi": 0.816, "ndbi": -0.339, "risk": "Moderate", "heat_zone": 1, "color": "#f1c40f", "city": "Mangaluru"}}, {"type": "Feature", "geometry": {"type": "Point", "coordinates": [74.88432236016682, 12.90278915423177]}, "properties": {"lst": 37.17, "ndvi": 0.604, "ndbi": -0.037, "risk": "High", "heat_zone": 2, "color": "#e67e22", "city": "Mangaluru"}}, {"type": "Feature", "geometry": {"type": "Point", "coordinates": [74.81278112410988, 12.852035968171428]}, "properties": {"lst": 29.48, "ndvi": -0.295, "ndbi": -0.09, "risk": "Low", "heat_zone": 0, "color": "#2ecc71", "city": "Mangaluru"}}, {"type": "Feature", "geometry": {"type": "Point", "coordinates": [74.90563468458792, 12.908408809818871]}, "properties": {"lst": 37.6, "ndvi": 0.659, "ndbi": -0.226, "risk": "High", "heat_zone": 2, "color": "#e67e22", "city": "Mangaluru"}}, {"type": "Feature", "geometry": {"type": "Point", "coordinates": [74.81480848020155, 12.817971705908056]}, "properties": {"lst": 29.65, "ndvi": -0.235, "ndbi": 0.047, "risk": "Low", "heat_zone": 0, "color": "#2ecc71", "city": "Mangaluru"}}, {"type": "Feature", "geometry": {"type": "Point", "coordinates": [74.89652534489835, 12.81147943561439]}, "properties": {"lst": 35.04, "ndvi": 0.486, "ndbi": -0.008, "risk": "High", "heat_zone": 2, "color": "#e67e22", "city": "Mangaluru"}}, {"type": "Feature", "geometry": {"type": "Point", "coordinates": [74.88443244414101, 12.850605203267255]}, "properties": {"lst": 35.56, "ndvi": 0.615, "ndbi": -0.137, "risk": "High", "heat_zone": 2, "color": "#e67e22", "city": "Mangaluru"}}, {"type": "Feature", "geometry": {"type": "Point", "coordinates": [74.88477577288508, 12.874356196139836]}, "properties": {"lst": 38.03, "ndvi": 0.541, "ndbi": -0.104, "risk": "High", "heat_zone": 2, "color": "#e67e22", "city": "Mangaluru"}}, {"type": "Feature", "geometry": {"type": "Point", "coordinates": [74.90329010518896, 12.810144666583405]}, "properties": {"lst": 33.27, "ndvi": 0.843, "ndbi": -0.44, "risk": "Moderate", "heat_zone": 1, "color": "#f1c40f", "city": "Mangaluru"}}, {"type": "Feature", "geometry": {"type": "Point", "coordinates": [74.93527002327535, 12.898000466342989]}, "properties": {"lst": 34.41, "ndvi": 0.783, "ndbi": -0.348, "risk": "Moderate", "heat_zone": 1, "color": "#f1c40f", "city": "Mangaluru"}}, {"type": "Feature", "geometry": {"type": "Point", "coordinates": [74.85209619656221, 12.866109361421488]}, "properties": {"lst": 38.87, "ndvi": 0.289, "ndbi": 0.058, "risk": "Critical", "heat_zone": 3, "color": "#e74c3c", "city": "Mangaluru"}}, {"type": "Feature", "geometry": {"type": "Point", "coordinates": [74.94815562626982, 12.91644038885804]}, "properties": {"lst": 32.37, "ndvi": 0.832, "ndbi": -0.429, "risk": "Moderate", "heat_zone": 1, "color": "#f1c40f", "city": "Mangaluru"}}, {"type": "Feature", "geometry": {"type": "Point", "coordinates": [74.86534118344889, 12.855630079714675]}, "properties": {"lst": 35.39, "ndvi": 0.484, "ndbi": -0.148, "risk": "High", "heat_zone": 2, "color": "#e67e22", "city": "Mangaluru"}}, {"type": "Feature", "geometry": {"type": "Point", "coordinates": [74.90446549569432, 12.895366238567377]}, "properties": {"lst": 36.29, "ndvi": 0.771, "ndbi": -0.333, "risk": "Moderate", "heat_zone": 1, "color": "#f1c40f", "city": "Mangaluru"}}, {"type": "Feature", "geometry": {"type": "Point", "coordinates": [74.85546293834345, 12.825144305975458]}, "properties": {"lst": 36.78, "ndvi": 0.37, "ndbi": -0.019, "risk": "Critical", "heat_zone": 3, "color": "#e74c3c", "city": "Mangaluru"}}, {"type": "Feature", "geometry": {"type": "Point", "coordinates": [74.80478154992653, 12.822611556184643]}, "properties": {"lst": 29.43, "ndvi": -0.165, "ndbi": 0.094, "risk": "Low", "heat_zone": 0, "color": "#2ecc71", "city": "Mangaluru"}}, {"type": "Feature", "geometry": {"type": "Point", "coordinates": [74.83736216151831, 12.91070316890512]}, "properties": {"lst": 38.79, "ndvi": 0.311, "ndbi": 0.119, "risk": "Critical", "heat_zone": 3, "color": "#e74c3c", "city": "Mangaluru"}}, {"type": "Feature", "geometry": {"type": "Point", "coordinates": [74.88883481504242, 12.81234044604677]}, "properties": {"lst": 34.45, "ndvi": 0.624, "ndbi": -0.117, "risk": "High", "heat_zone": 2, "color": "#e67e22", "city": "Mangaluru"}}, {"type": "Feature", "geometry": {"type": "Point", "coordinates": [74.90786962391067, 12.8782695900552]}, "properties": {"lst": 44.35, "ndvi": 0.369, "ndbi": 0.149, "risk": "Critical", "heat_zone": 3, "color": "#e74c3c", "city": "Mangaluru"}}, {"type": "Feature", "geometry": {"type": "Point", "coordinates": [74.81303230462278, 12.94812104692834]}, "properties": {"lst": 38.78, "ndvi": 0.297, "ndbi": 0.037, "risk": "Critical", "heat_zone": 3, "color": "#e74c3c", "city": "Mangaluru"}}, {"type": "Feature", "geometry": {"type": "Point", "coordinates": [74.81184424677046, 12.866253105185896]}, "properties": {"lst": 29.67, "ndvi": -0.238, "ndbi": -0.031, "risk": "Low", "heat_zone": 0, "color": "#2ecc71", "city": "Mangaluru"}}, {"type": "Feature", "geometry": {"type": "Point", "coordinates": [74.92993305067225, 12.908168092350683]}, "properties": {"lst": 36.44, "ndvi": 0.546, "ndbi": -0.015, "risk": "High", "heat_zone": 2, "color": "#e67e22", "city": "Mangaluru"}}, {"type": "Feature", "geometry": {"type": "Point", "coordinates": [74.8410074311023, 12.930503097960594]}, "properties": {"lst": 35.7, "ndvi": 0.479, "ndbi": -0.012, "risk": "High", "heat_zone": 2, "color": "#e67e22", "city": "Mangaluru"}}, {"type": "Feature", "geometry": {"type": "Point", "coordinates": [74.89349790940375, 12.876252036114344]}, "properties": {"lst": 35.13, "ndvi": 0.697, "ndbi": -0.209, "risk": "Moderate", "heat_zone": 1, "color": "#f1c40f", "city": "Mangaluru"}}, {"type": "Feature", "geometry": {"type": "Point", "coordinates": [74.83768798099977, 12.901379654450064]}, "properties": {"lst": 35.89, "ndvi": 0.503, "ndbi": -0.089, "risk": "High", "heat_zone": 2, "color": "#e67e22", "city": "Mangaluru"}}, {"type": "Feature", "geometry": {"type": "Point", "coordinates": [74.9016436694464, 12.822582955275092]}, "properties": {"lst": 33.1, "ndvi": 0.791, "ndbi": -0.336, "risk": "Moderate", "heat_zone": 1, "color": "#f1c40f", "city": "Mangaluru"}}, {"type": "Feature", "geometry": {"type": "Point", "coordinates": [74.89211327384317, 12.93585827093032]}, "properties": {"lst": 33.67, "ndvi": 0.76, "ndbi": -0.239, "risk": "Moderate", "heat_zone": 1, "color": "#f1c40f", "city": "Mangaluru"}}, {"type": "Feature", "geometry": {"type": "Point", "coordinates": [74.84389513003491, 12.92304919865262]}, "properties": {"lst": 38.99, "ndvi": 0.19, "ndbi": 0.126, "risk": "Critical", "heat_zone": 3, "color": "#e74c3c", "city": "Mangaluru"}}, {"type": "Feature", "geometry": {"type": "Point", "coordinates": [74.91360733595499, 12.807310884641058]}, "properties": {"lst": 38.87, "ndvi": 0.489, "ndbi": -0.044, "risk": "High", "heat_zone": 2, "color": "#e67e22", "city": "Mangaluru"}}, {"type": "Feature", "geometry": {"type": "Point", "coordinates": [74.84752005915229, 12.899779480980197]}, "properties": {"lst": 36.68, "ndvi": 0.284, "ndbi": 0.073, "risk": "Critical", "heat_zone": 3, "color": "#e74c3c", "city": "Mangaluru"}}, {"type": "Feature", "geometry": {"type": "Point", "coordinates": [74.94608600405263, 12.879609237484866]}, "properties": {"lst": 34.93, "ndvi": 0.828, "ndbi": -0.428, "risk": "Moderate", "heat_zone": 1, "color": "#f1c40f", "city": "Mangaluru"}}, {"type": "Feature", "geometry": {"type": "Point", "coordinates": [74.88387617556704, 12.861454811787782]}, "properties": {"lst": 35.33, "ndvi": 0.484, "ndbi": -0.092, "risk": "High", "heat_zone": 2, "color": "#e67e22", "city": "Mangaluru"}}, {"type": "Feature", "geometry": {"type": "Point", "coordinates": [74.90508713956697, 12.830691243882974]}, "properties": {"lst": 34.85, "ndvi": 0.771, "ndbi": -0.328, "risk": "Moderate", "heat_zone": 1, "color": "#f1c40f", "city": "Mangaluru"}}, {"type": "Feature", "geometry": {"type": "Point", "coordinates": [74.83240300457392, 12.803773353595858]}, "properties": {"lst": 29.96, "ndvi": -0.295, "ndbi": -0.13, "risk": "Low", "heat_zone": 0, "color": "#2ecc71", "city": "Mangaluru"}}, {"type": "Feature", "geometry": {"type": "Point", "coordinates": [74.8863363116327, 12.90442795033344]}, "properties": {"lst": 34.96, "ndvi": 0.692, "ndbi": -0.281, "risk": "Moderate", "heat_zone": 1, "color": "#f1c40f", "city": "Mangaluru"}}, {"type": "Feature", "geometry": {"type": "Point", "coordinates": [74.84844897404845, 12.814489457504752]}, "properties": {"lst": 36.66, "ndvi": 0.529, "ndbi": -0.134, "risk": "High", "heat_zone": 2, "color": "#e67e22", "city": "Mangaluru"}}, {"type": "Feature", "geometry": {"type": "Point", "coordinates": [74.89427076607724, 12.886691926753342]}, "properties": {"lst": 36.83, "ndvi": 0.621, "ndbi": -0.136, "risk": "High", "heat_zone": 2, "color": "#e67e22", "city": "Mangaluru"}}, {"type": "Feature", "geometry": {"type": "Point", "coordinates": [74.86375569969127, 12.923725427830348]}, "properties": {"lst": 38.5, "ndvi": 0.434, "ndbi": 0.024, "risk": "Critical", "heat_zone": 3, "color": "#e74c3c", "city": "Mangaluru"}}, {"type": "Feature", "geometry": {"type": "Point", "coordinates": [74.8180820918809, 12.917615581584853]}, "properties": {"lst": 35.81, "ndvi": 0.322, "ndbi": -0.008, "risk": "Critical", "heat_zone": 3, "color": "#e74c3c", "city": "Mangaluru"}}, {"type": "Feature", "geometry": {"type": "Point", "coordinates": [74.81242763452468, 12.80763216054168]}, "properties": {"lst": 29.65, "ndvi": -0.28, "ndbi": 0.103, "risk": "Low", "heat_zone": 0, "color": "#2ecc71", "city": "Mangaluru"}}, {"type": "Feature", "geometry": {"type": "Point", "coordinates": [74.94470724966156, 12.82703028326066]}, "properties": {"lst": 32.55, "ndvi": 0.846, "ndbi": -0.438, "risk": "Moderate", "heat_zone": 1, "color": "#f1c40f", "city": "Mangaluru"}}, {"type": "Feature", "geometry": {"type": "Point", "coordinates": [74.88709034158407, 12.883837038409965]}, "properties": {"lst": 36.8, "ndvi": 0.538, "ndbi": -0.065, "risk": "High", "heat_zone": 2, "color": "#e67e22", "city": "Mangaluru"}}, {"type": "Feature", "geometry": {"type": "Point", "coordinates": [74.89947971425515, 12.81026621918832]}, "properties": {"lst": 37.31, "ndvi": 0.458, "ndbi": -0.064, "risk": "High", "heat_zone": 2, "color": "#e67e22", "city": "Mangaluru"}}, {"type": "Feature", "geometry": {"type": "Point", "coordinates": [74.92063117899862, 12.883136861708428]}, "properties": {"lst": 33.6, "ndvi": 0.75, "ndbi": -0.31, "risk": "Moderate", "heat_zone": 1, "color": "#f1c40f", "city": "Mangaluru"}}, {"type": "Feature", "geometry": {"type": "Point", "coordinates": [74.85004853425052, 12.8422732345378]}, "properties": {"lst": 36.95, "ndvi": 0.458, "ndbi": -0.041, "risk": "High", "heat_zone": 2, "color": "#e67e22", "city": "Mangaluru"}}, {"type": "Feature", "geometry": {"type": "Point", "coordinates": [74.92100118753895, 12.85887733893316]}, "properties": {"lst": 34.44, "ndvi": 0.814, "ndbi": -0.406, "risk": "Moderate", "heat_zone": 1, "color": "#f1c40f", "city": "Mangaluru"}}, {"type": "Feature", "geometry": {"type": "Point", "coordinates": [74.90017700934762, 12.895565349627352]}, "properties": {"lst": 33.91, "ndvi": 0.757, "ndbi": -0.254, "risk": "Moderate", "heat_zone": 1, "color": "#f1c40f", "city": "Mangaluru"}}, {"type": "Feature", "geometry": {"type": "Point", "coordinates": [74.92441284385725, 12.838043764549615]}, "properties": {"lst": 39.71, "ndvi": 0.516, "ndbi": 0.06, "risk": "Critical", "heat_zone": 3, "color": "#e74c3c", "city": "Mangaluru"}}, {"type": "Feature", "geometry": {"type": "Point", "coordinates": [74.85846909922097, 12.842041665536998]}, "properties": {"lst": 32.06, "ndvi": 0.495, "ndbi": -0.228, "risk": "High", "heat_zone": 2, "color": "#e67e22", "city": "Mangaluru"}}, {"type": "Feature", "geometry": {"type": "Point", "coordinates": [74.94498110733569, 12.911383519550265]}, "properties": {"lst": 35.62, "ndvi": 0.662, "ndbi": -0.131, "risk": "High", "heat_zone": 2, "color": "#e67e22", "city": "Mangaluru"}}, {"type": "Feature", "geometry": {"type": "Point", "coordinates": [74.85659730323549, 12.842473889099669]}, "properties": {"lst": 32.43, "ndvi": 0.187, "ndbi": -0.18, "risk": "Low", "heat_zone": 0, "color": "#2ecc71", "city": "Mangaluru"}}, {"type": "Feature", "geometry": {"type": "Point", "coordinates": [74.86345070195073, 12.8608847935786]}, "properties": {"lst": 38.14, "ndvi": 0.467, "ndbi": -0.073, "risk": "High", "heat_zone": 2, "color": "#e67e22", "city": "Mangaluru"}}, {"type": "Feature", "geometry": {"type": "Point", "coordinates": [74.93955112278488, 12.91204381878322]}, "properties": {"lst": 37.36, "ndvi": 0.802, "ndbi": -0.413, "risk": "Moderate", "heat_zone": 1, "color": "#f1c40f", "city": "Mangaluru"}}, {"type": "Feature", "geometry": {"type": "Point", "coordinates": [74.81787032881562, 12.902362299785256]}, "properties": {"lst": 31.05, "ndvi": -0.064, "ndbi": -0.248, "risk": "Low", "heat_zone": 0, "color": "#2ecc71", "city": "Mangaluru"}}, {"type": "Feature", "geometry": {"type": "Point", "coordinates": [74.91684511535605, 12.91430116653648]}, "properties": {"lst": 37.3, "ndvi": 0.453, "ndbi": 0.06, "risk": "Critical", "heat_zone": 3, "color": "#e74c3c", "city": "Mangaluru"}}, {"type": "Feature", "geometry": {"type": "Point", "coordinates": [74.90558383029706, 12.93032431676845]}, "properties": {"lst": 36.76, "ndvi": 0.669, "ndbi": -0.117, "risk": "High", "heat_zone": 2, "color": "#e67e22", "city": "Mangaluru"}}, {"type": "Feature", "geometry": {"type": "Point", "coordinates": [74.91506079322164, 12.945513527152432]}, "properties": {"lst": 39.51, "ndvi": 0.63, "ndbi": -0.131, "risk": "High", "heat_zone": 2, "color": "#e67e22", "city": "Mangaluru"}}, {"type": "Feature", "geometry": {"type": "Point", "coordinates": [74.92767963490492, 12.849036991457965]}, "properties": {"lst": 34.31, "ndvi": 0.647, "ndbi": -0.117, "risk": "High", "heat_zone": 2, "color": "#e67e22", "city": "Mangaluru"}}, {"type": "Feature", "geometry": {"type": "Point", "coordinates": [74.91485360724639, 12.88292018015647]}, "properties": {"lst": 34.01, "ndvi": 0.705, "ndbi": -0.205, "risk": "Moderate", "heat_zone": 1, "color": "#f1c40f", "city": "Mangaluru"}}, {"type": "Feature", "geometry": {"type": "Point", "coordinates": [74.91750257781122, 12.817004686260512]}, "properties": {"lst": 33.09, "ndvi": 0.713, "ndbi": -0.177, "risk": "Moderate", "heat_zone": 1, "color": "#f1c40f", "city": "Mangaluru"}}, {"type": "Feature", "geometry": {"type": "Point", "coordinates": [74.93539300194328, 12.910989447000016]}, "properties": {"lst": 38.9, "ndvi": 0.782, "ndbi": -0.313, "risk": "Moderate", "heat_zone": 1, "color": "#f1c40f", "city": "Mangaluru"}}, {"type": "Feature", "geometry": {"type": "Point", "coordinates": [74.81873288596691, 12.835449602990478]}, "properties": {"lst": 29.69, "ndvi": -0.197, "ndbi": -0.027, "risk": "Low", "heat_zone": 0, "color": "#2ecc71", "city": "Mangaluru"}}, {"type": "Feature", "geometry": {"type": "Point", "coordinates": [74.8331585762485, 12.91803221848676]}, "properties": {"lst": 41.6, "ndvi": 0.133, "ndbi": 0.07, "risk": "Critical", "heat_zone": 3, "color": "#e74c3c", "city": "Mangaluru"}}, {"type": "Feature", "geometry": {"type": "Point", "coordinates": [74.9262911640014, 12.841631814021094]}, "properties": {"lst": 37.6, "ndvi": 0.611, "ndbi": -0.089, "risk": "High", "heat_zone": 2, "color": "#e67e22", "city": "Mangaluru"}}, {"type": "Feature", "geometry": {"type": "Point", "coordinates": [74.8348850282963, 12.80002985801714]}, "properties": {"lst": 29.91, "ndvi": -0.261, "ndbi": -0.18, "risk": "Low", "heat_zone": 0, "color": "#2ecc71", "city": "Mangaluru"}}, {"type": "Feature", "geometry": {"type": "Point", "coordinates": [74.9369729922946, 12.8646524266812]}, "properties": {"lst": 35.52, "ndvi": 0.001, "ndbi": -0.107, "risk": "Low", "heat_zone": 0, "color": "#2ecc71", "city": "Mangaluru"}}, {"type": "Feature", "geometry": {"type": "Point", "coordinates": [74.87509526030293, 12.833713010349918]}, "properties": {"lst": 31.39, "ndvi": 0.051, "ndbi": -0.325, "risk": "Low", "heat_zone": 0, "color": "#2ecc71", "city": "Mangaluru"}}, {"type": "Feature", "geometry": {"type": "Point", "coordinates": [74.85784305467027, 12.802719379791036]}, "properties": {"lst": 36.75, "ndvi": 0.506, "ndbi": -0.062, "risk": "High", "heat_zone": 2, "color": "#e67e22", "city": "Mangaluru"}}, {"type": "Feature", "geometry": {"type": "Point", "coordinates": [74.8866423882454, 12.863211951675558]}, "properties": {"lst": 35.99, "ndvi": 0.694, "ndbi": -0.255, "risk": "Moderate", "heat_zone": 1, "color": "#f1c40f", "city": "Mangaluru"}}, {"type": "Feature", "geometry": {"type": "Point", "coordinates": [74.93936061124799, 12.892064800129878]}, "properties": {"lst": 33.28, "ndvi": 0.831, "ndbi": -0.392, "risk": "Moderate", "heat_zone": 1, "color": "#f1c40f", "city": "Mangaluru"}}, {"type": "Feature", "geometry": {"type": "Point", "coordinates": [74.84979946194925, 12.894958153540738]}, "properties": {"lst": 35.98, "ndvi": 0.434, "ndbi": -0.011, "risk": "High", "heat_zone": 2, "color": "#e67e22", "city": "Mangaluru"}}, {"type": "Feature", "geometry": {"type": "Point", "coordinates": [74.8739304950688, 12.903283071161225]}, "properties": {"lst": 37.41, "ndvi": 0.329, "ndbi": 0.128, "risk": "Critical", "heat_zone": 3, "color": "#e74c3c", "city": "Mangaluru"}}, {"type": "Feature", "geometry": {"type": "Point", "coordinates": [74.92556630998439, 12.93827693149583]}, "properties": {"lst": 35.75, "ndvi": 0.674, "ndbi": -0.174, "risk": "High", "heat_zone": 2, "color": "#e67e22", "city": "Mangaluru"}}, {"type": "Feature", "geometry": {"type": "Point", "coordinates": [74.83115233487975, 12.841020097724437]}, "properties": {"lst": 32.14, "ndvi": -0.211, "ndbi": -0.275, "risk": "Low", "heat_zone": 0, "color": "#2ecc71", "city": "Mangaluru"}}, {"type": "Feature", "geometry": {"type": "Point", "coordinates": [74.93588726297679, 12.873532919085228]}, "properties": {"lst": 37.57, "ndvi": 0.547, "ndbi": 0.01, "risk": "High", "heat_zone": 2, "color": "#e67e22", "city": "Mangaluru"}}, {"type": "Feature", "geometry": {"type": "Point", "coordinates": [74.87478996104456, 12.831652827947575]}, "properties": {"lst": 33.25, "ndvi": 0.639, "ndbi": -0.377, "risk": "Moderate", "heat_zone": 1, "color": "#f1c40f", "city": "Mangaluru"}}]}