{"type": "FeatureCollection", "features": [{"type": "Feature", "geometry": {"type": "Point", "coordinates": [73.75508015250678, 18.506852782486536]}, "properties": {"lst": 34.39, "ndvi": 0.531, "ndbi": -0.077, "risk": "Moderate", "heat_zone": 1, "color": "#f1c40f", "city": "Pune"}}, {"type": "Feature", "geometry": {"type": "Point", "coordinates": [73.87154631547199, 18.572665972077125]}, "properties": {"lst": 34.76, "ndvi": 0.492, "ndbi": -0.06, "risk": "Moderate", "heat_zone": 1, "color": "#f1c40f", "city": "Pune"}}, {"type": "Feature", "geometry": {"type": "Point", "coordinates": [73.81477181777328, 18.50881113482825]}, "properties": {"lst": 31.05, "ndvi": 0.371, "ndbi": -0.094, "risk": "Moderate", "heat_zone": 1, "color": "#f1c40f", "city": "Pune"}}, {"type": "Feature", "geometry": {"type": "Point", "coordinates": [73.76809450083407, 18.535330717242942]}, "properties": {"lst": 33.92, "ndvi": 0.371, "ndbi": -0.02, "risk": "Moderate", "heat_zone": 1, "color": "#f1c40f", "city": "Pune"}}, {"type": "Feature", "geometry": {"type": "Point", "coordinates": [73.81435089620757, 18.563171731530907]}, "properties": {"lst": 31.63, "ndvi": 0.397, "ndbi": -0.108, "risk": "Moderate", "heat_zone": 1, "color": "#f1c40f", "city": "Pune"}}, {"type": "Feature", "geometry": {"type": "Point", "coordinates": [73.86532980056295, 18.466620136018484]}, "properties": {"lst": 31.64, "ndvi": 0.3, "ndbi": -0.041, "risk": "High", "heat_zone": 2, "color": "#e67e22", "city": "Pune"}}, {"type": "Feature", "geometry": {"type": "Point", "coordinates": [73.87979066648857, 18.58688173480232]}, "properties": {"lst": 30.51, "ndvi": 0.477, "ndbi": -0.006, "risk": "Moderate", "heat_zone": 1, "color": "#f1c40f", "city": "Pune"}}, {"type": "Feature", "geometry": {"type": "Point", "coordinates": [73.86234860475288, 18.571426065051877]}, "properties": {"lst": 33.79, "ndvi": 0.477, "ndbi": -0.067, "risk": "Moderate", "heat_zone": 1, "color": "#f1c40f", "city": "Pune"}}, {"type": "Feature", "geometry": {"type": "Point", "coordinates": [73.93674740980187, 18.58072288811072]}, "properties": {"lst": 34.08, "ndvi": 0.444, "ndbi": -0.077, "risk": "Moderate", "heat_zone": 1, "color": "#f1c40f", "city": "Pune"}}, {"type": "Feature", "geometry": {"type": "Point", "coordinates": [73.87240412748511, 18.574619060978552]}, "properties": {"lst": 32.7, "ndvi": 0.644, "ndbi": -0.264, "risk": "Low", "heat_zone": 0, "color": "#2ecc71", "city": "Pune"}}, {"type": "Feature", "geometry": {"type": "Point", "coordinates": [73.8386294861713, 18.56954369293868]}, "properties": {"lst": 33.44, "ndvi": 0.394, "ndbi": -0.079, "risk": "Moderate", "heat_zone": 1, "color": "#f1c40f", "city": "Pune"}}, {"type": "Feature", "geometry": {"type": "Point", "coordinates": [73.88617885086447, 18.564531734228645]}, "properties": {"lst": 33.52, "ndvi": 0.415, "ndbi": -0.008, "risk": "Moderate", "heat_zone": 1, "color": "#f1c40f", "city": "Pune"}}, {"type": "Feature", "geometry": {"type": "Point", "coordinates": [73.7906327553884, 18.53607198225138]}, "properties": {"lst": 30.49, "ndvi": 0.667, "ndbi": -0.253, "risk": "Low", "heat_zone": 0, "color": "#2ecc71", "city": "Pune"}}, {"type": "Feature", "geometry": {"type": "Point", "coordinates": [73.91696204038804, 18.466453123382536]}, "properties": {"lst": 32.94, "ndvi": 0.292, "ndbi": -0.061, "risk": "High", "heat_zone": 2, "color": "#e67e22", "city": "Pune"}}, {"type": "Feature", "geometry": {"type": "Point", "coordinates": [73.78814674184962, 18.5283364235696]}, "properties": {"lst": 27.81, "ndvi": 0.67, "ndbi": -0.221, "risk": "Low", "heat_zone": 0, "color": "#2ecc71", "city": "Pune"}}, {"type": "Feature", "geometry": {"type": "Point", "coordinates": [73.82601795641851, 18.56663810843306]}, "properties": {"lst": 30.97, "ndvi": 0.574, "ndbi": -0.167, "risk": "Low", "heat_zone": 0, "color": "#2ecc71", "city": "Pune"}}, {"type": "Feature", "geometry": {"type": "Point", "coordinates": [73.93911695163419, 18.50430440651121]}, "properties": {"lst": 33.41, "ndvi": 0.228, "ndbi": -0.004, "risk": "High", "heat_zone": 2, "color": "#e67e22", "city": "Pune"}}, {"type": "Feature", "geometry": {"type": "Point", "coordinates": [73.80557427089585, 18.59582353850534]}, "properties": {"lst": 33.74, "ndvi": 0.285, "ndbi": -0.017, "risk": "High", "heat_zone": 2, "color": "#e67e22", "city": "Pune"}}, {"type": "Feature", "geometry": {"type": "Point", "coordinates": [73.93965608389748, 18.597125680751944]}, "properties": {"lst": 36.22, "ndvi": 0.148, "ndbi": 0.029, "risk": "Critical", "heat_zone": 3, "color": "#e74c3c", "city": "Pune"}}, {"type": "Feature", "geometry": {"type": "Point", "coordinates": [73.83472948531909, 18.49975356234459]}, "properties": {"lst": 33.36, "ndvi": 0.29, "ndbi": 0.003, "risk": "High", "heat_zone": 2, "color": "#e67e22", "city": "Pune"}}, {"type": "Feature", "geometry": {"type": "Point", "coordinates": [73.88790906666085, 18.47752218361067]}, "properties": {"lst": 34.0, "ndvi": 0.453, "ndbi": -0.165, "risk": "Moderate", "heat_zone": 1, "color": "#f1c40f", "city": "Pune"}}, {"type": "Feature", "geometry": {"type": "Point", "coordinates": [73.92949081452726, 18.61934257351334]}, "properties": {"lst": 37.74, "ndvi": 0.214, "ndbi": 0.057, "risk": "Critical", "heat_zone": 3, "color": "#e74c3c", "city": "Pune"}}, {"type": "Feature", "geometry": {"type": "Point", "coordinates": [73.9171214689058, 18.45307063514738]}, "properties": {"lst": 33.04, "ndvi": 0.281, "ndbi": -0.015, "risk": "High", "heat_zone": 2, "color": "#e67e22", "city": "Pune"}}, {"type": "Feature", "geometry": {"type": "Point", "coordinates": [73.94672374693509, 18.59448684723279]}, "properties": {"lst": 37.51, "ndvi": 0.171, "ndbi": 0.046, "risk": "Critical", "heat_zone": 3, "color": "#e74c3c", "city": "Pune"}}, {"type": "Feature", "geometry": {"type": "Point", "coordinates": [73.77371988938272, 18.641855672587337]}, "properties": {"lst": 32.69, "ndvi": 0.285, "ndbi": -0.039, "risk": "High", "heat_zone": 2, "color": "#e67e22", "city": "Pune"}}, {"type": "Feature", "geometry": {"type": "Point", "coordinates": [73.93278330938473, 18.554692796841582]}, "properties": {"lst": 32.54, "ndvi": 0.257, "ndbi": -0.034, "risk": "High", "heat_zone": 2, "color": "#e67e22", "city": "Pune"}}, {"type": "Feature", "geometry": {"type": "Point", "coordinates": [73.89921261093393, 18.54734597454376]}, "properties": {"lst": 30.47, "ndvi": 0.456, "ndbi": -0.133, "risk": "Moderate", "heat_zone": 1, "color": "#f1c40f", "city": "Pune"}}, {"type": "Feature", "geometry": {"type": "Point", "coordinates": [73.76078311202252, 18.56136534014359]}, "properties": {"lst": 33.98, "ndvi": 0.31, "ndbi": 0.006, "risk": "High", "heat_zone": 2, "color": "#e67e22", "city": "Pune"}}, {"type": "Feature", "geometry": {"type": "Point", "coordinates": [73.94012260735347, 18.577269211720356]}, "properties": {"lst": 37.26, "ndvi": 0.272, "ndbi": 0.15, "risk": "Critical", "heat_zone": 3, "color": "#e74c3c", "city": "Pune"}}, {"type": "Feature", "geometry": {"type": "Point", "coordinates": [73.9461884211499, 18.598955246137205]}, "properties": {"lst": 39.23, "ndvi": 0.157, "ndbi": 0.014, "risk": "Critical", "heat_zone": 3, "color": "#e74c3c", "city": "Pune"}}, {"type": "Feature", "geometry": {"type": "Point", "coordinates": [73.84841366619857, 18.5083088038655]}, "properties": {"lst": 32.81, "ndvi": 0.354, "ndbi": -0.098, "risk": "Moderate", "heat_zone": 1, "color": "#f1c40f", "city": "Pune"}}, {"type": "Feature", "geometry": {"type": "Point", "coordinates": [73.90675610147834, 18.546704051451822]}, "properties": {"lst": 32.48, "ndvi": 0.319, "ndbi": 0.019, "risk": "High", "heat_zone": 2, "color": "#e67e22", "city": "Pune"}}, {"type": "Feature", "geometry": {"type": "Point", "coordinates": [73.77819852662488, 18.51211764907182]}, "properties": {"lst": 31.78, "ndvi": 0.364, "ndbi": -0.058, "risk": "Moderate", "heat_zone": 1, "color": "#f1c40f", "city": "Pune"}}, {"type": "Feature", "geometry": {"type": "Point", "coordinates": [73.9241387955015, 18.59085173664093]}, "properties": {"lst": 33.22, "ndvi": 0.519, "ndbi": -0.11, "risk": "Moderate", "heat_zone": 1, "color": "#f1c40f", "city": "Pune"}}, {"type": "Feature", "geometry": {"type": "Point", "coordinates": [73.92612725982062, 18.560445732399195]}, "properties": {"lst": 31.84, "ndvi": 0.325, "ndbi": -0.069, "risk": "High", "heat_zone": 2, "color": "#e67e22", "city": "Pune"}}, {"type": "Feature", "geometry": {"type": "Point", "coordinates": [73.78304368482385, 18.59409254816559]}, "properties": {"lst": 36.6, "ndvi": 0.201, "ndbi": 0.038, "risk": "Critical", "heat_zone": 3, "color": "#e74c3c", "city": "Pune"}}, {"type": "Feature", "geometry": {"type": "Point", "coordinates": [73.77967705291336, 18.586301013061966]}, "properties": {"lst": 34.51, "ndvi": 0.342, "ndbi": -0.041, "risk": "High", "heat_zone": 2, "color": "#e67e22", "city": "Pune"}}, {"type": "Feature", "geometry": {"type": "Point", "coordinates": [73.93443545546995, 18.498184091726284]}, "properties": {"lst": 34.32, "ndvi": 0.32, "ndbi": -0.061, "risk": "High", "heat_zone": 2, "color": "#e67e22", "city": "Pune"}}, {"type": "Feature", "geometry": {"type": "Point", "coordinates": [73.90673353488405, 18.629780082282984]}, "properties": {"lst": 35.5, "ndvi": 0.287, "ndbi": 0.009, "risk": "High", "heat_zone": 2, "color": "#e67e22", "city": "Pune"}}, {"type": "Feature", "geometry": {"type": "Point", "coordinates": [73.89623644791534, 18.62768980698663]}, "properties": {"lst": 38.84, "ndvi": 0.223, "ndbi": 0.14, "risk": "Critical", "heat_zone": 3, "color": "#e74c3c", "city": "Pune"}}, {"type": "Feature", "geometry": {"type": "Point", "coordinates": [73.91973022168838, 18.594250215822207]}, "properties": {"lst": 34.22, "ndvi": 0.492, "ndbi": -0.112, "risk": "Moderate", "heat_zone": 1, "color": "#f1c40f", "city": "Pune"}}, {"type": "Feature", "geometry": {"type": "Point", "coordinates": [73.885845252595, 18.451000989547808]}, "properties": {"lst": 35.3, "ndvi": 0.139, "ndbi": 0.029, "risk": "Critical", "heat_zone": 3, "color": "#e74c3c", "city": "Pune"}}, {"type": "Feature", "geometry": {"type": "Point", "coordinates": [73.76051494086293, 18.482829277643265]}, "properties": {"lst": 34.08, "ndvi": 0.34, "ndbi": 0.101, "risk": "High", "heat_zone": 2, "color": "#e67e22", "city": "Pune"}}, {"type": "Feature", "geometry": {"type": "Point", "coordinates": [73.83402936934992, 18.548347032217944]}, "properties": {"lst": 35.12, "ndvi": 0.325, "ndbi": 0.048, "risk": "High", "heat_zone": 2, "color": "#e67e22", "city": "Pune"}}, {"type": "Feature", "geometry": {"type": "Point", "coordinates": [73.79470958508055, 18.45815657875237]}, "properties": {"lst": 35.04, "ndvi": 0.195, "ndbi": 0.012, "risk": "Critical", "heat_zone": 3, "color": "#e74c3c", "city": "Pune"}}, {"type": "Feature", "geometry": {"type": "Point", "coordinates": [73.79866004767908, 18.52301032505872]}, "properties": {"lst": 31.99, "ndvi": 0.327, "ndbi": 0.101, "risk": "High", "heat_zone": 2, "color": "#e67e22", "city": "Pune"}}, {"type": "Feature", "geometry": {"type": "Point", "coordinates": [73.91451032672501, 18.533038222110264]}, "properties": {"lst": 32.11, "ndvi": 0.569, "ndbi": -0.18, "risk": "Low", "heat_zone": 0, "color": "#2ecc71", "city": "Pune"}}, {"type": "Feature", "geometry": {"type": "Point", "coordinates": [73.85772894068114, 18.565566762057674]}, "properties": {"lst": 38.47, "ndvi": 0.273, "ndbi": 0.063, "risk": "Critical", "heat_zone": 3, "color": "#e74c3c", "city": "Pune"}}, {"type": "Feature", "geometry": {"type": "Point", "coordinates": [73.84336682668635, 18.50392748018276]}, "properties": {"lst": 31.22, "ndvi": 0.399, "ndbi": -0.099, "risk": "Moderate", "heat_zone": 1, "color": "#f1c40f", "city": "Pune"}}, {"type": "Feature", "geometry": {"type": "Point", "coordinates": [73.82003974479196, 18.60998551075085]}, "properties": {"lst": 34.24, "ndvi": 0.273, "ndbi": -0.044, "risk": "High", "heat_zone": 2, "color": "#e67e22", "city": "Pune"}}, {"type": "Feature", "geometry": {"type": "Point", "coordinates": [73.79813729720375, 18.53343045212255]}, "properties": {"lst": 30.37, "ndvi": 0.413, "ndbi": -0.025, "risk": "Moderate", "heat_zone": 1, "color": "#f1c40f", "city": "Pune"}}, {"type": "Feature", "geometry": {"type": "Point", "coordinates": [73.93090490673005, 18.54218711099001]}, "properties": {"lst": 33.9, "ndvi": 0.238, "ndbi": -0.054, "risk": "High", "heat_zone": 2, "color": "#e67e22", "city": "Pune"}}, {"type": "Feature", "geometry": {"type": "Point", "coordinates": [73.91080589084152, 18.59006917826516]}, "properties": {"lst": 33.32, "ndvi": 0.268, "ndbi": -0.014, "risk": "High", "heat_zone": 2, "color": "#e67e22", "city": "Pune"}}, {"type": "Feature", "geometry": {"type": "Point", "coordinates": [73.94113593791089, 18.63149143397241]}, "properties": {"lst": 38.43, "ndvi": 0.241, "ndbi": 0.125, "risk": "Critical", "heat_zone": 3, "color": "#e74c3c", "city": "Pune"}}, {"type": "Feature", "geometry": {"type": "Point", "coordinates": [73.8302979356174, 18.60296486630485]}, "properties": {"lst": 36.44, "ndvi": 0.346, "ndbi": 0.03, "risk": "Critical", "heat_zone": 3, "color": "#e74c3c", "city": "Pune"}}, {"type": "Feature", "geometry": {"type": "Point", "coordinates": [73.92655921037665, 18.54594212542428]}, "properties": {"lst": 32.82, "ndvi": 0.237, "ndbi": -0.006, "risk": "High", "heat_zone": 2, "color": "#e67e22", "city": "Pune"}}, {"type": "Feature", "geometry": {"type": "Point", "coordinates": [73.89082542489517, 18.639500658772025]}, "properties": {"lst": 38.3, "ndvi": 0.26, "ndbi": 0.129, "risk": "Critical", "heat_zone": 3, "color": "#e74c3c", "city": "Pune"}}, {"type": "Feature", "geometry": {"type": "Point", "coordinates": [73.7839955261731, 18.532582503445436]}, "properties": {"lst": 26.46, "ndvi": 0.493, "ndbi": -0.432, "risk": "Low", "heat_zone": 0, "color": "#2ecc71", "city": "Pune"}}, {"type": "Feature", "geometry": {"type": "Point", "coordinates": [73.89845809678286, 18.59675076907372]}, "properties": {"lst": 35.43, "ndvi": 0.27, "ndbi": -0.029, "risk": "High", "heat_zone": 2, "color": "#e67e22", "city": "Pune"}}, {"type": "Feature", "geometry": {"type": "Point", "coordinates": [73.83417600725713, 18.605787445086705]}, "properties": {"lst": 29.71, "ndvi": 0.695, "ndbi": -0.238, "risk": "Low", "heat_zone": 0, "color": "#2ecc71", "city": "Pune"}}, {"type": "Feature", "geometry": {"type": "Point", "coordinates": [73.88574942910105, 18.57575517246259]}, "properties": {"lst": 33.34, "ndvi": 0.167, "ndbi": 0.037, "risk": "High", "heat_zone": 2, "color": "#e67e22", "city": "Pune"}}, {"type": "Feature", "geometry": {"type": "Point", "coordinates": [73.7713878392502, 18.45733251181589]}, "properties": {"lst": 31.63, "ndvi": 0.39, "ndbi": -0.1, "risk": "Moderate", "heat_zone": 1, "color": "#f1c40f", "city": "Pune"}}, {"type": "Feature", "geometry": {"type": "Point", "coordinates": [73.9099428790009, 18.60144777568881]}, "properties": {"lst": 34.19, "ndvi": 0.322, "ndbi": -0.041, "risk": "High", "heat_zone": 2, "color": "#e67e22", "city": "Pune"}}, {"type": "Feature", "geometry": {"type": "Point", "coordinates": [73.8963493388605, 18.57442534429951]}, "properties": {"lst": 34.35, "ndvi": 0.308, "ndbi": 0.112, "risk": "High", "heat_zone": 2, "color": "#e67e22", "city": "Pune"}}, {"type": "Feature", "geometry": {"type": "Point", "coordinates": [73.78277222823628, 18.476546693355367]}, "properties": {"lst": 36.7, "ndvi": 0.258, "ndbi": 0.145, "risk": "Critical", "heat_zone": 3, "color": "#e74c3c", "city": "Pune"}}, {"type": "Feature", "geometry": {"type": "Point", "coordinates": [73.84649238831871, 18.49709982809909]}, "properties": {"lst": 33.31, "ndvi": 0.38, "ndbi": -0.027, "risk": "Moderate", "heat_zone": 1, "color": "#f1c40f", "city": "Pune"}}, {"type": "Feature", "geometry": {"type": "Point", "coordinates": [73.7965601786052, 18.51361289355087]}, "properties": {"lst": 34.88, "ndvi": 0.366, "ndbi": 0.037, "risk": "High", "heat_zone": 2, "color": "#e67e22", "city": "Pune"}}, {"type": "Feature", "geometry": {"type": "Point", "coordinates": [73.80699345612985, 18.487298300968867]}, "properties": {"lst": 34.23, "ndvi": 0.233, "ndbi": 0.004, "risk": "High", "heat_zone": 2, "color": "#e67e22", "city": "Pune"}}, {"type": "Feature", "geometry": {"type": "Point", "coordinates": [73.83345593114854, 18.523750572739985]}, "properties": {"lst": 35.93, "ndvi": 0.278, "ndbi": 0.088, "risk": "Critical", "heat_zone": 3, "color": "#e74c3c", "city": "Pune"}}, {"type": "Feature", "geometry": {"type": "Point", "coordinates": [73.94854665507248, 18.488489895004854]}, "properties": {"lst": 35.22, "ndvi": 0.128, "ndbi": 0.057, "risk": "Critical", "heat_zone": 3, "color": "#e74c3c", "city": "Pune"}}, {"type": "Feature", "geometry": {"type": "Point", "coordinates": [73.85340479824961, 18.55196868276372]}, "properties": {"lst": 33.57, "ndvi": 0.562, "ndbi": -0.13, "risk": "Low", "heat_zone": 0, "color": "#2ecc71", "city": "Pune"}}, {"type": "Feature", "geometry": {"type": "Point", "coordinates": [73.90364532038377, 18.504904428370804]}, "properties": {"lst": 31.12, "ndvi": 0.443, "ndbi": -0.119, "risk": "Moderate", "heat_zone": 1, "color": "#f1c40f", "city": "Pune"}}, {"type": "Feature", "geometry": {"type": "Point", "coordinates": [73.91670230352112, 18.628009199665616]}, "properties": {"lst": 33.77, "ndvi": 0.255, "ndbi": 0.104, "risk": "High", "heat_zone": 2, "color": "#e67e22", "city": "Pune"}}, {"type": "Feature", "geometry": {"type": "Point", "coordinates": [73.89850028922015, 18.47770863029648]}, "properties": {"lst": 31.26, "ndvi": 0.417, "ndbi": -0.119, "risk": "Moderate", "heat_zone": 1, "color": "#f1c40f", "city": "Pune"}}, {"type": "Feature", "geometry": {"type": "Point", "coordinates": [73.93330050462828, 18.526192295682137]}, "properties": {"lst": 34.48, "ndvi": 0.283, "ndbi": -0.045, "risk": "High", "heat_zone": 2, "color": "#e67e22", "city": "Pune"}}, {"type": "Feature", "geometry": {"type": "Point", "coordinates": [73.7701928837499, 18.510059705083417]}, "properties": {"lst": 34.42, "ndvi": 0.328, "ndbi": 0.043, "risk": "High", "heat_zone": 2, "color": "#e67e22", "city": "Pune"}}, {"type": "Feature", "geometry": {"type": "Point", "coordinates": [73.89523941455158, 18.60786862108449]}, "properties": {"lst": 40.44, "ndvi": 0.257, "ndbi": 0.081, "risk": "Critical", "heat_zone": 3, "color": "#e74c3c", "city": "Pune"}}, {"type": "Feature", "geometry": {"type": "Point", "coordinates": [73.75566000424276, 18.637223827095184]}, "properties": {"lst": 32.9, "ndvi": 0.528, "ndbi": -0.186, "risk": "Low", "heat_zone": 0, "color": "#2ecc71", "city": "Pune"}}, {"type": "Feature", "geometry": {"type": "Point", "coordinates": [73.93714673202874, 18.496389175302124]}, "properties": {"lst": 34.05, "ndvi": 0.394, "ndbi": 0.017, "risk": "Moderate", "heat_zone": 1, "color": "#f1c40f", "city": "Pune"}}, {"type": "Feature", "geometry": {"type": "Point", "coordinates": [73.8203302584736, 18.56180490631455]}, "properties": {"lst": 32.52, "ndvi": 0.245, "ndbi": 0.026, "risk": "High", "heat_zone": 2, "color": "#e67e22", "city": "Pune"}}, {"type": "Feature", "geometry": {"type": "Point", "coordinates": [73.946600493336, 18.466601428049177]}, "properties": {"lst": 39.55, "ndvi": 0.176, "ndbi": 0.099, "risk": "Critical", "heat_zone": 3, "color": "#e74c3c", "city": "Pune"}}, {"type": "Feature", "geometry": {"type": "Point", "coordinates": [73.88114263953324, 18.62737779902657]}, "properties": {"lst": 35.03, "ndvi": 0.346, "ndbi": 0.069, "risk": "High", "heat_zone": 2, "color": "#e67e22", "city": "Pune"}}, {"type": "Feature", "geometry": {"type": "Point", "coordinates": [73.89710804244775, 18.47080865105596]}, "properties": {"lst": 32.58, "ndvi": 0.324, "ndbi": -0.061, "risk": "High", "heat_zone": 2, "color": "#e67e22", "city": "Pune"}}, {"type": "Feature", "geometry": {"type": "Point", "coordinates": [73.86012373276247, 18.53242775610304]}, "properties": {"lst": 34.05, "ndvi": 0.331, "ndbi": 0.029, "risk": "High", "heat_zone": 2, "color": "#e67e22", "city": "Pune"}}, {"type": "Feature", "geometry": {"type": "Point", "coordinates": [73.8066949845191, 18.61819083823969]}, "properties": {"lst": 32.8, "ndvi": 0.484, "ndbi": -0.116, "risk": "Moderate", "heat_zone": 1, "color": "#f1c40f", "city": "Pune"}}, {"type": "Feature", "geometry": {"type": "Point", "coordinates": [73.88669925697464, 18.48549613684799]}, "properties": {"lst": 31.67, "ndvi": 0.547, "ndbi": -0.157, "risk": "Low", "heat_zone": 0, "color": "#2ecc71", "city": "Pune"}}, {"type": "Feature", "geometry": {"type": "Point", "coordinates": [73.78675261546442, 18.616219297309986]}, "properties": {"lst": 34.95, "ndvi": 0.281, "ndbi": -0.088, "risk": "High", "heat_zone": 2, "color": "#e67e22", "city": "Pune"}}, {"type": "Feature", "geometry": {"type": "Point", "coordinates": [73.77780444050181, 18.621798853431745]}, "properties": {"lst": 33.47, "ndvi": 0.525, "ndbi": -0.153, "risk": "Low", "heat_zone": 0, "color": "#2ecc71", "city": "Pune"}}, {"type": "Feature", "geometry": {"type": "Point", "coordinates": [73.79101664977195, 18.500718614116263]}, "properties": {"lst": 36.08, "ndvi": 0.251, "ndbi": -0.031, "risk": "Critical", "heat_zone": 3, "color": "#e74c3c", "city": "Pune"}}, {"type": "Feature", "geometry": {"type": "Point", "coordinates": [73.93028460030047, 18.64482613381734]}, "properties": {"lst": 37.12, "ndvi": 0.183, "ndbi": 0.077, "risk": "Critical", "heat_zone": 3, "color": "#e74c3c", "city": "Pune"}}, {"type": "Feature", "geometry": {"type": "Point", "coordinates": [73.80701396663854, 18.571435794933787]}, "properties": {"lst": 35.03, "ndvi": 0.415, "ndbi": -0.013, "risk": "Moderate", "heat_zone": 1, "color": "#f1c40f", "city": "Pune"}}, {"type": "Feature", "geometry": {"type": "Point", "coordinates": [73.89835862513462, 18.5034042140506]}, "properties": {"lst": 31.52, "ndvi": 0.352, "ndbi": 0.037, "risk": "High", "heat_zone": 2, "color": "#e67e22", "city": "Pune"}}, {"type": "Feature", "geometry": {"type": "Point", "coordinates": [73.8764501215725, 18.46142703649346]}, "properties": {"lst": 36.08, "ndvi": 0.185, "ndbi": 0.034, "risk": "Critical", "heat_zone": 3, "color": "#e74c3c", "city": "Pune"}}, {"type": "Feature", "geometry": {"type": "Point", "coordinates": [73.94185029562952, 18.51769902301438]}, "properties": {"lst": 32.64, "ndvi": 0.314, "ndbi": -0.087, "risk": "High", "heat_zone": 2, "color": "#e67e22", "city": "Pune"}}, {"type": "Feature", "geometry": {"type": "Point", "coordinates": [73.75682937726661, 18.620609555890614]}, "properties": {"lst": 35.18, "ndvi": 0.218, "ndbi": 0.022, "risk": "Critical", "heat_zone": 3, "color": "#e74c3c", "city": "Pune"}}, {"type": "Feature", "geometry": {"type": "Point", "coordinates": [73.87310988760622, 18.48489453393114]}, "properties": {"lst": 32.66, "ndvi": 0.313, "ndbi": -0.072, "risk": "High", "heat_zone": 2, "color": "#e67e22", "city": "Pune"}}, {"type": "Feature", "geometry": {"type": "Point", "coordinates": [73.78716923613148, 18.64003693488335]}, "properties": {"lst": 31.14, "ndvi": 0.613, "ndbi": -0.201, "risk": "Low", "heat_zone": 0, "color": "#2ecc71", "city": "Pune"}}, {"type": "Feature", "geometry": {"type": "Point", "coordinates": [73.93904560429772, 18.54953395778664]}, "properties": {"lst": 40.16, "ndvi": 0.133, "ndbi": 0.077, "risk": "Critical", "heat_zone": 3, "color": "#e74c3c", "city": "Pune"}}, {"type": "Feature", "geometry": {"type": "Point", "coordinates": [73.83878101041196, 18.5008795592]}, "properties": {"lst": 33.5, "ndvi": 0.278, "ndbi": -0.019, "risk": "High", "heat_zone": 2, "color": "#e67e22", "city": "Pune"}}, {"type": "Feature", "geometry": {"type": "Point", "coordinates": [73.8141384600269, 18.535238976771584]}, "properties": {"lst": 32.44, "ndvi": 0.435, "ndbi": -0.021, "risk": "Moderate", "heat_zone": 1, "color": "#f1c40f", "city": "Pune"}}, {"type": "Feature", "geometry": {"type": "Point", "coordinates": [73.90689383293594, 18.56020276452792]}, "properties": {"lst": 36.93, "ndvi": 0.13, "ndbi": 0.048, "risk": "Critical", "heat_zone": 3, "color": "#e74c3c", "city": "Pune"}}, {"type": "Feature", "geometry": {"type": "Point", "coordinates": [73.89415341824161, 18.54835096688363]}, "properties": {"lst": 33.09, "ndvi": 0.48, "ndbi": -0.111, "risk": "Moderate", "heat_zone": 1, "color": "#f1c40f", "city": "Pune"}}, {"type": "Feature", "geometry": {"type": "Point", "coordinates": [73.83985119397072, 18.62770757219876]}, "properties": {"lst": 35.98, "ndvi": 0.569, "ndbi": -0.225, "risk": "Low", "heat_zone": 0, "color": "#2ecc71", "city": "Pune"}}, {"type": "Feature", "geometry": {"type": "Point", "coordinates": [73.93749824470886, 18.5332854666378]}, "properties": {"lst": 33.4, "ndvi": 0.149, "ndbi": 0.036, "risk": "High", "heat_zone": 2, "color": "#e67e22", "city": "Pune"}}, {"type": "Feature", "geometry": {"type": "Point", "coordinates": [73.82456397831454, 18.577237122618364]}, "properties": {"lst": 36.5, "ndvi": 0.209, "ndbi": 0.075, "risk": "Critical", "heat_zone": 3, "color": "#e74c3c", "city": "Pune"}}, {"type": "Feature", "geometry": {"type": "Point", "coordinates": [73.78698862841296, 18.587982798759068]}, "properties": {"lst": 34.65, "ndvi": 0.35, "ndbi": -0.031, "risk": "High", "heat_zone": 2, "color": "#e67e22", "city": "Pune"}}, {"type": "Feature", "geometry": {"type": "Point", "coordinates": [73.77172912479084, 18.49150698300078]}, "properties": {"lst": 32.26, "ndvi": 0.444, "ndbi": 0.05, "risk": "Moderate", "heat_zone": 1, "color": "#f1c40f", "city": "Pune"}}, {"type": "Feature", "geometry": {"type": "Point", "coordinates": [73.83305229020915, 18.62351864904239]}, "properties": {"lst": 37.44, "ndvi": 0.192, "ndbi": 0.067, "risk": "Critical", "heat_zone": 3, "color": "#e74c3c", "city": "Pune"}}, {"type": "Feature", "geometry": {"type": "Point", "coordinates": [73.78601623276141, 18.556630586328005]}, "properties": {"lst": 34.51, "ndvi": 0.198, "ndbi": 0.034, "risk": "High", "heat_zone": 2, "color": "#e67e22", "city": "Pune"}}, {"type": "Feature", "geometry": {"type": "Point", "coordinates": [73.92297972566638, 18.612471565208565]}, "properties": {"lst": 39.58, "ndvi": 0.2, "ndbi": 0.019, "risk": "Critical", "heat_zone": 3, "color": "#e74c3c", "city": "Pune"}}, {"type": "Feature", "geometry": {"type": "Point", "coordinates": [73.76587740224362, 18.64688274141669]}, "properties": {"lst": 32.71, "ndvi": 0.487, "ndbi": -0.168, "risk": "Moderate", "heat_zone": 1, "color": "#f1c40f", "city": "Pune"}}, {"type": "Feature", "geometry": {"type": "Point", "coordinates": [73.8589306117087, 18.490371577584472]}, "properties": {"lst": 32.11, "ndvi": 0.21, "ndbi": -0.005, "risk": "High", "heat_zone": 2, "color": "#e67e22", "city": "Pune"}}, {"type": "Feature", "geometry": {"type": "Point", "coordinates": [73.82889597778306, 18.638618726946152]}, "properties": {"lst": 37.32, "ndvi": 0.255, "ndbi": -0.043, "risk": "Critical", "heat_zone": 3, "color": "#e74c3c", "city": "Pune"}}, {"type": "Feature", "geometry": {"type": "Point", "coordinates": [73.90032532440658, 18.58544181556813]}, "properties": {"lst": 37.87, "ndvi": 0.214, "ndbi": 0.127, "risk": "Critical", "heat_zone": 3, "color": "#e74c3c", "city": "Pune"}}, {"type": "Feature", "geometry": {"type": "Point", "coordinates": [73.90015447108354, 18.49467419789]}, "properties": {"lst": 31.55, "ndvi": 0.239, "ndbi": -0.001, "risk": "High", "heat_zone": 2, "color": "#e67e22", "city": "Pune"}}, {"type": "Feature", "geometry": {"type": "Point", "coordinates": [73.76115768526319, 18.54011639437808]}, "properties": {"lst": 35.3, "ndvi": 0.392, "ndbi": 0.038, "risk": "Moderate", "heat_zone": 1, "color": "#f1c40f", "city": "Pune"}}, {"type": "Feature", "geometry": {"type": "Point", "coordinates": [73.82197557498641, 18.49267361410923]}, "properties": {"lst": 31.98, "ndvi": 0.358, "ndbi": -0.008, "risk": "High", "heat_zone": 2, "color": "#e67e22", "city": "Pune"}}, {"type": "Feature", "geometry": {"type": "Point", "coordinates": [73.75470651413096, 18.458712988575822]}, "properties": {"lst": 32.69, "ndvi": 0.232, "ndbi": 0.123, "risk": "High", "heat_zone": 2, "color": "#e67e22", "city": "Pune"}}, {"type": "Feature", "geometry": {"type": "Point", "coordinates": [73.90949650793593, 18.45591704838189]}, "properties": {"lst": 34.76, "ndvi": 0.355, "ndbi": -0.058, "risk": "Moderate", "heat_zone": 1, "color": "#f1c40f", "city": "Pune"}}, {"type": "Feature", "geometry": {"type": "Point", "coordinates": [73.84424368325398, 18.62401224666431]}, "properties": {"lst": 38.37, "ndvi": 0.172, "ndbi": 0.077, "risk": "Critical", "heat_zone": 3, "color": "#e74c3c", "city": "Pune"}}, {"type": "Feature", "geometry": {"type": "Point", "coordinates": [73.79843832018454, 18.625327630959035]}, "properties": {"lst": 36.04, "ndvi": 0.19, "ndbi": 0.056, "risk": "Critical", "heat_zone": 3, "color": "#e74c3c", "city": "Pune"}}, {"type": "Feature", "geometry": {"type": "Point", "coordinates": [73.94825685878816, 18.54933202893072]}, "properties": {"lst": 33.37, "ndvi": 0.144, "ndbi": -0.05, "risk": "High", "heat_zone": 2, "color": "#e67e22", "city": "Pune"}}, {"type": "Feature", "geometry": {"type": "Point", "coordinates": [73.9034506457617, 18.632435029723524]}, "properties": {"lst": 37.23, "ndvi": 0.441, "ndbi": -0.095, "risk": "Moderate", "heat_zone": 1, "color": "#f1c40f", "city": "Pune"}}, {"type": "Feature", "geometry": {"type": "Point", "coordinates": [73.89400145630724, 18.568251973759978]}, "properties": {"lst": 34.17, "ndvi": 0.35, "ndbi": 0.038, "risk": "High", "heat_zone": 2, "color": "#e67e22", "city": "Pune"}}, {"type": "Feature", "geometry": {"type": "Point", "coordinates": [73.78589770124152, 18.57543472089533]}, "properties": {"lst": 32.69, "ndvi": 0.485, "ndbi": -0.114, "risk": "Moderate", "heat_zone": 1, "color": "#f1c40f", "city": "Pune"}}, {"type": "Feature", "geometry": {"type": "Point", "coordinates": [73.76371763026928, 18.56575932626624]}, "properties": {"lst": 34.65, "ndvi": 0.294, "ndbi": 0.025, "risk": "High", "heat_zone": 2, "color": "#e67e22", "city": "Pune"}}, {"type": "Feature", "geometry": {"type": "Point", "coordinates": [73.85316504534191, 18.563676589803357]}, "properties": {"lst": 34.88, "ndvi": 0.294, "ndbi": 0.011, "risk": "High", "heat_zone": 2, "color": "#e67e22", "city": "Pune"}}, {"type": "Feature", "geometry": {"type": "Point", "coordinates": [73.7679914955491, 18.63283203643605]}, "properties": {"lst": 34.24, "ndvi": 0.218, "ndbi": 0.01, "risk": "High", "heat_zone": 2, "color": "#e67e22", "city": "Pune"}}, {"type": "Feature", "geometry": {"type": "Point", "coordinates": [73.94113525238731, 18.49274387960133]}, "properties": {"lst": 39.13, "ndvi": 0.186, "ndbi": 0.076, "risk": "Critical", "heat_zone": 3, "color": "#e74c3c", "city": "Pune"}}, {"type": "Feature", "geometry": {"type": "Point", "coordinates": [73.917746720936, 18.63575002085705]}, "properties": {"lst": 35.32, "ndvi": 0.442, "ndbi": -0.075, "risk": "Moderate", "heat_zone": 1, "color": "#f1c40f", "city": "Pune"}}, {"type": "Feature", "geometry": {"type": "Point", "coordinates": [73.76398093391198, 18.5737017126683]}, "properties": {"lst": 37.51, "ndvi": 0.202, "ndbi": -0.022, "risk": "Critical", "heat_zone": 3, "color": "#e74c3c", "city": "Pune"}}, {"type": "Feature", "geometry": {"type": "Point", "coordinates": [73.93510735800162, 18.552292816320392]}, "properties": {"lst": 35.03, "ndvi": 0.157, "ndbi": 0.053, "risk": "Critical", "heat_zone": 3, "color": "#e74c3c", "city": "Pune"}}, {"type": "Feature", "geometry": {"type": "Point", "coordinates": [73.75412836613343, 18.45108435934747]}, "properties": {"lst": 31.4, "ndvi": 0.442, "ndbi": -0.009, "risk": "Moderate", "heat_zone": 1, "color": "#f1c40f", "city": "Pune"}}, {"type": "Feature", "geometry": {"type": "Point", "coordinates": [73.83699766873511, 18.51484335385292]}, "properties": {"lst": 30.29, "ndvi": 0.378, "ndbi": -0.134, "risk": "Moderate", "heat_zone": 1, "color": "#f1c40f", "city": "Pune"}}, {"type": "Feature", "geometry": {"type": "Point", "coordinates": [73.89069736969678, 18.53617564439053]}, "properties": {"lst": 28.55, "ndvi": 0.687, "ndbi": -0.264, "risk": "Low", "heat_zone": 0, "color": "#2ecc71", "city": "Pune"}}, {"type": "Feature", "geometry": {"type": "Point", "coordinates": [73.89080959310975, 18.537787819924223]}, "properties": {"lst": 29.27, "ndvi": 0.404, "ndbi": -0.084, "risk": "Moderate", "heat_zone": 1, "color": "#f1c40f", "city": "Pune"}}, {"type": "Feature", "geometry": {"type": "Point", "coordinates": [73.86406638909322, 18.511004213464453]}, "properties": {"lst": 34.18, "ndvi": 0.218, "ndbi": 0.004, "risk": "High", "heat_zone": 2, "color": "#e67e22", "city": "Pune"}}, {"type": "Feature", "geometry": {"type": "Point", "coordinates": [73.87938296134361, 18.4740585339616]}, "properties": {"lst": 35.47, "ndvi": 0.166, "ndbi": 0.029, "risk": "Critical", "heat_zone": 3, "color": "#e74c3c", "city": "Pune"}}, {"type": "Feature", "geometry": {"type": "Point", "coordinates": [73.85591402170185, 18.597757513063765]}, "properties": {"lst": 35.07, "ndvi": 0.293, "ndbi": 0.138, "risk": "Critical", "heat_zone": 3, "color": "#e74c3c", "city": "Pune"}}, {"type": "Feature", "geometry": {"type": "Point", "coordinates": [73.91979654740535, 18.585635122486178]}, "properties": {"lst": 38.35, "ndvi": 0.109, "ndbi": 0.088, "risk": "Critical", "heat_zone": 3, "color": "#e74c3c", "city": "Pune"}}, {"type": "Feature", "geometry": {"type": "Point", "coordinates": [73.77950261151155, 18.6156619812288]}, "properties": {"lst": 32.44, "ndvi": 0.22, "ndbi": 0.061, "risk": "High", "heat_zone": 2, "color": "#e67e22", "city": "Pune"}}, {"type": "Feature", "geometry": {"type": "Point", "coordinates": [73.78011345196178, 18.527864146458647]}, "properties": {"lst": 32.56, "ndvi": 0.34, "ndbi": -0.002, "risk": "High", "heat_zone": 2, "color": "#e67e22", "city": "Pune"}}, {"type": "Feature", "geometry": {"type": "Point", "coordinates": [73.86259324068146, 18.48324232324213]}, "properties": {"lst": 32.07, "ndvi": 0.238, "ndbi": 0.039, "risk": "High", "heat_zone": 2, "color": "#e67e22", "city": "Pune"}}, {"type": "Feature", "geometry": {"type": "Point", "coordinates": [73.81158493080527, 18.534954604141323]}, "properties": {"lst": 32.84, "ndvi": 0.497, "ndbi": -0.081, "risk": "Moderate", "heat_zone": 1, "color": "#f1c40f", "city": "Pune"}}, {"type": "Feature", "geometry": {"type": "Point", "coordinates": [73.88331194964759, 18.63303019562645]}, "properties": {"lst": 37.68, "ndvi": 0.235, "ndbi": 0.123, "risk": "Critical", "heat_zone": 3, "color": "#e74c3c", "city": "Pune"}}, {"type": "Feature", "geometry": {"type": "Point", "coordinates": [73.83802655527931, 18.5076944593811]}, "properties": {"lst": 29.77, "ndvi": 0.697, "ndbi": -0.331, "risk": "Low", "heat_zone": 0, "color": "#2ecc71", "city": "Pune"}}, {"type": "Feature", "geometry": {"type": "Point", "coordinates": [73.77910679175122, 18.61602556270213]}, "properties": {"lst": 31.54, "ndvi": 0.169, "ndbi": 0.024, "risk": "High", "heat_zone": 2, "color": "#e67e22", "city": "Pune"}}, {"type": "Feature", "geometry": {"type": "Point", "coordinates": [73.79981987172336, 18.48252347869707]}, "properties": {"lst": 33.8, "ndvi": 0.236, "ndbi": -0.033, "risk": "High", "heat_zone": 2, "color": "#e67e22", "city": "Pune"}}, {"type": "Feature", "geometry": {"type": "Point", "coordinates": [73.78685464034548, 18.51427366595897]}, "properties": {"lst": 36.35, "ndvi": 0.332, "ndbi": 0.108, "risk": "Critical", "heat_zone": 3, "color": "#e74c3c", "city": "Pune"}}, {"type": "Feature", "geometry": {"type": "Point", "coordinates": [73.80438386159372, 18.57984998960112]}, "properties": {"lst": 33.69, "ndvi": 0.341, "ndbi": 0.095, "risk": "High", "heat_zone": 2, "color": "#e67e22", "city": "Pune"}}, {"type": "Feature", "geometry": {"type": "Point", "coordinates": [73.89452187908046, 18.47992176404479]}, "properties": {"lst": 32.8, "ndvi": 0.383, "ndbi": -0.106, "risk": "Moderate", "heat_zone": 1, "color": "#f1c40f", "city": "Pune"}}, {"type": "Feature", "geometry": {"type": "Point", "coordinates": [73.90217234598302, 18.645947253482912]}, "properties": {"lst": 38.71, "ndvi": 0.374, "ndbi": -0.053, "risk": "Critical", "heat_zone": 3, "color": "#e74c3c", "city": "Pune"}}, {"type": "Feature", "geometry": {"type": "Point", "coordinates": [73.87528753191937, 18.477114711684603]}, "properties": {"lst": 30.98, "ndvi": 0.178, "ndbi": -0.089, "risk": "High", "heat_zone": 2, "color": "#e67e22", "city": "Pune"}}, {"type": "Feature", "geometry": {"type": "Point", "coordinates": [73.84616923266341, 18.587652068229563]}, "properties": {"lst": 30.4, "ndvi": 0.675, "ndbi": -0.153, "risk": "Low", "heat_zone": 0, "color": "#2ecc71", "city": "Pune"}}, {"type": "Feature", "geometry": {"type": "Point", "coordinates": [73.91607918307928, 18.51189302480548]}, "properties": {"lst": 33.83, "ndvi": 0.324, "ndbi": -0.017, "risk": "High", "heat_zone": 2, "color": "#e67e22", "city": "Pune"}}, {"type": "Feature", "geometry": {"type": "Point", "coordinates": [73.80585118613502, 18.59157765092935]}, "properties": {"lst": 33.37, "ndvi": 0.452, "ndbi": -0.075, "risk": "Moderate", "heat_zone": 1, "color": "#f1c40f", "city": "Pune"}}, {"type": "Feature", "geometry": {"type": "Point", "coordinates": [73.91729902313686, 18.500023562373123]}, "properties": {"lst": 33.57, "ndvi": 0.386, "ndbi": -0.078, "risk": "Moderate", "heat_zone": 1, "color": "#f1c40f", "city": "Pune"}}, {"type": "Feature", "geometry": {"type": "Point", "coordinates": [73.8213802860124, 18.611291983740568]}, "properties": {"lst": 32.27, "ndvi": 0.46, "ndbi": -0.122, "risk": "Moderate", "heat_zone": 1, "color": "#f1c40f", "city": "Pune"}}, {"type": "Feature", "geometry": {"type": "Point", "coordinates": [73.87785282253643, 18.60174473632127]}, "properties": {"lst": 31.9, "ndvi": 0.477, "ndbi": -0.058, "risk": "Moderate", "heat_zone": 1, "color": "#f1c40f", "city": "Pune"}}, {"type": "Feature", "geometry": {"type": "Point", "coordinates": [73.87363437993339, 18.49765424720127]}, "properties": {"lst": 30.79, "ndvi": 0.441, "ndbi": -0.125, "risk": "Moderate", "heat_zone": 1, "color": "#f1c40f", "city": "Pune"}}, {"type": "Feature", "geometry": {"type": "Point", "coordinates": [73.83162439952316, 18.54004432016794]}, "properties": {"lst": 32.86, "ndvi": 0.488, "ndbi": -0.136, "risk": "Moderate", "heat_zone": 1, "color": "#f1c40f", "city": "Pune"}}, {"type": "Feature", "geometry": {"type": "Point", "coordinates": [73.78309950662631, 18.578499926806487]}, "properties": {"lst": 32.11, "ndvi": 0.232, "ndbi": 0.001, "risk": "High", "heat_zone": 2, "color": "#e67e22", "city": "Pune"}}, {"type": "Feature", "geometry": {"type": "Point", "coordinates": [73.91949506492703, 18.55415364491417]}, "properties": {"lst": 32.05, "ndvi": 0.366, "ndbi": -0.107, "risk": "Moderate", "heat_zone": 1, "color": "#f1c40f", "city": "Pune"}}, {"type": "Feature", "geometry": {"type": "Point", "coordinates": [73.94915024070022, 18.51149478995009]}, "properties": {"lst": 33.86, "ndvi": 0.219, "ndbi": -0.141, "risk": "High", "heat_zone": 2, "color": "#e67e22", "city": "Pune"}}, {"type": "Feature", "geometry": {"type": "Point", "coordinates": [73.92704769574202, 18.561181405735315]}, "properties": {"lst": 31.94, "ndvi": 0.301, "ndbi": -0.073, "risk": "High", "heat_zone": 2, "color": "#e67e22", "city": "Pune"}}, {"type": "Feature", "geometry": {"type": "Point", "coordinates": [73.7685621675605, 18.583033926040795]}, "properties": {"lst": 34.91, "ndvi": 0.286, "ndbi": -0.014, "risk": "High", "heat_zone": 2, "color": "#e67e22", "city": "Pune"}}, {"type": "Feature", "geometry": {"type": "Point", "coordinates": [73.78227392131903, 18.61941054107345]}, "properties": {"lst": 35.43, "ndvi": 0.313, "ndbi": -0.026, "risk": "High", "heat_zone": 2, "color": "#e67e22", "city": "Pune"}}, {"type": "Feature", "geometry": {"type": "Point", "coordinates": [73.82651503477254, 18.54157417331994]}, "properties": {"lst": 32.34, "ndvi": 0.363, "ndbi": -0.09, "risk": "Moderate", "heat_zone": 1, "color": "#f1c40f", "city": "Pune"}}, {"type": "Feature", "geometry": {"type": "Point", "coordinates": [73.91671498415863, 18.54181568174104]}, "properties": {"lst": 35.78, "ndvi": 0.28, "ndbi": -0.002, "risk": "Critical", "heat_zone": 3, "color": "#e74c3c", "city": "Pune"}}, {"type": "Feature", "geometry": {"type": "Point", "coordinates": [73.94168931712592, 18.575159622766368]}, "properties": {"lst": 39.43, "ndvi": 0.263, "ndbi": 0.086, "risk": "Critical", "heat_zone": 3, "color": "#e74c3c", "city": "Pune"}}, {"type": "Feature", "geometry": {"type": "Point", "coordinates": [73.78956661725275, 18.49447656257348]}, "properties": {"lst": 37.59, "ndvi": 0.283, "ndbi": 0.122, "risk": "Critical", "heat_zone": 3, "color": "#e74c3c", "city": "Pune"}}, {"type": "Feature", "geometry": {"type": "Point", "coordinates": [73.83401803647745, 18.64484146428332]}, "properties": {"lst": 38.72, "ndvi": 0.182, "ndbi": 0.033, "risk": "Critical", "heat_zone": 3, "color": "#e74c3c", "city": "Pune"}}, {"type": "Feature", "geometry": {"type": "Point", "coordinates": [73.92610988983473, 18.625139691761877]}, "properties": {"lst": 37.13, "ndvi": 0.203, "ndbi": 0.049, "risk": "Critical", "heat_zone": 3, "color": "#e74c3c", "city": "Pune"}}, {"type": "Feature", "geometry": {"type": "Point", "coordinates": [73.94315656278337, 18.532403049943905]}, "properties": {"lst": 35.17, "ndvi": 0.361, "ndbi": -0.011, "risk": "High", "heat_zone": 2, "color": "#e67e22", "city": "Pune"}}, {"type": "Feature", "geometry": {"type": "Point", "coordinates": [73.89601396674962, 18.54958067893844]}, "properties": {"lst": 33.23, "ndvi": 0.438, "ndbi": -0.064, "risk": "Moderate", "heat_zone": 1, "color": "#f1c40f", "city": "Pune"}}, {"type": "Feature", "geometry": {"type": "Point", "coordinates": [73.83416909813023, 18.5715065365478]}, "properties": {"lst": 34.72, "ndvi": 0.253, "ndbi": 0.032, "risk": "High", "heat_zone": 2, "color": "#e67e22", "city": "Pune"}}, {"type": "Feature", "geometry": {"type": "Point", "coordinates": [73.92921295155371, 18.623181033217893]}, "properties": {"lst": 38.43, "ndvi": 0.244, "ndbi": 0.126, "risk": "Critical", "heat_zone": 3, "color": "#e74c3c", "city": "Pune"}}, {"type": "Feature", "geometry": {"type": "Point", "coordinates": [73.91286338684789, 18.581411862268432]}, "properties": {"lst": 37.48, "ndvi": 0.216, "ndbi": 0.068, "risk": "Critical", "heat_zone": 3, "color": "#e74c3c", "city": "Pune"}}, {"type": "Feature", "geometry": {"type": "Point", "coordinates": [73.76147271278674, 18.500567882445758]}, "properties": {"lst": 33.3, "ndvi": 0.385, "ndbi": -0.043, "risk": "Moderate", "heat_zone": 1, "color": "#f1c40f", "city": "Pune"}}, {"type": "Feature", "geometry": {"type": "Point", "coordinates": [73.86936428728293, 18.499629481621348]}, "properties": {"lst": 31.9, "ndvi": 0.209, "ndbi": 0.007, "risk": "High", "heat_zone": 2, "color": "#e67e22", "city": "Pune"}}, {"type": "Feature", "geometry": {"type": "Point", "coordinates": [73.75706546571314, 18.45017782317961]}, "properties": {"lst": 32.61, "ndvi": 0.374, "ndbi": 0.069, "risk": "High", "heat_zone": 2, "color": "#e67e22", "city": "Pune"}}, {"type": "Feature", "geometry": {"type": "Point", "coordinates": [73.81908889196905, 18.641064191134788]}, "properties": {"lst": 32.39, "ndvi": 0.47, "ndbi": -0.1, "risk": "Moderate", "heat_zone": 1, "color": "#f1c40f", "city": "Pune"}}, {"type": "Feature", "geometry": {"type": "Point", "coordinates": [73.85873164657903, 18.521695791977137]}, "properties": {"lst": 34.44, "ndvi": 0.14, "ndbi": 0.019, "risk": "Critical", "heat_zone": 3, "color": "#e74c3c", "city": "Pune"}}, {"type": "Feature", "geometry": {"type": "Point", "coordinates": [73.88236826247363, 18.596536939342062]}, "properties": {"lst": 34.2, "ndvi": 0.324, "ndbi": 0.095, "risk": "High", "heat_zone": 2, "color": "#e67e22", "city": "Pune"}}, {"type": "Feature", "geometry": {"type": "Point", "coordinates": [73.78614521027033, 18.62039703166263]}, "properties": {"lst": 34.45, "ndvi": 0.253, "ndbi": -0.014, "risk": "High", "heat_zone": 2, "color": "#e67e22", "city": "Pune"}}, {"type": "Feature", "geometry": {"type": "Point", "coordinates": [73.87433210143533, 18.544240519118677]}, "properties": {"lst": 31.4, "ndvi": 0.391, "ndbi": 0.038, "risk": "Moderate", "heat_zone": 1, "color": "#f1c40f", "city": "Pune"}}, {"type": "Feature", "geometry": {"type": "Point", "coordinates": [73.7848076512985, 18.5920779221428]}, "properties": {"lst": 35.96, "ndvi": 0.158, "ndbi": -0.005, "risk": "Critical", "heat_zone": 3, "color": "#e74c3c", "city": "Pune"}}, {"type": "Feature", "geometry": {"type": "Point", "coordinates": [73.88915786561651, 18.534924342103192]}, "properties": {"lst": 29.07, "ndvi": 0.489, "ndbi": -0.184, "risk": "Low", "heat_zone": 0, "color": "#2ecc71", "city": "Pune"}}, {"type": "Feature", "geometry": {"type": "Point", "coordinates": [73.93038630899518, 18.51145667609568]}, "properties": {"lst": 31.69, "ndvi": 0.418, "ndbi": -0.121, "risk": "Moderate", "heat_zone": 1, "color": "#f1c40f", "city": "Pune"}}, {"type": "Feature", "geometry": {"type": "Point", "coordinates": [73.81453293374592, 18.49689352284078]}, "properties": {"lst": 30.1, "ndvi": 0.59, "ndbi": -0.211, "risk": "Low", "heat_zone": 0, "color": "#2ecc71", "city": "Pune"}}, {"type": "Feature", "geometry": {"type": "Point", "coordinates": [73.8068983192562, 18.47093643655673]}, "properties": {"lst": 31.37, "ndvi": 0.629, "ndbi": -0.307, "risk": "Low", "heat_zone": 0, "color": "#2ecc71", "city": "Pune"}}, {"type": "Feature", "geometry": {"type": "Point", "coordinates": [73.94021313941118, 18.46853904910416]}, "properties": {"lst": 36.22, "ndvi": 0.213, "ndbi": 0.089, "risk": "Critical", "heat_zone": 3, "color": "#e74c3c", "city": "Pune"}}, {"type": "Feature", "geometry": {"type": "Point", "coordinates": [73.83413173136559, 18.489103274700604]}, "properties": {"lst": 31.49, "ndvi": 0.231, "ndbi": 0.005, "risk": "High", "heat_zone": 2, "color": "#e67e22", "city": "Pune"}}, {"type": "Feature", "geometry": {"type": "Point", "coordinates": [73.7597401268907, 18.603036233778592]}, "properties": {"lst": 32.31, "ndvi": 0.313, "ndbi": -0.057, "risk": "High", "heat_zone": 2, "color": "#e67e22", "city": "Pune"}}, {"type": "Feature", "geometry": {"type": "Point", "coordinates": [73.82290671465032, 18.634493251869063]}, "properties": {"lst": 32.53, "ndvi": 0.275, "ndbi": -0.02, "risk": "High", "heat_zone": 2, "color": "#e67e22", "city": "Pune"}}, {"type": "Feature", "geometry": {"type": "Point", "coordinates": [73.846252699825, 18.53765370524993]}, "properties": {"lst": 33.25, "ndvi": 0.364, "ndbi": -0.087, "risk": "Moderate", "heat_zone": 1, "color": "#f1c40f", "city": "Pune"}}, {"type": "Feature", "geometry": {"type": "Point", "coordinates": [73.7870089526235, 18.46778329831694]}, "properties": {"lst": 32.98, "ndvi": 0.127, "ndbi": 0.018, "risk": "High", "heat_zone": 2, "color": "#e67e22", "city": "Pune"}}, {"type": "Feature", "geometry": {"type": "Point", "coordinates": [73.7579100366308, 18.58404506385402]}, "properties": {"lst": 34.09, "ndvi": 0.478, "ndbi": -0.121, "risk": "Moderate", "heat_zone": 1, "color": "#f1c40f", "city": "Pune"}}, {"type": "Feature", "geometry": {"type": "Point", "coordinates": [73.8559210351718, 18.562265893723257]}, "properties": {"lst": 37.7, "ndvi": 0.264, "ndbi": 0.009, "risk": "Critical", "heat_zone": 3, "color": "#e74c3c", "city": "Pune"}}, {"type": "Feature", "geometry": {"type": "Point", "coordinates": [73.92064408691925, 18.610070120692995]}, "properties": {"lst": 38.48, "ndvi": 0.222, "ndbi": 0.052, "risk": "Critical", "heat_zone": 3, "color": "#e74c3c", "city": "Pune"}}, {"type": "Feature", "geometry": {"type": "Point", "coordinates": [73.81580447324461, 18.53906150986576]}, "properties": {"lst": 30.47, "ndvi": 0.567, "ndbi": -0.181, "risk": "Low", "heat_zone": 0, "color": "#2ecc71", "city": "Pune"}}, {"type": "Feature", "geometry": {"type": "Point", "coordinates": [73.81900792510062, 18.558430912417226]}, "properties": {"lst": 32.76, "ndvi": 0.465, "ndbi": -0.086, "risk": "Moderate", "heat_zone": 1, "color": "#f1c40f", "city": "Pune"}}, {"type": "Feature", "geometry": {"type": "Point", "coordinates": [73.8748782486378, 18.62988227026789]}, "properties": {"lst": 38.59, "ndvi": 0.187, "ndbi": 0.007, "risk": "Critical", "heat_zone": 3, "color": "#e74c3c", "city": "Pune"}}, {"type": "Feature", "geometry": {"type": "Point", "coordinates": [73.82728977808988, 18.5438924796127]}, "properties": {"lst": 33.46, "ndvi": 0.338, "ndbi": -0.068, "risk": "High", "heat_zone": 2, "color": "#e67e22", "city": "Pune"}}, {"type": "Feature", "geometry": {"type": "Point", "coordinates": [73.89422036570987, 18.5132762333353]}, "properties": {"lst": 38.56, "ndvi": 0.249, "ndbi": 0.03, "risk": "Critical", "heat_zone": 3, "color": "#e74c3c", "city": "Pune"}}, {"type": "Feature", "geometry": {"type": "Point", "coordinates": [73.85481357123699, 18.480160699369463]}, "properties": {"lst": 30.65, "ndvi": 0.361, "ndbi": -0.074, "risk": "Moderate", "heat_zone": 1, "color": "#f1c40f", "city": "Pune"}}, {"type": "Feature", "geometry": {"type": "Point", "coordinates": [73.75229794698943, 18.467069695127456]}, "properties": {"lst": 35.49, "ndvi": 0.374, "ndbi": 0.052, "risk": "High", "heat_zone": 2, "color": "#e67e22", "city": "Pune"}}, {"type": "Feature", "geometry": {"type": "Point", "coordinates": [73.8627491578087, 18.610976170118448]}, "properties": {"lst": 37.65, "ndvi": 0.301, "ndbi": 0.134, "risk": "Critical", "heat_zone": 3, "color": "#e74c3c", "city": "Pune"}}, {"type": "Feature", "geometry": {"type": "Point", "coordinates": [73.93263531374532, 18.577616115168706]}, "properties": {"lst": 37.77, "ndvi": 0.257, "ndbi": 0.103, "risk": "Critical", "heat_zone": 3, "color": "#e74c3c", "city": "Pune"}}, {"type": "Feature", "geometry": {"type": "Point", "coordinates": [73.78425947639731, 18.63247640649413]}, "properties": {"lst": 35.35, "ndvi": 0.182, "ndbi": 0.075, "risk": "Critical", "heat_zone": 3, "color": "#e74c3c", "city": "Pune"}}, {"type": "Feature", "geometry": {"type": "Point", "coordinates": [73.87361580190361, 18.610999440949257]}, "properties": {"lst": 34.09, "ndvi": 0.354, "ndbi": 0.028, "risk": "High", "heat_zone": 2, "color": "#e67e22", "city": "Pune"}}, {"type": "Feature", "geometry": {"type": "Point", "coordinates": [73.82550827119404, 18.60195381012953]}, "properties": {"lst": 34.66, "ndvi": 0.306, "ndbi": 0.013, "risk": "High", "heat_zone": 2, "color": "#e67e22", "city": "Pune"}}, {"type": "Feature", "geometry": {"type": "Point", "coordinates": [73.90820050687425, 18.590166307024475]}, "properties": {"lst": 36.05, "ndvi": 0.205, "ndbi": 0.025, "risk": "Critical", "heat_zone": 3, "color": "#e74c3c", "city": "Pune"}}, {"type": "Feature", "geometry": {"type": "Point", "coordinates": [73.85000127949161, 18.505882137598697]}, "properties": {"lst": 31.85, "ndvi": 0.438, "ndbi": -0.147, "risk": "Moderate", "heat_zone": 1, "color": "#f1c40f", "city": "Pune"}}, {"type": "Feature", "geometry": {"type": "Point", "coordinates": [73.9048957791752, 18.586408808771967]}, "properties": {"lst": 35.57, "ndvi": 0.179, "ndbi": 0.035, "risk": "Critical", "heat_zone": 3, "color": "#e74c3c", "city": "Pune"}}, {"type": "Feature", "geometry": {"type": "Point", "coordinates": [73.84340816296012, 18.641832506358327]}, "properties": {"lst": 34.62, "ndvi": 0.342, "ndbi": -0.073, "risk": "High", "heat_zone": 2, "color": "#e67e22", "city": "Pune"}}, {"type": "Feature", "geometry": {"type": "Point", "coordinates": [73.93717936965913, 18.453261575830588]}, "properties": {"lst": 37.62, "ndvi": 0.225, "ndbi": 0.091, "risk": "Critical", "heat_zone": 3, "color": "#e74c3c", "city": "Pune"}}, {"type": "Feature", "geometry": {"type": "Point", "coordinates": [73.76398373339447, 18.600851285819424]}, "properties": {"lst": 35.43, "ndvi": 0.131, "ndbi": 0.014, "risk": "Critical", "heat_zone": 3, "color": "#e74c3c", "city": "Pune"}}, {"type": "Feature", "geometry": {"type": "Point", "coordinates": [73.76505879334908, 18.6267070093791]}, "properties": {"lst": 34.25, "ndvi": 0.364, "ndbi": -0.046, "risk": "Moderate", "heat_zone": 1, "color": "#f1c40f", "city": "Pune"}}, {"type": "Feature", "geometry": {"type": "Point", "coordinates": [73.7902365443782, 18.543502343079204]}, "properties": {"lst": 33.72, "ndvi": 0.194, "ndbi": -0.046, "risk": "High", "heat_zone": 2, "color": "#e67e22", "city": "Pune"}}, {"type": "Feature", "geometry": {"type": "Point", "coordinates": [73.94362363136732, 18.598316183824217]}, "properties": {"lst": 35.99, "ndvi": 0.375, "ndbi": -0.072, "risk": "Moderate", "heat_zone": 1, "color": "#f1c40f", "city": "Pune"}}, {"type": "Feature", "geometry": {"type": "Point", "coordinates": [73.88686469005057, 18.61565246328635]}, "properties": {"lst": 38.11, "ndvi": 0.233, "ndbi": 0.084, "risk": "Critical", "heat_zone": 3, "color": "#e74c3c", "city": "Pune"}}, {"type": "Feature", "geometry": {"type": "Point", "coordinates": [73.88835767114261, 18.463031483975563]}, "properties": {"lst": 32.54, "ndvi": 0.228, "ndbi": -0.052, "risk": "High", "heat_zone": 2, "color": "#e67e22", "city": "Pune"}}, {"type": "Feature", "geometry": {"type": "Point", "coordinates": [73.7836610027802, 18.63733059306998]}, "properties": {"lst": 33.37, "ndvi": 0.521, "ndbi": -0.239, "risk": "Low", "heat_zone": 0, "color": "#2ecc71", "city": "Pune"}}, {"type": "Feature", "geometry": {"type": "Point", "coordinates": [73.8416777026484, 18.568570880994443]}, "properties": {"lst": 32.27, "ndvi": 0.514, "ndbi": -0.176, "risk": "Low", "heat_zone": 0, "color": "#2ecc71", "city": "Pune"}}, {"type": "Feature", "geometry": {"type": "Point", "coordinates": [73.77689802943776, 18.561966830987423]}, "properties": {"lst": 31.16, "ndvi": 0.365, "ndbi": -0.166, "risk": "Moderate", "heat_zone": 1, "color": "#f1c40f", "city": "Pune"}}, {"type": "Feature", "geometry": {"type": "Point", "coordinates": [73.9168174359988, 18.57270765575782]}, "properties": {"lst": 33.5, "ndvi": 0.552, "ndbi": -0.149, "risk": "Low", "heat_zone": 0, "color": "#2ecc71", "city": "Pune"}}, {"type": "Feature", "geometry": {"type": "Point", "coordinates": [73.79902542760514, 18.561155929677625]}, "properties": {"lst": 33.46, "ndvi": 0.213, "ndbi": 0.005, "risk": "High", "heat_zone": 2, "color": "#e67e22", "city": "Pune"}}, {"type": "Feature", "geometry": {"type": "Point", "coordinates": [73.77684078537446, 18.60490500619297]}, "properties": {"lst": 36.9, "ndvi": 0.255, "ndbi": 0.029, "risk": "Critical", "heat_zone": 3, "color": "#e74c3c", "city": "Pune"}}, {"type": "Feature", "geometry": {"type": "Point", "coordinates": [73.88660042474933, 18.47439453577355]}, "properties": {"lst": 33.37, "ndvi": 0.208, "ndbi": 0.055, "risk": "High", "heat_zone": 2, "color": "#e67e22", "city": "Pune"}}, {"type": "Feature", "geometry": {"type": "Point", "coordinates": [73.87575753410248, 18.64859581459628]}, "properties": {"lst": 35.74, "ndvi": 0.442, "ndbi": -0.042, "risk": "Moderate", "heat_zone": 1, "color": "#f1c40f", "city": "Pune"}}, {"type": "Feature", "geometry": {"type": "Point", "coordinates": [73.90829763689136, 18.545466515542763]}, "properties": {"lst": 32.93, "ndvi": 0.379, "ndbi": -0.12, "risk": "Moderate", "heat_zone": 1, "color": "#f1c40f", "city": "Pune"}}, {"type": "Feature", "geometry": {"type": "Point", "coordinates": [73.90423392701048, 18.574566972755687]}, "properties": {"lst": 36.11, "ndvi": 0.276, "ndbi": 0.111, "risk": "Critical", "heat_zone": 3, "color": "#e74c3c", "city": "Pune"}}, {"type": "Feature", "geometry": {"type": "Point", "coordinates": [73.763640880463, 18.57641833611373]}, "properties": {"lst": 35.92, "ndvi": 0.137, "ndbi": 0.038, "risk": "Critical", "heat_zone": 3, "color": "#e74c3c", "city": "Pune"}}, {"type": "Feature", "geometry": {"type": "Point", "coordinates": [73.92488454551743, 18.59363080039715]}, "properties": {"lst": 37.63, "ndvi": 0.361, "ndbi": -0.035, "risk": "Critical", "heat_zone": 3, "color": "#e74c3c", "city": "Pune"}}, {"type": "Feature", "geometry": {"type": "Point", "coordinates": [73.84055535062627, 18.5718422243818]}, "properties": {"lst": 37.11, "ndvi": 0.119, "ndbi": 0.16, "risk": "Critical", "heat_zone": 3, "color": "#e74c3c", "city": "Pune"}}, {"type": "Feature", "geometry": {"type": "Point", "coordinates": [73.92337590030395, 18.617348274979754]}, "properties": {"lst": 37.99, "ndvi": 0.216, "ndbi": 0.084, "risk": "Critical", "heat_zone": 3, "color": "#e74c3c", "city": "Pune"}}, {"type": "Feature", "geometry": {"type": "Point", "coordinates": [73.75763514257383, 18.492900561779862]}, "properties": {"lst": 34.23, "ndvi": 0.351, "ndbi": -0.002, "risk": "High", "heat_zone": 2, "color": "#e67e22", "city": "Pune"}}, {"type": "Feature", "geometry": {"type": "Point", "coordinates": [73.81958472044957, 18.490111180328228]}, "properties": {"lst": 33.44, "ndvi": 0.175, "ndbi": 0.057, "risk": "High", "heat_zone": 2, "color": "#e67e22", "city": "Pune"}}, {"type": "Feature", "geometry": {"type": "Point", "coordinates": [73.84137594714626, 18.61910167682228]}, "properties": {"lst": 37.59, "ndvi": 0.164, "ndbi": 0.046, "risk": "Critical", "heat_zone": 3, "color": "#e74c3c", "city": "Pune"}}, {"type": "Feature", "geometry": {"type": "Point", "coordinates": [73.85472943798366, 18.56049171423322]}, "properties": {"lst": 32.06, "ndvi": 0.559, "ndbi": -0.178, "risk": "Low", "heat_zone": 0, "color": "#2ecc71", "city": "Pune"}}, {"type": "Feature", "geometry": {"type": "Point", "coordinates": [73.77816900884586, 18.50522789161052]}, "properties": {"lst": 34.24, "ndvi": 0.432, "ndbi": 0.031, "risk": "Moderate", "heat_zone": 1, "color": "#f1c40f", "city": "Pune"}}, {"type": "Feature", "geometry": {"type": "Point", "coordinates": [73.7791894347904, 18.60856768732936]}, "properties": {"lst": 34.12, "ndvi": 0.204, "ndbi": 0.032, "risk": "High", "heat_zone": 2, "color": "#e67e22", "city": "Pune"}}, {"type": "Feature", "geometry": {"type": "Point", "coordinates": [73.75367028537013, 18.630776084226017]}, "properties": {"lst": 31.28, "ndvi": 0.58, "ndbi": -0.188, "risk": "Low", "heat_zone": 0, "color": "#2ecc71", "city": "Pune"}}, {"type": "Feature", "geometry": {"type": "Point", "coordinates": [73.90890623283028, 18.465817961283665]}, "properties": {"lst": 35.11, "ndvi": 0.209, "ndbi": 0.009, "risk": "Critical", "heat_zone": 3, "color": "#e74c3c", "city": "Pune"}}, {"type": "Feature", "geometry": {"type": "Point", "coordinates": [73.94547762966442, 18.635057273505303]}, "properties": {"lst": 39.12, "ndvi": 0.236, "ndbi": 0.118, "risk": "Critical", "heat_zone": 3, "color": "#e74c3c", "city": "Pune"}}, {"type": "Feature", "geometry": {"type": "Point", "coordinates": [73.91583759569386, 18.572617849454787]}, "properties": {"lst": 35.8, "ndvi": 0.438, "ndbi": -0.038, "risk": "Moderate", "heat_zone": 1, "color": "#f1c40f", "city": "Pune"}}, {"type": "Feature", "geometry": {"type": "Point", "coordinates": [73.7593600581852, 18.546009804661995]}, "properties": {"lst": 34.74, "ndvi": 0.355, "ndbi": 0.011, "risk": "High", "heat_zone": 2, "color": "#e67e22", "city": "Pune"}}, {"type": "Feature", "geometry": {"type": "Point", "coordinates": [73.94950821036768, 18.468338003173475]}, "properties": {"lst": 38.27, "ndvi": 0.231, "ndbi": 0.063, "risk": "Critical", "heat_zone": 3, "color": "#e74c3c", "city": "Pune"}}, {"type": "Feature", "geometry": {"type": "Point", "coordinates": [73.78080058348824, 18.514916657652076]}, "properties": {"lst": 32.11, "ndvi": 0.276, "ndbi": -0.069, "risk": "High", "heat_zone": 2, "color": "#e67e22", "city": "Pune"}}, {"type": "Feature", "geometry": {"type": "Point", "coordinates": [73.90740349582873, 18.53415188456773]}, "properties": {"lst": 34.72, "ndvi": 0.43, "ndbi": -0.053, "risk": "Moderate", "heat_zone": 1, "color": "#f1c40f", "city": "Pune"}}, {"type": "Feature", "geometry": {"type": "Point", "coordinates": [73.79936332301949, 18.581203445072543]}, "properties": {"lst": 36.49, "ndvi": 0.365, "ndbi": 0.027, "risk": "Critical", "heat_zone": 3, "color": "#e74c3c", "city": "Pune"}}, {"type": "Feature", "geometry": {"type": "Point", "coordinates": [73.75897164826601, 18.4851357719253]}, "properties": {"lst": 32.79, "ndvi": 0.36, "ndbi": 0.096, "risk": "High", "heat_zone": 2, "color": "#e67e22", "city": "Pune"}}, {"type": "Feature", "geometry": {"type": "Point", "coordinates": [73.88116600777101, 18.62364471385732]}, "properties": {"lst": 37.81, "ndvi": 0.257, "ndbi": 0.107, "risk": "Critical", "heat_zone": 3, "color": "#e74c3c", "city": "Pune"}}, {"type": "Feature", "geometry": {"type": "Point", "coordinates": [73.85613520401894, 18.61696104060972]}, "properties": {"lst": 35.62, "ndvi": 0.287, "ndbi": 0.13, "risk": "Critical", "heat_zone": 3, "color": "#e74c3c", "city": "Pune"}}, {"type": "Feature", "geometry": {"type": "Point", "coordinates": [73.76074847078974, 18.64423159552121]}, "properties": {"lst": 32.94, "ndvi": 0.318, "ndbi": -0.022, "risk": "High", "heat_zone": 2, "color": "#e67e22", "city": "Pune"}}, {"type": "Feature", "geometry": {"type": "Point", "coordinates": [73.85848051493464, 18.55894761214546]}, "properties": {"lst": 31.14, "ndvi": 0.55, "ndbi": -0.148, "risk": "Low", "heat_zone": 0, "color": "#2ecc71", "city": "Pune"}}, {"type": "Feature", "geometry": {"type": "Point", "coordinates": [73.91033594049952, 18.5027285316126]}, "properties": {"lst": 32.73, "ndvi": 0.329, "ndbi": 0.026, "risk": "High", "heat_zone": 2, "color": "#e67e22", "city": "Pune"}}, {"type": "Feature", "geometry": {"type": "Point", "coordinates": [73.89267167194282, 18.47879940883797]}, "properties": {"lst": 32.05, "ndvi": 0.323, "ndbi": -0.084, "risk": "High", "heat_zone": 2, "color": "#e67e22", "city": "Pune"}}, {"type": "Feature", "geometry": {"type": "Point", "coordinates": [73.76333492438506, 18.54249866750877]}, "properties": {"lst": 31.75, "ndvi": 0.376, "ndbi": -0.108, "risk": "Moderate", "heat_zone": 1, "color": "#f1c40f", "city": "Pune"}}, {"type": "Feature", "geometry": {"type": "Point", "coordinates": [73.82021959712682, 18.545617446741403]}, "properties": {"lst": 30.6, "ndvi": 0.485, "ndbi": -0.153, "risk": "Low", "heat_zone": 0, "color": "#2ecc71", "city": "Pune"}}, {"type": "Feature", "geometry": {"type": "Point", "coordinates": [73.76927636997402, 18.552881076058444]}, "properties": {"lst": 31.42, "ndvi": 0.225, "ndbi": -0.076, "risk": "High", "heat_zone": 2, "color": "#e67e22", "city": "Pune"}}, {"type": "Feature", "geometry": {"type": "Point", "coordinates": [73.88610242828801, 18.61354454284724]}, "properties": {"lst": 38.78, "ndvi": 0.219, "ndbi": 0.065, "risk": "Critical", "heat_zone": 3, "color": "#e74c3c", "city": "Pune"}}, {"type": "Feature", "geometry": {"type": "Point", "coordinates": [73.94695684963956, 18.57984317716379]}, "properties": {"lst": 37.04, "ndvi": 0.228, "ndbi": 0.098, "risk": "Critical", "heat_zone": 3, "color": "#e74c3c", "city": "Pune"}}, {"type": "Feature", "geometry": {"type": "Point", "coordinates": [73.8368255725953, 18.484859083441687]}, "properties": {"lst": 31.69, "ndvi": 0.386, "ndbi": 0.007, "risk": "Moderate", "heat_zone": 1, "color": "#f1c40f", "city": "Pune"}}, {"type": "Feature", "geometry": {"type": "Point", "coordinates": [73.88309752925366, 18.629383503885265]}, "properties": {"lst": 37.05, "ndvi": 0.326, "ndbi": 0.08, "risk": "Critical", "heat_zone": 3, "color": "#e74c3c", "city": "Pune"}}, {"type": "Feature", "geometry": {"type": "Point", "coordinates": [73.79714461567642, 18.54533212209688]}, "properties": {"lst": 32.2, "ndvi": 0.414, "ndbi": -0.003, "risk": "Moderate", "heat_zone": 1, "color": "#f1c40f", "city": "Pune"}}, {"type": "Feature", "geometry": {"type": "Point", "coordinates": [73.77415430158572, 18.46597371928297]}, "properties": {"lst": 31.66, "ndvi": 0.526, "ndbi": -0.059, "risk": "Moderate", "heat_zone": 1, "color": "#f1c40f", "city": "Pune"}}, {"type": "Feature", "geometry": {"type": "Point", "coordinates": [73.80408343303799, 18.64908627416287]}, "properties": {"lst": 36.03, "ndvi": 0.361, "ndbi": -0.071, "risk": "Moderate", "heat_zone": 1, "color": "#f1c40f", "city": "Pune"}}, {"type": "Feature", "geometry": {"type": "Point", "coordinates": [73.92602517987358, 18.565040087881737]}, "properties": {"lst": 35.98, "ndvi": 0.341, "ndbi": 0.051, "risk": "Critical", "heat_zone": 3, "color": "#e74c3c", "city": "Pune"}}, {"type": "Feature", "geometry": {"type": "Point", "coordinates": [73.8119260188724, 18.63633839619688]}, "properties": {"lst": 31.28, "ndvi": 0.517, "ndbi": -0.177, "risk": "Low", "heat_zone": 0, "color": "#2ecc71", "city": "Pune"}}, {"type": "Feature", "geometry": {"type": "Point", "coordinates": [73.75915580143622, 18.516394084281004]}, "properties": {"lst": 35.34, "ndvi": 0.315, "ndbi": 0.137, "risk": "Critical", "heat_zone": 3, "color": "#e74c3c", "city": "Pune"}}, {"type": "Feature", "geometry": {"type": "Point", "coordinates": [73.77706910305648, 18.528304239778038]}, "properties": {"lst": 31.56, "ndvi": 0.52, "ndbi": -0.124, "risk": "Low", "heat_zone": 0, "color": "#2ecc71", "city": "Pune"}}, {"type": "Feature", "geometry": {"type": "Point", "coordinates": [73.92369409144737, 18.545374209795263]}, "properties": {"lst": 33.21, "ndvi": 0.337, "ndbi": -0.049, "risk": "High", "heat_zone": 2, "color": "#e67e22", "city": "Pune"}}, {"type": "Feature", "geometry": {"type": "Point", "coordinates": [73.77759464491845, 18.62643695419474]}, "properties": {"lst": 31.42, "ndvi": 0.541, "ndbi": -0.131, "risk": "Low", "heat_zone": 0, "color": "#2ecc71", "city": "Pune"}}, {"type": "Feature", "geometry": {"type": "Point", "coordinates": [73.93312477068272, 18.60991079569149]}, "properties": {"lst": 38.04, "ndvi": 0.268, "ndbi": 0.057, "risk": "Critical", "heat_zone": 3, "color": "#e74c3c", "city": "Pune"}}, {"type": "Feature", "geometry": {"type": "Point", "coordinates": [73.87849165103954, 18.480653019629045]}, "properties": {"lst": 32.36, "ndvi": 0.454, "ndbi": -0.074, "risk": "Moderate", "heat_zone": 1, "color": "#f1c40f", "city": "Pune"}}, {"type": "Feature", "geometry": {"type": "Point", "coordinates": [73.85587370924726, 18.62203714351229]}, "properties": {"lst": 34.99, "ndvi": 0.13, "ndbi": 0.063, "risk": "Critical", "heat_zone": 3, "color": "#e74c3c", "city": "Pune"}}, {"type": "Feature", "geometry": {"type": "Point", "coordinates": [73.9056540166764, 18.57841460186402]}, "properties": {"lst": 34.91, "ndvi": 0.304, "ndbi": -0.005, "risk": "High", "heat_zone": 2, "color": "#e67e22", "city": "Pune"}}, {"type": "Feature", "geometry": {"type": "Point", "coordinates": [73.81163583477674, 18.631782644923803]}, "properties": {"lst": 34.89, "ndvi": 0.537, "ndbi": -0.146, "risk": "Low", "heat_zone": 0, "color": "#2ecc71", "city": "Pune"}}, {"type": "Feature", "geometry": {"type": "Point", "coordinates": [73.8821416466099, 18.56931616450428]}, "properties": {"lst": 33.38, "ndvi": 0.27, "ndbi": 0.015, "risk": "High", "heat_zone": 2, "color": "#e67e22", "city": "Pune"}}, {"type": "Feature", "geometry": {"type": "Point", "coordinates": [73.94064469754228, 18.517243073836465]}, "properties": {"lst": 31.8, "ndvi": 0.188, "ndbi": -0.021, "risk": "High", "heat_zone": 2, "color": "#e67e22", "city": "Pune"}}, {"type": "Feature", "geometry": {"type": "Point", "coordinates": [73.81349391602804, 18.572296389728887]}, "properties": {"lst": 30.95, "ndvi": 0.529, "ndbi": -0.089, "risk": "Low", "heat_zone": 0, "color": "#2ecc71", "city": "Pune"}}, {"type": "Feature", "geometry": {"type": "Point", "coordinates": [73.89429187548787, 18.51466258228033]}, "properties": {"lst": 34.16, "ndvi": 0.263, "ndbi": 0.033, "risk": "High", "heat_zone": 2, "color": "#e67e22", "city": "Pune"}}, {"type": "Feature", "geometry": {"type": "Point", "coordinates": [73.86756572956834, 18.568726278830525]}, "properties": {"lst": 33.72, "ndvi": 0.584, "ndbi": -0.185, "risk": "Low", "heat_zone": 0, "color": "#2ecc71", "city": "Pune"}}, {"type": "Feature", "geometry": {"type": "Point", "coordinates": [73.8297592962224, 18.510679479028138]}, "properties": {"lst": 30.77, "ndvi": 0.515, "ndbi": -0.196, "risk": "Low", "heat_zone": 0, "color": "#2ecc71", "city": "Pune"}}, {"type": "Feature", "geometry": {"type": "Point", "coordinates": [73.84271864002854, 18.487958625780053]}, "properties": {"lst": 30.91, "ndvi": 0.351, "ndbi": -0.056, "risk": "Moderate", "heat_zone": 1, "color": "#f1c40f", "city": "Pune"}}, {"type": "Feature", "geometry": {"type": "Point", "coordinates": [73.9104006139758, 18.516706919196626]}, "properties": {"lst": 35.59, "ndvi": 0.247, "ndbi": 0.017, "risk": "Critical", "heat_zone": 3, "color": "#e74c3c", "city": "Pune"}}, {"type": "Feature", "geometry": {"type": "Point", "coordinates": [73.92513847230273, 18.48110638163425]}, "properties": {"lst": 35.87, "ndvi": 0.388, "ndbi": -0.087, "risk": "Moderate", "heat_zone": 1, "color": "#f1c40f", "city": "Pune"}}, {"type": "Feature", "geometry": {"type": "Point", "coordinates": [73.76616766978192, 18.556887565784937]}, "properties": {"lst": 34.25, "ndvi": 0.246, "ndbi": 0.037, "risk": "High", "heat_zone": 2, "color": "#e67e22", "city": "Pune"}}, {"type": "Feature", "geometry": {"type": "Point", "coordinates": [73.89445683820442, 18.484367536155176]}, "properties": {"lst": 31.34, "ndvi": 0.535, "ndbi": -0.223, "risk": "Low", "heat_zone": 0, "color": "#2ecc71", "city": "Pune"}}, {"type": "Feature", "geometry": {"type": "Point", "coordinates": [73.81859666791868, 18.63796572594901]}, "properties": {"lst": 31.24, "ndvi": 0.574, "ndbi": -0.15, "risk": "Low", "heat_zone": 0, "color": "#2ecc71", "city": "Pune"}}, {"type": "Feature", "geometry": {"type": "Point", "coordinates": [73.83967730307457, 18.617147730901923]}, "properties": {"lst": 35.5, "ndvi": 0.364, "ndbi": -0.105, "risk": "Moderate", "heat_zone": 1, "color": "#f1c40f", "city": "Pune"}}, {"type": "Feature", "geometry": {"type": "Point", "coordinates": [73.87454898463902, 18.494912753829983]}, "properties": {"lst": 30.16, "ndvi": 0.309, "ndbi": -0.092, "risk": "High", "heat_zone": 2, "color": "#e67e22", "city": "Pune"}}, {"type": "Feature", "geometry": {"type": "Point", "coordinates": [73.89416070114761, 18.485620342503545]}, "properties": {"lst": 31.27, "ndvi": 0.328, "ndbi": -0.044, "risk": "High", "heat_zone": 2, "color": "#e67e22", "city": "Pune"}}, {"type": "Feature", "geometry": {"type": "Point", "coordinates": [73.79442776143794, 18.48182105586849]}, "properties": {"lst": 33.76, "ndvi": 0.183, "ndbi": 0.055, "risk": "High", "heat_zone": 2, "color": "#e67e22", "city": "Pune"}}, {"type": "Feature", "geometry": {"type": "Point", "coordinates": [73.76974910901941, 18.552101858940016]}, "properties": {"lst": 30.79, "ndvi": 0.514, "ndbi": -0.183, "risk": "Low", "heat_zone": 0, "color": "#2ecc71", "city": "Pune"}}, {"type": "Feature", "geometry": {"type": "Point", "coordinates": [73.77428033262467, 18.60658747476846]}, "properties": {"lst": 35.42, "ndvi": 0.156, "ndbi": 0.08, "risk": "Critical", "heat_zone": 3, "color": "#e74c3c", "city": "Pune"}}, {"type": "Feature", "geometry": {"type": "Point", "coordinates": [73.86280980991116, 18.542543150064706]}, "properties": {"lst": 35.33, "ndvi": 0.285, "ndbi": 0.04, "risk": "Critical", "heat_zone": 3, "color": "#e74c3c", "city": "Pune"}}, {"type": "Feature", "geometry": {"type": "Point", "coordinates": [73.76500989355061, 18.47973907671311]}, "properties": {"lst": 36.66, "ndvi": 0.365, "ndbi": 0.079, "risk": "Critical", "heat_zone": 3, "color": "#e74c3c", "city": "Pune"}}, {"type": "Feature", "geometry": {"type": "Point", "coordinates": [73.76347195172768, 18.55385201557683]}, "properties": {"lst": 35.57, "ndvi": 0.184, "ndbi": 0.042, "risk": "Critical", "heat_zone": 3, "color": "#e74c3c", "city": "Pune"}}, {"type": "Feature", "geometry": {"type": "Point", "coordinates": [73.87419490696435, 18.490336332722364]}, "properties": {"lst": 32.09, "ndvi": 0.405, "ndbi": -0.057, "risk": "Moderate", "heat_zone": 1, "color": "#f1c40f", "city": "Pune"}}, {"type": "Feature", "geometry": {"type": "Point", "coordinates": [73.82410029748061, 18.61632916299209]}, "properties": {"lst": 34.36, "ndvi": 0.397, "ndbi": 0.012, "risk": "Moderate", "heat_zone": 1, "color": "#f1c40f", "city": "Pune"}}, {"type": "Feature", "geometry": {"type": "Point", "coordinates": [73.75486679744732, 18.53267017981167]}, "properties": {"lst": 34.58, "ndvi": 0.489, "ndbi": -0.052, "risk": "Moderate", "heat_zone": 1, "color": "#f1c40f", "city": "Pune"}}, {"type": "Feature", "geometry": {"type": "Point", "coordinates": [73.77449587715532, 18.52704579181059]}, "properties": {"lst": 36.76, "ndvi": 0.305, "ndbi": 0.008, "risk": "Critical", "heat_zone": 3, "color": "#e74c3c", "city": "Pune"}}, {"type": "Feature", "geometry": {"type": "Point", "coordinates": [73.91244712931974, 18.54778023784104]}, "properties": {"lst": 31.6, "ndvi": 0.53, "ndbi": -0.174, "risk": "Low", "heat_zone": 0, "color": "#2ecc71", "city": "Pune"}}, {"type": "Feature", "geometry": {"type": "Point", "coordinates": [73.79416610871475, 18.619845316072244]}, "properties": {"lst": 34.84, "ndvi": 0.201, "ndbi": 0.111, "risk": "Critical", "heat_zone": 3, "color": "#e74c3c", "city": "Pune"}}, {"type": "Feature", "geometry": {"type": "Point", "coordinates": [73.7797605818735, 18.46515823051432]}, "properties": {"lst": 31.7, "ndvi": 0.359, "ndbi": -0.085, "risk": "Moderate", "heat_zone": 1, "color": "#f1c40f", "city": "Pune"}}, {"type": "Feature", "geometry": {"type": "Point", "coordinates": [73.89418838144655, 18.55817003994973]}, "properties": {"lst": 32.15, "ndvi": 0.46, "ndbi": -0.089, "risk": "Moderate", "heat_zone": 1, "color": "#f1c40f", "city": "Pune"}}, {"type": "Feature", "geometry": {"type": "Point", "coordinates": [73.90801659291334, 18.459054285869207]}, "properties": {"lst": 33.39, "ndvi": 0.292, "ndbi": -0.024, "risk": "High", "heat_zone": 2, "color": "#e67e22", "city": "Pune"}}, {"type": "Feature", "geometry": {"type": "Point", "coordinates": [73.93547742757154, 18.550425358967505]}, "properties": {"lst": 34.89, "ndvi": 0.236, "ndbi": -0.055, "risk": "High", "heat_zone": 2, "color": "#e67e22", "city": "Pune"}}, {"type": "Feature", "geometry": {"type": "Point", "coordinates": [73.84697300778815, 18.64525536190801]}, "properties": {"lst": 34.76, "ndvi": 0.333, "ndbi": 0.02, "risk": "High", "heat_zone": 2, "color": "#e67e22", "city": "Pune"}}, {"type": "Feature", "geometry": {"type": "Point", "coordinates": [73.8379863249448, 18.52821430185259]}, "properties": {"lst": 29.87, "ndvi": 0.646, "ndbi": -0.283, "risk": "Low", "heat_zone": 0, "color": "#2ecc71", "city": "Pune"}}, {"type": "Feature", "geometry": {"type": "Point", "coordinates": [73.76254371915027, 18.545712677301665]}, "properties": {"lst": 32.41, "ndvi": 0.37, "ndbi": -0.023, "risk": "Moderate", "heat_zone": 1, "color": "#f1c40f", "city": "Pune"}}, {"type": "Feature", "geometry": {"type": "Point", "coordinates": [73.8335796860639, 18.594483601394096]}, "properties": {"lst": 29.9, "ndvi": 0.461, "ndbi": -0.003, "risk": "Moderate", "heat_zone": 1, "color": "#f1c40f", "city": "Pune"}}, {"type": "Feature", "geometry": {"type": "Point", "coordinates": [73.946602869, 18.56467265929181]}, "properties": {"lst": 34.09, "ndvi": 0.17, "ndbi": 0.03, "risk": "High", "heat_zone": 2, "color": "#e67e22", "city": "Pune"}}, {"type": "Feature", "geometry": {"type": "Point", "coordinates": [73.9179598923155, 18.637481631511186]}, "properties": {"lst": 36.26, "ndvi": 0.21, "ndbi": 0.065, "risk": "Critical", "heat_zone": 3, "color": "#e74c3c", "city": "Pune"}}, {"type": "Feature", "geometry": {"type": "Point", "coordinates": [73.86764466566314, 18.56435411863546]}, "properties": {"lst": 31.16, "ndvi": 0.485, "ndbi": -0.11, "risk": "Moderate", "heat_zone": 1, "color": "#f1c40f", "city": "Pune"}}, {"type": "Feature", "geometry": {"type": "Point", "coordinates": [73.86998381372858, 18.46232894088692]}, "properties": {"lst": 34.88, "ndvi": 0.2, "ndbi": 0.075, "risk": "Critical", "heat_zone": 3, "color": "#e74c3c", "city": "Pune"}}, {"type": "Feature", "geometry": {"type": "Point", "coordinates": [73.75695532951701, 18.486350303514147]}, "properties": {"lst": 33.65, "ndvi": 0.328, "ndbi": 0.12, "risk": "High", "heat_zone": 2, "color": "#e67e22", "city": "Pune"}}, {"type": "Feature", "geometry": {"type": "Point", "coordinates": [73.9280486002688, 18.49014635514012]}, "properties": {"lst": 32.79, "ndvi": 0.363, "ndbi": -0.069, "risk": "Moderate", "heat_zone": 1, "color": "#f1c40f", "city": "Pune"}}, {"type": "Feature", "geometry": {"type": "Point", "coordinates": [73.79914911520689, 18.50412037839693]}, "properties": {"lst": 32.22, "ndvi": 0.34, "ndbi": -0.092, "risk": "Moderate", "heat_zone": 1, "color": "#f1c40f", "city": "Pune"}}, {"type": "Feature", "geometry": {"type": "Point", "coordinates": [73.76649587783876, 18.492916989782763]}, "properties": {"lst": 34.08, "ndvi": 0.35, "ndbi": 0.078, "risk": "High", "heat_zone": 2, "color": "#e67e22", "city": "Pune"}}, {"type": "Feature", "geometry": {"type": "Point", "coordinates": [73.8670015977398, 18.58291277867451]}, "properties": {"lst": 34.26, "ndvi": 0.318, "ndbi": 0.113, "risk": "High", "heat_zone": 2, "color": "#e67e22", "city": "Pune"}}, {"type": "Feature", "geometry": {"type": "Point", "coordinates": [73.75906908992927, 18.5765188308684]}, "properties": {"lst": 36.49, "ndvi": 0.355, "ndbi": -0.047, "risk": "High", "heat_zone": 2, "color": "#e67e22", "city": "Pune"}}, {"type": "Feature", "geometry": {"type": "Point", "coordinates": [73.91096643502972, 18.59774652600611]}, "properties": {"lst": 35.27, "ndvi": 0.164, "ndbi": 0.035, "risk": "Critical", "heat_zone": 3, "color": "#e74c3c", "city": "Pune"}}, {"type": "Feature", "geometry": {"type": "Point", "coordinates": [73.87560725204534, 18.50445008070395]}, "properties": {"lst": 35.31, "ndvi": 0.271, "ndbi": 0.04, "risk": "Critical", "heat_zone": 3, "color": "#e74c3c", "city": "Pune"}}, {"type": "Feature", "geometry": {"type": "Point", "coordinates": [73.92130319322932, 18.56726257127885]}, "properties": {"lst": 35.05, "ndvi": 0.222, "ndbi": 0.047, "risk": "Critical", "heat_zone": 3, "color": "#e74c3c", "city": "Pune"}}, {"type": "Feature", "geometry": {"type": "Point", "coordinates": [73.88222631751235, 18.643046377126527]}, "properties": {"lst": 37.94, "ndvi": 0.252, "ndbi": 0.172, "risk": "Critical", "heat_zone": 3, "color": "#e74c3c", "city": "Pune"}}, {"type": "Feature", "geometry": {"type": "Point", "coordinates": [73.8010085156082, 18.513789873485823]}, "properties": {"lst": 31.75, "ndvi": 0.475, "ndbi": -0.03, "risk": "Moderate", "heat_zone": 1, "color": "#f1c40f", "city": "Pune"}}, {"type": "Feature", "geometry": {"type": "Point", "coordinates": [73.82089327032199, 18.555312709913853]}, "properties": {"lst": 28.77, "ndvi": 0.532, "ndbi": -0.086, "risk": "Low", "heat_zone": 0, "color": "#2ecc71", "city": "Pune"}}, {"type": "Feature", "geometry": {"type": "Point", "coordinates": [73.90109250060841, 18.55172978567713]}, "properties": {"lst": 32.61, "ndvi": 0.557, "ndbi": -0.144, "risk": "Low", "heat_zone": 0, "color": "#2ecc71", "city": "Pune"}}, {"type": "Feature", "geometry": {"type": "Point", "coordinates": [73.8042564928627, 18.559088603070567]}, "properties": {"lst": 31.69, "ndvi": 0.378, "ndbi": -0.107, "risk": "Moderate", "heat_zone": 1, "color": "#f1c40f", "city": "Pune"}}, {"type": "Feature", "geometry": {"type": "Point", "coordinates": [73.8124738955016, 18.464472971311302]}, "properties": {"lst": 33.78, "ndvi": 0.471, "ndbi": -0.109, "risk": "Moderate", "heat_zone": 1, "color": "#f1c40f", "city": "Pune"}}, {"type": "Feature", "geometry": {"type": "Point", "coordinates": [73.89000320972292, 18.613042825334304]}, "properties": {"lst": 36.77, "ndvi": 0.317, "ndbi": 0.085, "risk": "Critical", "heat_zone": 3, "color": "#e74c3c", "city": "Pune"}}, {"type": "Feature", "geometry": {"type": "Point", "coordinates": [73.85822628356546, 18.63539246031944]}, "properties": {"lst": 39.21, "ndvi": 0.252, "ndbi": 0.123, "risk": "Critical", "heat_zone": 3, "color": "#e74c3c", "city": "Pune"}}, {"type": "Feature", "geometry": {"type": "Point", "coordinates": [73.7500489294906, 18.454838963341857]}, "properties": {"lst": 33.21, "ndvi": 0.464, "ndbi": 0.02, "risk": "Moderate", "heat_zone": 1, "color": "#f1c40f", "city": "Pune"}}, {"type": "Feature", "geometry": {"type": "Point", "coordinates": [73.76187364187011, 18.59029289343276]}, "properties": {"lst": 32.93, "ndvi": 0.315, "ndbi": -0.093, "risk": "High", "heat_zone": 2, "color": "#e67e22", "city": "Pune"}}, {"type": "Feature", "geometry": {"type": "Point", "coordinates": [73.78003525772695, 18.618118340059095]}, "properties": {"lst": 33.43, "ndvi": 0.385, "ndbi": -0.065, "risk": "Moderate", "heat_zone": 1, "color": "#f1c40f", "city": "Pune"}}, {"type": "Feature", "geometry": {"type": "Point", "coordinates": [73.90129653011314, 18.523969420722512]}, "properties": {"lst": 34.19, "ndvi": 0.259, "ndbi": -0.065, "risk": "High", "heat_zone": 2, "color": "#e67e22", "city": "Pune"}}, {"type": "Feature", "geometry": {"type": "Point", "coordinates": [73.93198595785837, 18.60020405010635]}, "properties": {"lst": 35.48, "ndvi": 0.296, "ndbi": 0.045, "risk": "Critical", "heat_zone": 3, "color": "#e74c3c", "city": "Pune"}}, {"type": "Feature", "geometry": {"type": "Point", "coordinates": [73.93451224684866, 18.536467752339032]}, "properties": {"lst": 28.75, "ndvi": 0.159, "ndbi": -0.358, "risk": "High", "heat_zone": 2, "color": "#e67e22", "city": "Pune"}}, {"type": "Feature", "geometry": {"type": "Point", "coordinates": [73.84939314983113, 18.542161242598915]}, "properties": {"lst": 31.38, "ndvi": 0.453, "ndbi": -0.054, "risk": "Moderate", "heat_zone": 1, "color": "#f1c40f", "city": "Pune"}}, {"type": "Feature", "geometry": {"type": "Point", "coordinates": [73.86370006726436, 18.472380245516447]}, "properties": {"lst": 32.88, "ndvi": 0.251, "ndbi": 0.012, "risk": "High", "heat_zone": 2, "color": "#e67e22", "city": "Pune"}}, {"type": "Feature", "geometry": {"type": "Point", "coordinates": [73.81078661340413, 18.48265548789254]}, "properties": {"lst": 32.88, "ndvi": 0.234, "ndbi": -0.03, "risk": "High", "heat_zone": 2, "color": "#e67e22", "city": "Pune"}}, {"type": "Feature", "geometry": {"type": "Point", "coordinates": [73.83733867516011, 18.54394835078316]}, "properties": {"lst": 32.35, "ndvi": 0.324, "ndbi": -0.049, "risk": "High", "heat_zone": 2, "color": "#e67e22", "city": "Pune"}}, {"type": "Feature", "geometry": {"type": "Point", "coordinates": [73.85296573706047, 18.595557878762524]}, "properties": {"lst": 34.91, "ndvi": 0.358, "ndbi": -0.037, "risk": "High", "heat_zone": 2, "color": "#e67e22", "city": "Pune"}}, {"type": "Feature", "geometry": {"type": "Point", "coordinates": [73.87736202243498, 18.59937891159441]}, "properties": {"lst": 35.79, "ndvi": 0.29, "ndbi": 0.082, "risk": "Critical", "heat_zone": 3, "color": "#e74c3c", "city": "Pune"}}, {"type": "Feature", "geometry": {"type": "Point", "coordinates": [73.78630768571944, 18.56584646584286]}, "properties": {"lst": 31.95, "ndvi": 0.279, "ndbi": -0.009, "risk": "High", "heat_zone": 2, "color": "#e67e22", "city": "Pune"}}, {"type": "Feature", "geometry": {"type": "Point", "coordinates": [73.81459696590835, 18.59552601427681]}, "properties": {"lst": 34.79, "ndvi": 0.229, "ndbi": 0.029, "risk": "High", "heat_zone": 2, "color": "#e67e22", "city": "Pune"}}, {"type": "Feature", "geometry": {"type": "Point", "coordinates": [73.77548940415797, 18.52606623975004]}, "properties": {"lst": 33.72, "ndvi": 0.474, "ndbi": -0.052, "risk": "Moderate", "heat_zone": 1, "color": "#f1c40f", "city": "Pune"}}, {"type": "Feature", "geometry": {"type": "Point", "coordinates": [73.8161429513551, 18.642939158303104]}, "properties": {"lst": 31.29, "ndvi": 0.471, "ndbi": -0.062, "risk": "Moderate", "heat_zone": 1, "color": "#f1c40f", "city": "Pune"}}, {"type": "Feature", "geometry": {"type": "Point", "coordinates": [73.76036357080935, 18.62011726832827]}, "properties": {"lst": 36.32, "ndvi": 0.18, "ndbi": 0.112, "risk": "Critical", "heat_zone": 3, "color": "#e74c3c", "city": "Pune"}}, {"type": "Feature", "geometry": {"type": "Point", "coordinates": [73.83461400941069, 18.497711075506377]}, "properties": {"lst": 30.49, "ndvi": 0.604, "ndbi": -0.236, "risk": "Low", "heat_zone": 0, "color": "#2ecc71", "city": "Pune"}}, {"type": "Feature", "geometry": {"type": "Point", "coordinates": [73.88164276783209, 18.6265311645154]}, "properties": {"lst": 33.99, "ndvi": 0.32, "ndbi": 0.085, "risk": "High", "heat_zone": 2, "color": "#e67e22", "city": "Pune"}}, {"type": "Feature", "geometry": {"type": "Point", "coordinates": [73.9126543543979, 18.461048938896678]}, "properties": {"lst": 33.71, "ndvi": 0.363, "ndbi": -0.068, "risk": "Moderate", "heat_zone": 1, "color": "#f1c40f", "city": "Pune"}}, {"type": "Feature", "geometry": {"type": "Point", "coordinates": [73.80838018168004, 18.639022661259343]}, "properties": {"lst": 31.9, "ndvi": 0.51, "ndbi": -0.134, "risk": "Low", "heat_zone": 0, "color": "#2ecc71", "city": "Pune"}}, {"type": "Feature", "geometry": {"type": "Point", "coordinates": [73.80363706826452, 18.501433225664925]}, "properties": {"lst": 31.89, "ndvi": 0.474, "ndbi": -0.185, "risk": "Low", "heat_zone": 0, "color": "#2ecc71", "city": "Pune"}}, {"type": "Feature", "geometry": {"type": "Point", "coordinates": [73.76075227583515, 18.50571455407032]}, "properties": {"lst": 33.78, "ndvi": 0.146, "ndbi": 0.007, "risk": "High", "heat_zone": 2, "color": "#e67e22", "city": "Pune"}}, {"type": "Feature", "geometry": {"type": "Point", "coordinates": [73.89998777405145, 18.505863804820876]}, "properties": {"lst": 31.16, "ndvi": 0.206, "ndbi": 0.009, "risk": "High", "heat_zone": 2, "color": "#e67e22", "city": "Pune"}}, {"type": "Feature", "geometry": {"type": "Point", "coordinates": [73.86446115935811, 18.46866765491104]}, "properties": {"lst": 32.25, "ndvi": 0.215, "ndbi": -0.017, "risk": "High", "heat_zone": 2, "color": "#e67e22", "city": "Pune"}}, {"type": "Feature", "geometry": {"type": "Point", "coordinates": [73.81048037979134, 18.583219231043024]}, "properties": {"lst": 34.25, "ndvi": 0.33, "ndbi": 0.008, "risk": "High", "heat_zone": 2, "color": "#e67e22", "city": "Pune"}}, {"type": "Feature", "geometry": {"type": "Point", "coordinates": [73.93951855887065, 18.61847462053085]}, "properties": {"lst": 36.56, "ndvi": 0.252, "ndbi": 0.156, "risk": "Critical", "heat_zone": 3, "color": "#e74c3c", "city": "Pune"}}, {"type": "Feature", "geometry": {"type": "Point", "coordinates": [73.83810964401596, 18.4642497509066]}, "properties": {"lst": 33.71, "ndvi": 0.272, "ndbi": -0.014, "risk": "High", "heat_zone": 2, "color": "#e67e22", "city": "Pune"}}, {"type": "Feature", "geometry": {"type": "Point", "coordinates": [73.942136016186, 18.562087114959606]}, "properties": {"lst": 33.07, "ndvi": 0.351, "ndbi": -0.096, "risk": "Moderate", "heat_zone": 1, "color": "#f1c40f", "city": "Pune"}}, {"type": "Feature", "geometry": {"type": "Point", "coordinates": [73.94708365890193, 18.550032134384203]}, "properties": {"lst": 35.47, "ndvi": 0.251, "ndbi": 0.076, "risk": "Critical", "heat_zone": 3, "color": "#e74c3c", "city": "Pune"}}, {"type": "Feature", "geometry": {"type": "Point", "coordinates": [73.75008610414704, 18.58031809385861]}, "properties": {"lst": 35.29, "ndvi": 0.516, "ndbi": -0.109, "risk": "Moderate", "heat_zone": 1, "color": "#f1c40f", "city": "Pune"}}, {"type": "Feature", "geometry": {"type": "Point", "coordinates": [73.89679403672429, 18.542676695551823]}, "properties": {"lst": 29.44, "ndvi": 0.228, "ndbi": -0.252, "risk": "High", "heat_zone": 2, "color": "#e67e22", "city": "Pune"}}, {"type": "Feature", "geometry": {"type": "Point", "coordinates": [73.77789857038691, 18.49553693011486]}, "properties": {"lst": 31.34, "ndvi": 0.496, "ndbi": -0.022, "risk": "Moderate", "heat_zone": 1, "color": "#f1c40f", "city": "Pune"}}, {"type": "Feature", "geometry": {"type": "Point", "coordinates": [73.86337293983563, 18.46425219293456]}, "properties": {"lst": 32.16, "ndvi": 0.272, "ndbi": -0.041, "risk": "High", "heat_zone": 2, "color": "#e67e22", "city": "Pune"}}, {"type": "Feature", "geometry": {"type": "Point", "coordinates": [73.91646005905721, 18.527514277524418]}, "properties": {"lst": 37.56, "ndvi": 0.222, "ndbi": -0.069, "risk": "Critical", "heat_zone": 3, "color": "#e74c3c", "city": "Pune"}}, {"type": "Feature", "geometry": {"type": "Point", "coordinates": [73.93077352030718, 18.525228851382572]}, "properties": {"lst": 34.57, "ndvi": 0.264, "ndbi": 0.049, "risk": "High", "heat_zone": 2, "color": "#e67e22", "city": "Pune"}}, {"type": "Feature", "geometry": {"type": "Point", "coordinates": [73.86709901043481, 18.48338122311635]}, "properties": {"lst": 36.36, "ndvi": 0.168, "ndbi": 0.072, "risk": "Critical", "heat_zone": 3, "color": "#e74c3c", "city": "Pune"}}, {"type": "Feature", "geometry": {"type": "Point", "coordinates": [73.83163763560499, 18.459027362568865]}, "properties": {"lst": 32.68, "ndvi": 0.297, "ndbi": -0.07, "risk": "High", "heat_zone": 2, "color": "#e67e22", "city": "Pune"}}, {"type": "Feature", "geometry": {"type": "Point", "coordinates": [73.79895277165849, 18.62224553892769]}, "properties": {"lst": 37.09, "ndvi": 0.206, "ndbi": 0.086, "risk": "Critical", "heat_zone": 3, "color": "#e74c3c", "city": "Pune"}}, {"type": "Feature", "geometry": {"type": "Point", "coordinates": [73.75190661420064, 18.55983313668271]}, "properties": {"lst": 33.17, "ndvi": 0.455, "ndbi": -0.082, "risk": "Moderate", "heat_zone": 1, "color": "#f1c40f", "city": "Pune"}}, {"type": "Feature", "geometry": {"type": "Point", "coordinates": [73.85178439382778, 18.49449706425633]}, "properties": {"lst": 33.12, "ndvi": 0.229, "ndbi": -0.016, "risk": "High", "heat_zone": 2, "color": "#e67e22", "city": "Pune"}}, {"type": "Feature", "geometry": {"type": "Point", "coordinates": [73.8430117883714, 18.577448807184503]}, "properties": {"lst": 31.03, "ndvi": 0.517, "ndbi": -0.128, "risk": "Low", "heat_zone": 0, "color": "#2ecc71", "city": "Pune"}}, {"type": "Feature", "geometry": {"type": "Point", "coordinates": [73.91813175903553, 18.6181099688267]}, "properties": {"lst": 40.2, "ndvi": 0.274, "ndbi": 0.098, "risk": "Critical", "heat_zone": 3, "color": "#e74c3c", "city": "Pune"}}, {"type": "Feature", "geometry": {"type": "Point", "coordinates": [73.88023418916397, 18.58271821362478]}, "properties": {"lst": 33.32, "ndvi": 0.293, "ndbi": 0.064, "risk": "High", "heat_zone": 2, "color": "#e67e22", "city": "Pune"}}, {"type": "Feature", "geometry": {"type": "Point", "coordinates": [73.77989867191619, 18.49863164698622]}, "properties": {"lst": 30.68, "ndvi": 0.539, "ndbi": -0.079, "risk": "Low", "heat_zone": 0, "color": "#2ecc71", "city": "Pune"}}, {"type": "Feature", "geometry": {"type": "Point", "coordinates": [73.76883201970125, 18.562080385334628]}, "properties": {"lst": 35.0, "ndvi": 0.347, "ndbi": -0.021, "risk": "High", "heat_zone": 2, "color": "#e67e22", "city": "Pune"}}, {"type": "Feature", "geometry": {"type": "Point", "coordinates": [73.76939238452745, 18.64856027935469]}, "properties": {"lst": 32.11, "ndvi": 0.463, "ndbi": -0.096, "risk": "Moderate", "heat_zone": 1, "color": "#f1c40f", "city": "Pune"}}, {"type": "Feature", "geometry": {"type": "Point", "coordinates": [73.92772708684085, 18.470947347860527]}, "properties": {"lst": 39.21, "ndvi": 0.265, "ndbi": 0.095, "risk": "Critical", "heat_zone": 3, "color": "#e74c3c", "city": "Pune"}}, {"type": "Feature", "geometry": {"type": "Point", "coordinates": [73.90580251914082, 18.517516042176528]}, "properties": {"lst": 32.59, "ndvi": 0.273, "ndbi": -0.069, "risk": "High", "heat_zone": 2, "color": "#e67e22", "city": "Pune"}}, {"type": "Feature", "geometry": {"type": "Point", "coordinates": [73.90046881805785, 18.609250656698222]}, "properties": {"lst": 38.25, "ndvi": 0.277, "ndbi": 0.087, "risk": "Critical", "heat_zone": 3, "color": "#e74c3c", "city": "Pune"}}, {"type": "Feature", "geometry": {"type": "Point", "coordinates": [73.7987303859269, 18.482629442276306]}, "properties": {"lst": 33.84, "ndvi": 0.204, "ndbi": 0.023, "risk": "High", "heat_zone": 2, "color": "#e67e22", "city": "Pune"}}, {"type": "Feature", "geometry": {"type": "Point", "coordinates": [73.92486544806285, 18.637571310376902]}, "properties": {"lst": 37.02, "ndvi": 0.087, "ndbi": 0.026, "risk": "Critical", "heat_zone": 3, "color": "#e74c3c", "city": "Pune"}}, {"type": "Feature", "geometry": {"type": "Point", "coordinates": [73.90796263741156, 18.493988344501453]}, "properties": {"lst": 32.08, "ndvi": 0.303, "ndbi": 0.025, "risk": "High", "heat_zone": 2, "color": "#e67e22", "city": "Pune"}}, {"type": "Feature", "geometry": {"type": "Point", "coordinates": [73.78428105799176, 18.634602450825422]}, "properties": {"lst": 31.16, "ndvi": 0.583, "ndbi": -0.215, "risk": "Low", "heat_zone": 0, "color": "#2ecc71", "city": "Pune"}}, {"type": "Feature", "geometry": {"type": "Point", "coordinates": [73.84951257920216, 18.451070916959434]}, "properties": {"lst": 35.62, "ndvi": 0.171, "ndbi": 0.002, "risk": "Critical", "heat_zone": 3, "color": "#e74c3c", "city": "Pune"}}, {"type": "Feature", "geometry": {"type": "Point", "coordinates": [73.84066981043202, 18.627702773173294]}, "properties": {"lst": 35.8, "ndvi": 0.213, "ndbi": 0.009, "risk": "Critical", "heat_zone": 3, "color": "#e74c3c", "city": "Pune"}}, {"type": "Feature", "geometry": {"type": "Point", "coordinates": [73.83151979144611, 18.538821997742197]}, "properties": {"lst": 31.85, "ndvi": 0.495, "ndbi": -0.06, "risk": "Moderate", "heat_zone": 1, "color": "#f1c40f", "city": "Pune"}}, {"type": "Feature", "geometry": {"type": "Point", "coordinates": [73.88060952704974, 18.61190914172551]}, "properties": {"lst": 31.22, "ndvi": 0.444, "ndbi": 0.005, "risk": "Moderate", "heat_zone": 1, "color": "#f1c40f", "city": "Pune"}}, {"type": "Feature", "geometry": {"type": "Point", "coordinates": [73.83298057552736, 18.60805688392985]}, "properties": {"lst": 27.31, "ndvi": -0.001, "ndbi": -0.38, "risk": "High", "heat_zone": 2, "color": "#e67e22", "city": "Pune"}}, {"type": "Feature", "geometry": {"type": "Point", "coordinates": [73.75633509572562, 18.55152463490958]}, "properties": {"lst": 33.65, "ndvi": 0.162, "ndbi": 0.022, "risk": "High", "heat_zone": 2, "color": "#e67e22", "city": "Pune"}}, {"type": "Feature", "geometry": {"type": "Point", "coordinates": [73.88432874658919, 18.504545460849524]}, "properties": {"lst": 32.68, "ndvi": 0.435, "ndbi": -0.107, "risk": "Moderate", "heat_zone": 1, "color": "#f1c40f", "city": "Pune"}}, {"type": "Feature", "geometry": {"type": "Point", "coordinates": [73.79968100932567, 18.469420692532463]}, "properties": {"lst": 36.23, "ndvi": 0.229, "ndbi": 0.052, "risk": "Critical", "heat_zone": 3, "color": "#e74c3c", "city": "Pune"}}, {"type": "Feature", "geometry": {"type": "Point", "coordinates": [73.77376727454015, 18.58025534062113]}, "properties": {"lst": 35.44, "ndvi": 0.21, "ndbi": 0.058, "risk": "Critical", "heat_zone": 3, "color": "#e74c3c", "city": "Pune"}}, {"type": "Feature", "geometry": {"type": "Point", "coordinates": [73.87709785463497, 18.58018298961874]}, "properties": {"lst": 32.95, "ndvi": 0.396, "ndbi": -0.089, "risk": "Moderate", "heat_zone": 1, "color": "#f1c40f", "city": "Pune"}}, {"type": "Feature", "geometry": {"type": "Point", "coordinates": [73.91699967405478, 18.61709412660269]}, "properties": {"lst": 39.31, "ndvi": 0.317, "ndbi": 0.071, "risk": "Critical", "heat_zone": 3, "color": "#e74c3c", "city": "Pune"}}, {"type": "Feature", "geometry": {"type": "Point", "coordinates": [73.87362764126708, 18.647869579966507]}, "properties": {"lst": 37.1, "ndvi": 0.263, "ndbi": 0.138, "risk": "Critical", "heat_zone": 3, "color": "#e74c3c", "city": "Pune"}}, {"type": "Feature", "geometry": {"type": "Point", "coordinates": [73.84939222796251, 18.543762798843755]}, "properties": {"lst": 33.43, "ndvi": 0.362, "ndbi": -0.089, "risk": "Moderate", "heat_zone": 1, "color": "#f1c40f", "city": "Pune"}}, {"type": "Feature", "geometry": {"type": "Point", "coordinates": [73.82129785033023, 18.630477361121827]}, "properties": {"lst": 34.07, "ndvi": 0.177, "ndbi": 0.038, "risk": "High", "heat_zone": 2, "color": "#e67e22", "city": "Pune"}}, {"type": "Feature", "geometry": {"type": "Point", "coordinates": [73.94622214099256, 18.49177353461689]}, "properties": {"lst": 40.55, "ndvi": 0.131, "ndbi": 0.084, "risk": "Critical", "heat_zone": 3, "color": "#e74c3c", "city": "Pune"}}, {"type": "Feature", "geometry": {"type": "Point", "coordinates": [73.77713833580644, 18.573444594795024]}, "properties": {"lst": 32.28, "ndvi": 0.378, "ndbi": -0.089, "risk": "Moderate", "heat_zone": 1, "color": "#f1c40f", "city": "Pune"}}, {"type": "Feature", "geometry": {"type": "Point", "coordinates": [73.88420579687322, 18.629439706769976]}, "properties": {"lst": 37.47, "ndvi": 0.269, "ndbi": 0.071, "risk": "Critical", "heat_zone": 3, "color": "#e74c3c", "city": "Pune"}}, {"type": "Feature", "geometry": {"type": "Point", "coordinates": [73.76520133741147, 18.481349629149012]}, "properties": {"lst": 35.97, "ndvi": 0.372, "ndbi": 0.053, "risk": "Critical", "heat_zone": 3, "color": "#e74c3c", "city": "Pune"}}, {"type": "Feature", "geometry": {"type": "Point", "coordinates": [73.82170598607013, 18.617668628358437]}, "properties": {"lst": 31.41, "ndvi": 0.546, "ndbi": -0.087, "risk": "Low", "heat_zone": 0, "color": "#2ecc71", "city": "Pune"}}, {"type": "Feature", "geometry": {"type": "Point", "coordinates": [73.82880079020616, 18.595723764188357]}, "properties": {"lst": 38.37, "ndvi": 0.205, "ndbi": 0.014, "risk": "Critical", "heat_zone": 3, "color": "#e74c3c", "city": "Pune"}}, {"type": "Feature", "geometry": {"type": "Point", "coordinates": [73.76307436843257, 18.59555476073056]}, "properties": {"lst": 33.48, "ndvi": 0.169, "ndbi": -0.008, "risk": "High", "heat_zone": 2, "color": "#e67e22", "city": "Pune"}}, {"type": "Feature", "geometry": {"type": "Point", "coordinates": [73.76018677656705, 18.64359899774238]}, "properties": {"lst": 33.19, "ndvi": 0.553, "ndbi": -0.126, "risk": "Low", "heat_zone": 0, "color": "#2ecc71", "city": "Pune"}}, {"type": "Feature", "geometry": {"type": "Point", "coordinates": [73.9429918276449, 18.452140152525445]}, "properties": {"lst": 34.71, "ndvi": 0.411, "ndbi": -0.092, "risk": "Moderate", "heat_zone": 1, "color": "#f1c40f", "city": "Pune"}}, {"type": "Feature", "geometry": {"type": "Point", "coordinates": [73.84260790330474, 18.626087302347614]}, "properties": {"lst": 38.29, "ndvi": 0.224, "ndbi": 0.031, "risk": "Critical", "heat_zone": 3, "color": "#e74c3c", "city": "Pune"}}, {"type": "Feature", "geometry": {"type": "Point", "coordinates": [73.82951272626796, 18.52142046872116]}, "properties": {"lst": 35.46, "ndvi": 0.414, "ndbi": -0.076, "risk": "Moderate", "heat_zone": 1, "color": "#f1c40f", "city": "Pune"}}, {"type": "Feature", "geometry": {"type": "Point", "coordinates": [73.78725840521095, 18.518782454594824]}, "properties": {"lst": 33.94, "ndvi": 0.367, "ndbi": 0.036, "risk": "High", "heat_zone": 2, "color": "#e67e22", "city": "Pune"}}, {"type": "Feature", "geometry": {"type": "Point", "coordinates": [73.8398047213097, 18.509650307708288]}, "properties": {"lst": 30.78, "ndvi": 0.482, "ndbi": -0.244, "risk": "Low", "heat_zone": 0, "color": "#2ecc71", "city": "Pune"}}, {"type": "Feature", "geometry": {"type": "Point", "coordinates": [73.8860128471655, 18.514631453910457]}, "properties": {"lst": 28.54, "ndvi": 0.692, "ndbi": -0.243, "risk": "Low", "heat_zone": 0, "color": "#2ecc71", "city": "Pune"}}, {"type": "Feature", "geometry": {"type": "Point", "coordinates": [73.91280532035441, 18.516659972470155]}, "properties": {"lst": 35.28, "ndvi": 0.261, "ndbi": 0.067, "risk": "Critical", "heat_zone": 3, "color": "#e74c3c", "city": "Pune"}}, {"type": "Feature", "geometry": {"type": "Point", "coordinates": [73.79336065938574, 18.63606914213615]}, "properties": {"lst": 36.72, "ndvi": 0.189, "ndbi": 0.017, "risk": "Critical", "heat_zone": 3, "color": "#e74c3c", "city": "Pune"}}, {"type": "Feature", "geometry": {"type": "Point", "coordinates": [73.91803680726731, 18.54477618553083]}, "properties": {"lst": 34.48, "ndvi": 0.396, "ndbi": -0.052, "risk": "Moderate", "heat_zone": 1, "color": "#f1c40f", "city": "Pune"}}, {"type": "Feature", "geometry": {"type": "Point", "coordinates": [73.93351550183941, 18.454724645530465]}, "properties": {"lst": 35.35, "ndvi": 0.145, "ndbi": 0.009, "risk": "Critical", "heat_zone": 3, "color": "#e74c3c", "city": "Pune"}}, {"type": "Feature", "geometry": {"type": "Point", "coordinates": [73.86244562870105, 18.58706413077071]}, "properties": {"lst": 34.97, "ndvi": 0.164, "ndbi": 0.062, "risk": "Critical", "heat_zone": 3, "color": "#e74c3c", "city": "Pune"}}, {"type": "Feature", "geometry": {"type": "Point", "coordinates": [73.76704488058243, 18.519385081887823]}, "properties": {"lst": 33.21, "ndvi": 0.255, "ndbi": -0.007, "risk": "High", "heat_zone": 2, "color": "#e67e22", "city": "Pune"}}, {"type": "Feature", "geometry": {"type": "Point", "coordinates": [73.89085566198186, 18.59455516787765]}, "properties": {"lst": 38.32, "ndvi": 0.238, "ndbi": 0.037, "risk": "Critical", "heat_zone": 3, "color": "#e74c3c", "city": "Pune"}}, {"type": "Feature", "geometry": {"type": "Point", "coordinates": [73.7697459934203, 18.47396657879785]}, "properties": {"lst": 34.48, "ndvi": 0.303, "ndbi": 0.155, "risk": "Critical", "heat_zone": 3, "color": "#e74c3c", "city": "Pune"}}, {"type": "Feature", "geometry": {"type": "Point", "coordinates": [73.87870608678305, 18.465316990567693]}, "properties": {"lst": 39.51, "ndvi": 0.127, "ndbi": 0.067, "risk": "Critical", "heat_zone": 3, "color": "#e74c3c", "city": "Pune"}}, {"type": "Feature", "geometry": {"type": "Point", "coordinates": [73.8625983344655, 18.51748549836845]}, "properties": {"lst": 32.96, "ndvi": 0.217, "ndbi": 0.022, "risk": "High", "heat_zone": 2, "color": "#e67e22", "city": "Pune"}}, {"type": "Feature", "geometry": {"type": "Point", "coordinates": [73.86305948318662, 18.54915350982141]}, "properties": {"lst": 34.08, "ndvi": 0.466, "ndbi": -0.069, "risk": "Moderate", "heat_zone": 1, "color": "#f1c40f", "city": "Pune"}}, {"type": "Feature", "geometry": {"type": "Point", "coordinates": [73.88772546102408, 18.463536574794286]}, "properties": {"lst": 33.19, "ndvi": 0.38, "ndbi": -0.037, "risk": "Moderate", "heat_zone": 1, "color": "#f1c40f", "city": "Pune"}}, {"type": "Feature", "geometry": {"type": "Point", "coordinates": [73.93036393819999, 18.580671559277445]}, "properties": {"lst": 38.16, "ndvi": 0.088, "ndbi": 0.018, "risk": "Critical", "heat_zone": 3, "color": "#e74c3c", "city": "Pune"}}, {"type": "Feature", "geometry": {"type": "Point", "coordinates": [73.8194791250196, 18.538156787198613]}, "properties": {"lst": 31.74, "ndvi": 0.698, "ndbi": -0.132, "risk": "Low", "heat_zone": 0, "color": "#2ecc71", "city": "Pune"}}, {"type": "Feature", "geometry": {"type": "Point", "coordinates": [73.94754115089751, 18.60525442247856]}, "properties": {"lst": 37.28, "ndvi": 0.371, "ndbi": -0.023, "risk": "Critical", "heat_zone": 3, "color": "#e74c3c", "city": "Pune"}}, {"type": "Feature", "geometry": {"type": "Point", "coordinates": [73.83714007198236, 18.52418533305066]}, "properties": {"lst": 34.66, "ndvi": 0.509, "ndbi": -0.161, "risk": "Moderate", "heat_zone": 1, "color": "#f1c40f", "city": "Pune"}}, {"type": "Feature", "geometry": {"type": "Point", "coordinates": [73.8893000141321, 18.57716521907605]}, "properties": {"lst": 32.56, "ndvi": 0.289, "ndbi": -0.037, "risk": "High", "heat_zone": 2, "color": "#e67e22", "city": "Pune"}}, {"type": "Feature", "geometry": {"type": "Point", "coordinates": [73.82395766919177, 18.483537003614032]}, "properties": {"lst": 30.58, "ndvi": 0.611, "ndbi": -0.198, "risk": "Low", "heat_zone": 0, "color": "#2ecc71", "city": "Pune"}}, {"type": "Feature", "geometry": {"type": "Point", "coordinates": [73.7563759495367, 18.48015024401353]}, "properties": {"lst": 32.8, "ndvi": 0.352, "ndbi": 0.095, "risk": "High", "heat_zone": 2, "color": "#e67e22", "city": "Pune"}}, {"type": "Feature", "geometry": {"type": "Point", "coordinates": [73.79983731590717, 18.59761326424573]}, "properties": {"lst": 33.6, "ndvi": 0.221, "ndbi": -0.032, "risk": "High", "heat_zone": 2, "color": "#e67e22", "city": "Pune"}}, {"type": "Feature", "geometry": {"type": "Point", "coordinates": [73.86845198764605, 18.46646558827423]}, "properties": {"lst": 33.02, "ndvi": 0.265, "ndbi": -0.069, "risk": "High", "heat_zone": 2, "color": "#e67e22", "city": "Pune"}}, {"type": "Feature", "geometry": {"type": "Point", "coordinates": [73.89384156292175, 18.554369227587365]}, "properties": {"lst": 32.98, "ndvi": 0.525, "ndbi": -0.129, "risk": "Low", "heat_zone": 0, "color": "#2ecc71", "city": "Pune"}}, {"type": "Feature", "geometry": {"type": "Point", "coordinates": [73.76737772061485, 18.647498582078462]}, "properties": {"lst": 32.02, "ndvi": 0.303, "ndbi": -0.009, "risk": "High", "heat_zone": 2, "color": "#e67e22", "city": "Pune"}}, {"type": "Feature", "geometry": {"type": "Point", "coordinates": [73.76579632146483, 18.538341017267392]}, "properties": {"lst": 34.52, "ndvi": 0.513, "ndbi": -0.001, "risk": "Moderate", "heat_zone": 1, "color": "#f1c40f", "city": "Pune"}}, {"type": "Feature", "geometry": {"type": "Point", "coordinates": [73.92324835110865, 18.59422972521138]}, "properties": {"lst": 35.39, "ndvi": 0.358, "ndbi": -0.066, "risk": "Moderate", "heat_zone": 1, "color": "#f1c40f", "city": "Pune"}}, {"type": "Feature", "geometry": {"type": "Point", "coordinates": [73.80468742538562, 18.62401376617322]}, "properties": {"lst": 36.34, "ndvi": 0.413, "ndbi": -0.084, "risk": "Moderate", "heat_zone": 1, "color": "#f1c40f", "city": "Pune"}}, {"type": "Feature", "geometry": {"type": "Point", "coordinates": [73.8746851017921, 18.551680755614072]}, "properties": {"lst": 33.13, "ndvi": 0.351, "ndbi": 0.012, "risk": "High", "heat_zone": 2, "color": "#e67e22", "city": "Pune"}}, {"type": "Feature", "geometry": {"type": "Point", "coordinates": [73.76421603591922, 18.506614552864598]}, "properties": {"lst": 32.24, "ndvi": 0.364, "ndbi": -0.057, "risk": "Moderate", "heat_zone": 1, "color": "#f1c40f", "city": "Pune"}}, {"type": "Feature", "geometry": {"type": "Point", "coordinates": [73.80027012285088, 18.58518197364884]}, "properties": {"lst": 31.15, "ndvi": 0.525, "ndbi": -0.077, "risk": "Low", "heat_zone": 0, "color": "#2ecc71", "city": "Pune"}}, {"type": "Feature", "geometry": {"type": "Point", "coordinates": [73.88553655360593, 18.4801211626126]}, "properties": {"lst": 34.39, "ndvi": 0.266, "ndbi": 0.056, "risk": "High", "heat_zone": 2, "color": "#e67e22", "city": "Pune"}}, {"type": "Feature", "geometry": {"type": "Point", "coordinates": [73.8728218771239, 18.63115586262273]}, "properties": {"lst": 35.35, "ndvi": 0.198, "ndbi": 0.016, "risk": "Critical", "heat_zone": 3, "color": "#e74c3c", "city": "Pune"}}, {"type": "Feature", "geometry": {"type": "Point", "coordinates": [73.80854143330511, 18.614075636977404]}, "properties": {"lst": 36.6, "ndvi": 0.227, "ndbi": 0.087, "risk": "Critical", "heat_zone": 3, "color": "#e74c3c", "city": "Pune"}}, {"type": "Feature", "geometry": {"type": "Point", "coordinates": [73.90148066521434, 18.459756716490308]}, "properties": {"lst": 33.97, "ndvi": 0.212, "ndbi": -0.008, "risk": "High", "heat_zone": 2, "color": "#e67e22", "city": "Pune"}}, {"type": "Feature", "geometry": {"type": "Point", "coordinates": [73.81338425894207, 18.58304976691901]}, "properties": {"lst": 34.41, "ndvi": 0.167, "ndbi": 0.069, "risk": "Critical", "heat_zone": 3, "color": "#e74c3c", "city": "Pune"}}, {"type": "Feature", "geometry": {"type": "Point", "coordinates": [73.9447827431079, 18.55614685058966]}, "properties": {"lst": 31.65, "ndvi": 0.625, "ndbi": -0.242, "risk": "Low", "heat_zone": 0, "color": "#2ecc71", "city": "Pune"}}, {"type": "Feature", "geometry": {"type": "Point", "coordinates": [73.76163822704223, 18.51999818316282]}, "properties": {"lst": 36.77, "ndvi": 0.269, "ndbi": 0.091, "risk": "Critical", "heat_zone": 3, "color": "#e74c3c", "city": "Pune"}}, {"type": "Feature", "geometry": {"type": "Point", "coordinates": [73.86186115186992, 18.53195165687728]}, "properties": {"lst": 26.89, "ndvi": 0.09, "ndbi": -0.369, "risk": "High", "heat_zone": 2, "color": "#e67e22", "city": "Pune"}}, {"type": "Feature", "geometry": {"type": "Point", "coordinates": [73.89013258362155, 18.490931795537787]}, "properties": {"lst": 33.02, "ndvi": 0.302, "ndbi": 0.15, "risk": "High", "heat_zone": 2, "color": "#e67e22", "city": "Pune"}}, {"type": "Feature", "geometry": {"type": "Point", "coordinates": [73.79320463267177, 18.45503930991864]}, "properties": {"lst": 35.12, "ndvi": 0.106, "ndbi": 0.041, "risk": "Critical", "heat_zone": 3, "color": "#e74c3c", "city": "Pune"}}, {"type": "Feature", "geometry": {"type": "Point", "coordinates": [73.86512988204605, 18.589249102537128]}, "properties": {"lst": 36.66, "ndvi": 0.429, "ndbi": 0.029, "risk": "Moderate", "heat_zone": 1, "color": "#f1c40f", "city": "Pune"}}, {"type": "Feature", "geometry": {"type": "Point", "coordinates": [73.81460219988729, 18.469329836710187]}, "properties": {"lst": 33.78, "ndvi": 0.491, "ndbi": -0.159, "risk": "Moderate", "heat_zone": 1, "color": "#f1c40f", "city": "Pune"}}, {"type": "Feature", "geometry": {"type": "Point", "coordinates": [73.87571233563229, 18.56560054330661]}, "properties": {"lst": 34.25, "ndvi": 0.42, "ndbi": -0.016, "risk": "Moderate", "heat_zone": 1, "color": "#f1c40f", "city": "Pune"}}, {"type": "Feature", "geometry": {"type": "Point", "coordinates": [73.83501916876631, 18.61497908803213]}, "properties": {"lst": 39.02, "ndvi": 0.226, "ndbi": 0.019, "risk": "Critical", "heat_zone": 3, "color": "#e74c3c", "city": "Pune"}}, {"type": "Feature", "geometry": {"type": "Point", "coordinates": [73.77412030491504, 18.606825913604894]}, "properties": {"lst": 35.01, "ndvi": 0.142, "ndbi": 0.072, "risk": "Critical", "heat_zone": 3, "color": "#e74c3c", "city": "Pune"}}, {"type": "Feature", "geometry": {"type": "Point", "coordinates": [73.76657066328187, 18.460179884517483]}, "properties": {"lst": 34.07, "ndvi": 0.347, "ndbi": 0.09, "risk": "High", "heat_zone": 2, "color": "#e67e22", "city": "Pune"}}, {"type": "Feature", "geometry": {"type": "Point", "coordinates": [73.94294630861023, 18.486042007746395]}, "properties": {"lst": 32.46, "ndvi": 0.215, "ndbi": -0.006, "risk": "High", "heat_zone": 2, "color": "#e67e22", "city": "Pune"}}, {"type": "Feature", "geometry": {"type": "Point", "coordinates": [73.86614166136631, 18.561794515531854]}, "properties": {"lst": 32.7, "ndvi": 0.714, "ndbi": -0.305, "risk": "Low", "heat_zone": 0, "color": "#2ecc71", "city": "Pune"}}, {"type": "Feature", "geometry": {"type": "Point", "coordinates": [73.88264480525548, 18.46369907615096]}, "properties": {"lst": 35.6, "ndvi": 0.133, "ndbi": 0.053, "risk": "Critical", "heat_zone": 3, "color": "#e74c3c", "city": "Pune"}}, {"type": "Feature", "geometry": {"type": "Point", "coordinates": [73.91085158148398, 18.560856759777657]}, "properties": {"lst": 32.86, "ndvi": 0.153, "ndbi": 0.099, "risk": "High", "heat_zone": 2, "color": "#e67e22", "city": "Pune"}}, {"type": "Feature", "geometry": {"type": "Point", "coordinates": [73.75058382571619, 18.520387975395547]}, "properties": {"lst": 35.84, "ndvi": 0.229, "ndbi": 0.036, "risk": "Critical", "heat_zone": 3, "color": "#e74c3c", "city": "Pune"}}, {"type": "Feature", "geometry": {"type": "Point", "coordinates": [73.81674213360326, 18.506375069435176]}, "properties": {"lst": 29.94, "ndvi": 0.427, "ndbi": -0.118, "risk": "Moderate", "heat_zone": 1, "color": "#f1c40f", "city": "Pune"}}, {"type": "Feature", "geometry": {"type": "Point", "coordinates": [73.91134836886916, 18.52851065846597]}, "properties": {"lst": 33.02, "ndvi": 0.61, "ndbi": -0.246, "risk": "Low", "heat_zone": 0, "color": "#2ecc71", "city": "Pune"}}, {"type": "Feature", "geometry": {"type": "Point", "coordinates": [73.88358317609303, 18.57743120666928]}, "properties": {"lst": 30.81, "ndvi": 0.313, "ndbi": -0.052, "risk": "High", "heat_zone": 2, "color": "#e67e22", "city": "Pune"}}, {"type": "Feature", "geometry": {"type": "Point", "coordinates": [73.91589835930097, 18.500731868110087]}, "properties": {"lst": 37.02, "ndvi": 0.409, "ndbi": -0.021, "risk": "Moderate", "heat_zone": 1, "color": "#f1c40f", "city": "Pune"}}, {"type": "Feature", "geometry": {"type": "Point", "coordinates": [73.82797129470349, 18.506067059623756]}, "properties": {"lst": 33.7, "ndvi": 0.287, "ndbi": -0.028, "risk": "High", "heat_zone": 2, "color": "#e67e22", "city": "Pune"}}, {"type": "Feature", "geometry": {"type": "Point", "coordinates": [73.94330913213436, 18.59851290786371]}, "properties": {"lst": 36.12, "ndvi": 0.294, "ndbi": -0.027, "risk": "Critical", "heat_zone": 3, "color": "#e74c3c", "city": "Pune"}}, {"type": "Feature", "geometry": {"type": "Point", "coordinates": [73.82547529113691, 18.506643217740383]}, "properties": {"lst": 35.34, "ndvi": 0.336, "ndbi": -0.009, "risk": "High", "heat_zone": 2, "color": "#e67e22", "city": "Pune"}}, {"type": "Feature", "geometry": {"type": "Point", "coordinates": [73.83462059700618, 18.531191532284584]}, "properties": {"lst": 30.03, "ndvi": 0.466, "ndbi": -0.134, "risk": "Moderate", "heat_zone": 1, "color": "#f1c40f", "city": "Pune"}}, {"type": "Feature", "geometry": {"type": "Point", "coordinates": [73.93607018763286, 18.599394883242976]}, "properties": {"lst": 36.09, "ndvi": 0.207, "ndbi": 0.058, "risk": "Critical", "heat_zone": 3, "color": "#e74c3c", "city": "Pune"}}, {"type": "Feature", "geometry": {"type": "Point", "coordinates": [73.77383642897757, 18.586488162585024]}, "properties": {"lst": 35.39, "ndvi": 0.491, "ndbi": -0.106, "risk": "Moderate", "heat_zone": 1, "color": "#f1c40f", "city": "Pune"}}, {"type": "Feature", "geometry": {"type": "Point", "coordinates": [73.9057995281243, 18.60240989379104]}, "properties": {"lst": 34.06, "ndvi": 0.163, "ndbi": 0.019, "risk": "High", "heat_zone": 2, "color": "#e67e22", "city": "Pune"}}, {"type": "Feature", "geometry": {"type": "Point", "coordinates": [73.89078290166542, 18.623775865745664]}, "properties": {"lst": 37.03, "ndvi": 0.335, "ndbi": 0.053, "risk": "Critical", "heat_zone": 3, "color": "#e74c3c", "city": "Pune"}}, {"type": "Feature", "geometry": {"type": "Point", "coordinates": [73.90341518608358, 18.644026713746623]}, "properties": {"lst": 31.75, "ndvi": 0.469, "ndbi": -0.157, "risk": "Moderate", "heat_zone": 1, "color": "#f1c40f", "city": "Pune"}}, {"type": "Feature", "geometry": {"type": "Point", "coordinates": [73.92025098064964, 18.515388774995653]}, "properties": {"lst": 32.32, "ndvi": 0.378, "ndbi": -0.077, "risk": "Moderate", "heat_zone": 1, "color": "#f1c40f", "city": "Pune"}}, {"type": "Feature", "geometry": {"type": "Point", "coordinates": [73.90315015954867, 18.56056891719446]}, "properties": {"lst": 34.47, "ndvi": 0.342, "ndbi": 0.048, "risk": "High", "heat_zone": 2, "color": "#e67e22", "city": "Pune"}}, {"type": "Feature", "geometry": {"type": "Point", "coordinates": [73.90668025360623, 18.472681114081503]}, "properties": {"lst": 35.62, "ndvi": 0.356, "ndbi": -0.004, "risk": "High", "heat_zone": 2, "color": "#e67e22", "city": "Pune"}}, {"type": "Feature", "geometry": {"type": "Point", "coordinates": [73.93052691051821, 18.59799017448994]}, "properties": {"lst": 35.17, "ndvi": 0.124, "ndbi": 0.008, "risk": "Critical", "heat_zone": 3, "color": "#e74c3c", "city": "Pune"}}, {"type": "Feature", "geometry": {"type": "Point", "coordinates": [73.77498055625033, 18.497271433117767]}, "properties": {"lst": 30.38, "ndvi": 0.469, "ndbi": -0.013, "risk": "Moderate", "heat_zone": 1, "color": "#f1c40f", "city": "Pune"}}, {"type": "Feature", "geometry": {"type": "Point", "coordinates": [73.79423047389324, 18.607384651189957]}, "properties": {"lst": 33.79, "ndvi": 0.276, "ndbi": 0.001, "risk": "High", "heat_zone": 2, "color": "#e67e22", "city": "Pune"}}, {"type": "Feature", "geometry": {"type": "Point", "coordinates": [73.91840128727439, 18.505515521795125]}, "properties": {"lst": 35.7, "ndvi": 0.183, "ndbi": 0.026, "risk": "Critical", "heat_zone": 3, "color": "#e74c3c", "city": "Pune"}}, {"type": "Feature", "geometry": {"type": "Point", "coordinates": [73.79651338387579, 18.450048420153134]}, "properties": {"lst": 34.56, "ndvi": 0.243, "ndbi": 0.025, "risk": "High", "heat_zone": 2, "color": "#e67e22", "city": "Pune"}}, {"type": "Feature", "geometry": {"type": "Point", "coordinates": [73.93263631938002, 18.53620705057165]}, "properties": {"lst": 27.53, "ndvi": -0.041, "ndbi": -0.259, "risk": "High", "heat_zone": 2, "color": "#e67e22", "city": "Pune"}}, {"type": "Feature", "geometry": {"type": "Point", "coordinates": [73.85013987952905, 18.49496276690534]}, "properties": {"lst": 34.77, "ndvi": 0.176, "ndbi": 0.048, "risk": "Critical", "heat_zone": 3, "color": "#e74c3c", "city": "Pune"}}, {"type": "Feature", "geometry": {"type": "Point", "coordinates": [73.82712487933809, 18.453637269667265]}, "properties": {"lst": 35.81, "ndvi": 0.15, "ndbi": 0.009, "risk": "Critical", "heat_zone": 3, "color": "#e74c3c", "city": "Pune"}}, {"type": "Feature", "geometry": {"type": "Point", "coordinates": [73.86555108395568, 18.53429438195048]}, "properties": {"lst": 28.42, "ndvi": 0.658, "ndbi": -0.349, "risk": "Low", "heat_zone": 0, "color": "#2ecc71", "city": "Pune"}}, {"type": "Feature", "geometry": {"type": "Point", "coordinates": [73.93581729188914, 18.572756235680902]}, "properties": {"lst": 38.42, "ndvi": 0.228, "ndbi": 0.089, "risk": "Critical", "heat_zone": 3, "color": "#e74c3c", "city": "Pune"}}, {"type": "Feature", "geometry": {"type": "Point", "coordinates": [73.81642339252362, 18.57662159081468]}, "properties": {"lst": 37.21, "ndvi": 0.229, "ndbi": 0.069, "risk": "Critical", "heat_zone": 3, "color": "#e74c3c", "city": "Pune"}}, {"type": "Feature", "geometry": {"type": "Point", "coordinates": [73.84859211646572, 18.58772287457464]}, "properties": {"lst": 30.09, "ndvi": 0.558, "ndbi": -0.121, "risk": "Low", "heat_zone": 0, "color": "#2ecc71", "city": "Pune"}}, {"type": "Feature", "geometry": {"type": "Point", "coordinates": [73.9174232067653, 18.63437585824254]}, "properties": {"lst": 34.02, "ndvi": 0.457, "ndbi": -0.089, "risk": "Moderate", "heat_zone": 1, "color": "#f1c40f", "city": "Pune"}}, {"type": "Feature", "geometry": {"type": "Point", "coordinates": [73.79154294162545, 18.504701430572965]}, "properties": {"lst": 34.99, "ndvi": 0.314, "ndbi": 0.095, "risk": "Critical", "heat_zone": 3, "color": "#e74c3c", "city": "Pune"}}, {"type": "Feature", "geometry": {"type": "Point", "coordinates": [73.93118851624837, 18.548047995103943]}, "properties": {"lst": 36.39, "ndvi": 0.188, "ndbi": 0.011, "risk": "Critical", "heat_zone": 3, "color": "#e74c3c", "city": "Pune"}}, {"type": "Feature", "geometry": {"type": "Point", "coordinates": [73.84973197716859, 18.492215855878303]}, "properties": {"lst": 33.59, "ndvi": 0.302, "ndbi": -0.04, "risk": "High", "heat_zone": 2, "color": "#e67e22", "city": "Pune"}}]}